plate,status,entry_time,exit_time,duration_minutes,fee,payment_method,entry_camera,exit_camera,user_name,session_uuid
۶۲س۷۵۵-۲۷,completed,2026-07-30T15:44:40.524269+00:00,2026-07-30T15:46:42.050468+00:00,2,0,wallet,entry,exit,ME PA,a498aa48-589c-40b8-91bb-46e6f14fbba9
۸۸ی۴۳۴-۱۷,waived,2026-07-29T15:00:08.256936+00:00,2026-07-29T19:06:06.203728+00:00,245,0,waived,entry,,,b611f0a9-ae3e-4631-aa2a-918eee71dbec
۸۲د۴۸۶-۱۲,waived,2026-07-29T14:59:18.935747+00:00,2026-07-29T19:06:06.203728+00:00,246,0,waived,entry,,,075c834d-5c3e-40a9-8421-71e7e1efc587
۸۲و۳۸۴-۱۷,waived,2026-07-29T14:59:14.182410+00:00,2026-07-29T19:06:06.203728+00:00,246,0,waived,entry,,,bbdfb6e5-5f55-4e3a-82aa-3ed9f34ef175
۳۴ه۷۷۳-۱۷,waived,2026-07-29T14:56:55.401165+00:00,2026-07-29T15:00:34.502707+00:00,3,0,waived,entry,exit,,0ee016f3-7a58-4e17-867d-9672016bd3c1
۸۸ی۴۲۴-۱۲,waived,2026-07-29T14:56:10.546814+00:00,2026-07-29T19:06:06.203728+00:00,249,0,waived,entry,,,690e7990-aaa3-49b5-b396-8a5aa87bfa5e
۷۱ل۶۷۶-۱۷,waived,2026-07-29T14:48:24.636119+00:00,2026-07-29T19:06:06.203728+00:00,257,0,waived,entry,,,1ec7c197-3fac-4870-bae0-fe02b77b1abe
۶۲ن۲۴۴-۱۷,waived,2026-07-29T14:32:48.549542+00:00,2026-07-29T19:06:06.203728+00:00,273,0,waived,entry,,,667a347a-5451-467d-8a56-75f26d98e5fe
۴۹ل۱۵۳-۱۷,waived,2026-07-29T14:26:56.906716+00:00,2026-07-29T19:06:06.203728+00:00,279,0,waived,entry,,,e2a33763-9e1e-485b-9a9d-cfa1cab82ef9
۵۸م۹۳۶-۱۷,waived,2026-07-29T14:22:06.194965+00:00,2026-07-29T14:27:51.133166+00:00,5,0,waived,entry,exit,,0aa5c624-3479-4af6-9961-653f9708b003
۲۲ب۳۴۵-۱۷,waived,2026-07-29T14:21:24.560699+00:00,2026-07-29T19:06:06.203728+00:00,284,0,waived,entry,,,d1fe16a3-db06-4b10-b81c-ea5235aaad1a
۴۷د۷۹۵-۱۷,waived,2026-07-29T14:13:26.056380+00:00,2026-07-29T19:06:06.203728+00:00,292,0,waived,entry,,,5f40eadd-030f-4253-910d-5718b6c5ad83
۷۴ه۸۶۱-۱۷,waived,2026-07-29T14:10:19.227059+00:00,2026-07-29T19:06:06.203728+00:00,295,0,waived,entry,,,a064923a-f355-4146-a96e-3b724d24c628
۹۷و۲۳۳-۱۷,waived,2026-07-29T14:07:55.485886+00:00,2026-07-29T19:06:06.203728+00:00,298,0,waived,entry,,,8fe24aa8-94d1-47a2-b8da-4e8773ee25cb
۳۷م۶۴۶-۱۷,waived,2026-07-29T13:47:25.804963+00:00,2026-07-29T19:06:06.203728+00:00,318,0,waived,entry,,,9ba93d4c-06d5-44d6-83f0-7bedc6d36395
۳۷م۶۴۶-۱۷,waived,2026-07-29T13:43:17.754137+00:00,2026-07-29T19:06:06.203728+00:00,322,0,waived,entry,,,c85f4709-b07d-4d3c-9251-a8b1f2618c00
۱۵ج۲۷۹-۱۷,waived,2026-07-29T13:41:26.861389+00:00,2026-07-29T19:06:06.203728+00:00,324,0,waived,entry,,,c952bc46-3a70-4f51-9edf-4bf882197465
۳۲ص۲۶۱-۱۷,waived,2026-07-29T13:40:53.885773+00:00,2026-07-29T13:45:39.963272+00:00,4,0,waived,entry,exit,,2ef0fd51-7ace-468e-afe1-d8d3d47b521b
۹۵س۲۱۱-۲۷,waived,2026-07-29T13:31:05.400620+00:00,2026-07-29T19:06:06.203728+00:00,335,0,waived,entry,,,7453a75e-10e7-4cae-917a-c731ed52147e
۱۵س۲۸۱-۲۷,waived,2026-07-29T13:30:58.621541+00:00,2026-07-29T13:35:31.768059+00:00,4,0,waived,entry,exit,,769d3adc-f34a-4f02-b4c3-b405a64acd43
۸۸ج۳۷۵-۱۷,waived,2026-07-29T13:22:30.339513+00:00,2026-07-29T19:06:06.203728+00:00,343,0,waived,entry,,,a3f51f85-fd1e-4b7c-a681-71429bd5782c
۳۳ص۷۲۷-۱۷,waived,2026-07-29T13:15:18.010574+00:00,2026-07-29T13:21:49.126710+00:00,6,0,waived,entry,exit,,01c8edc8-301a-4f9f-bec1-a46fd6f956c4
۵۲د۵۴۲-۱۷,waived,2026-07-29T13:12:52.426352+00:00,2026-07-29T14:05:01.380354+00:00,52,35000,waived,entry,exit,,3ef298c0-c860-47c6-bee2-ff55110fff42
۵۳س۲۸۶-۱۷,waived,2026-07-29T13:08:56.920307+00:00,2026-07-29T19:06:06.203728+00:00,357,0,waived,entry,,,d04172bf-3b7a-416e-b8cb-25183e899203
۲۵ی۹۲۶-۱۷,waived,2026-07-29T13:03:57.433546+00:00,2026-07-29T13:10:27.603899+00:00,6,0,waived,entry,exit,,196f6e2c-ec2d-41e8-a86f-c9d7db5fe634
۷۱و۳۸۱-۱۷,waived,2026-07-29T12:47:27.013126+00:00,2026-07-29T12:57:34.257326+00:00,10,0,waived,entry,exit,,46a64411-da5c-41f9-b77e-9ec4f80d9b5d
۲۸ن۵۷۲-۱۷,waived,2026-07-29T12:42:24.603586+00:00,2026-07-29T19:06:06.203728+00:00,383,0,waived,entry,,,5f01c98c-a546-4ed7-9c90-c09bb88f8097
۷۲ی۹۳۴-۱۷,waived,2026-07-29T12:39:14.548966+00:00,2026-07-29T12:49:13.884966+00:00,9,0,waived,entry,exit,,81146727-59cc-47c0-94f3-4aeabdef03a5
۳۵ب۵۹۷-۱۷,waived,2026-07-29T12:35:52.282833+00:00,2026-07-29T19:06:06.203728+00:00,390,0,waived,entry,,,0dd96bc8-a6bd-423f-988f-88bc2ddca6ef
۲۵ن۵۶۸-۳۷,waived,2026-07-29T12:32:32.969618+00:00,2026-07-29T12:43:04.004575+00:00,10,0,waived,entry,exit,,146bb196-1dc3-411c-8ac5-828e69880dbe
۵۳س۲۸۶-۱۷,waived,2026-07-29T12:20:27.319113+00:00,2026-07-29T19:06:06.203728+00:00,405,0,waived,entry,,,a2a2c38d-86a9-4bca-b063-b3e98b71099c
۹۹م۹۷۵-۱۷,waived,2026-07-29T12:19:47.822260+00:00,2026-07-29T12:33:40.071542+00:00,13,2500,waived,entry,exit,,dc6492d6-7162-45b0-a0f3-54a9d91340a5
۹۹۹۷۵-۹۷,waived,2026-07-29T12:19:45.463360+00:00,2026-07-29T19:06:06.203728+00:00,406,0,waived,entry,,,073ca0bb-ffa5-4042-ad55-8f849fed55d0
۸۵ب۱۱۸-۱۷,waived,2026-07-29T12:18:47.793489+00:00,2026-07-29T12:22:30.312682+00:00,3,0,waived,entry,exit,,b120ab27-42e0-4f8f-9912-746ec72e26ac
۹۴ب۹۵۶-۲۷,waived,2026-07-29T12:18:10.582333+00:00,2026-07-29T12:41:29.348663+00:00,23,10833,waived,entry,exit,,03938135-bc63-433e-9941-b3d15d169f18
۲۵ی۳۹۴-۱۷,waived,2026-07-29T12:14:31.300530+00:00,2026-07-29T19:06:06.203728+00:00,411,0,waived,entry,,,652f1ea6-6634-4f8c-9293-56db799654c1
۴۲ص۷۸۸-۱۷,waived,2026-07-29T12:11:09.416407+00:00,2026-07-29T19:06:06.203728+00:00,414,0,waived,entry,,,a7257d89-ae4d-42c9-999d-482d915572ab
۹۲د۹۱۹-۱۷,waived,2026-07-29T11:58:58.038679+00:00,2026-07-29T19:06:06.203728+00:00,427,0,waived,entry,,,e29e9753-5e9e-4382-83d4-2c57871f3cbb
۹۲د۹۱۹-۱۷,waived,2026-07-29T11:54:42.728543+00:00,2026-07-29T19:06:06.203728+00:00,431,0,waived,entry,,,7712e61d-94b9-4733-9180-e5d12f2329dd
۳۳م۳۲۲-۱۷,waived,2026-07-29T11:44:09.309184+00:00,2026-07-29T19:06:06.203728+00:00,441,0,waived,entry,,,cc412849-5cc4-4e12-b092-f6c40fc79175
۶۲و۶۴۲-۱۷,waived,2026-07-29T11:38:18.283603+00:00,2026-07-29T19:06:06.203728+00:00,447,0,waived,entry,,,ccd76f1c-7210-4804-8603-cb6f60d14462
۷۹ل۶۸۴-۲۷,waived,2026-07-29T11:30:27.808177+00:00,2026-07-29T12:05:12.084274+00:00,34,20000,waived,entry,exit,,d6dc02ba-952b-4329-b91e-8103d944b69f
۹۹ی۶۶۲-۱۷,waived,2026-07-29T11:23:08.192795+00:00,2026-07-29T11:28:03.266514+00:00,4,0,waived,entry,exit,,601d5d5f-4db7-42d3-9237-6a1eb1d2a556
۹۳و۲۲۵-۱۷,waived,2026-07-29T11:20:56.601623+00:00,2026-07-29T19:06:06.203728+00:00,465,0,waived,entry,,,535e4d72-d732-4786-99f6-a8ebbbbaa930
۲۱ج۷۱۷-۱۷,waived,2026-07-29T11:18:17.258898+00:00,2026-07-29T19:06:06.203728+00:00,467,0,waived,entry,,,b67cc3d4-311c-41fa-a76a-c547882bd34b
۶۲و۱۶۵-۱۷,waived,2026-07-29T11:17:52.941018+00:00,2026-07-29T13:34:51.465600+00:00,136,105000,waived,entry,exit,,8e39d7d1-e82a-4f12-88ec-92b86f43e94c
۲۵س۴۹۴-۱۷,waived,2026-07-29T11:12:44.316987+00:00,2026-07-29T19:06:06.203728+00:00,473,0,waived,entry,,,7cc36e8b-8b48-4b3a-8c2b-8a693e234006
۴۸م۱۵۳-۱۷,waived,2026-07-29T11:03:50.123785+00:00,2026-07-29T11:35:07.874846+00:00,31,17500,waived,entry,exit,,d5f8a236-a88b-41ba-9c57-a162cf202cd0
۴۸م۱۵۳-۱۷,waived,2026-07-29T10:59:49.389964+00:00,2026-07-29T19:06:06.203728+00:00,486,0,waived,entry,,,e2d17d83-7d4f-454b-bada-3c2d1859fed0
۴۸م۱۵۳-۱۷,waived,2026-07-29T10:55:47.473767+00:00,2026-07-29T19:06:06.203728+00:00,490,0,waived,entry,,,1664b7f3-018f-4607-836c-d97203ef8e15
۶۵م۱۶۹-۱۷,waived,2026-07-29T10:54:52.530646+00:00,2026-07-29T19:06:06.203728+00:00,491,0,waived,entry,,,182e926f-a23c-41b6-b8a8-f3132d12997e
۷۵ی۴۷۱-۱۷,waived,2026-07-29T10:52:19.399003+00:00,2026-07-29T19:06:06.203728+00:00,493,0,waived,entry,,,2b7f1692-62a9-49ac-95dd-3ef793e61db8
۸۵و۳۶۳-۱۷,waived,2026-07-29T10:51:37.539637+00:00,2026-07-29T10:53:46.405591+00:00,2,0,waived,entry,exit,,0e2204ca-afe6-4faf-9744-bb0e1b65723a
۹۲ل۹۷۸-۱۷,waived,2026-07-29T10:51:13.368172+00:00,2026-07-29T19:06:06.203728+00:00,494,0,waived,entry,,,5d09aff1-0f35-4cdd-9d21-e1afe5f39239
۸۲ق۴۸۵-۹۲,waived,2026-07-29T10:50:17.854113+00:00,2026-07-29T19:06:06.203728+00:00,495,0,waived,entry,,,309c9502-793f-49e5-8b27-7c70e3ee9ac4
۶۵م۱۶۹-۱۷,waived,2026-07-29T10:49:31.331306+00:00,2026-07-29T19:06:06.203728+00:00,496,0,waived,entry,,,44e53a18-557c-484c-b167-e3afba696c84
۹۳ج۷۱۲-۱۷,waived,2026-07-29T10:44:19.443982+00:00,2026-07-29T19:06:06.203728+00:00,501,0,waived,entry,,,8d29e825-2035-465b-8de9-14b2cd84b7fd
۷۸ی۲۸۳-۱۷,waived,2026-07-29T10:43:22.367178+00:00,2026-07-29T11:34:16.796088+00:00,50,33333,waived,entry,exit,,9e24fe4a-156f-42aa-a46f-5711a4b6bcdd
۴۷د۸۱۹-۱۷,waived,2026-07-29T10:42:54.053871+00:00,2026-07-29T19:06:06.203728+00:00,503,0,waived,entry,,,90d42ac0-3266-4695-a458-8062cdc91e8d
۵۲س۴۳۳-۱۷,waived,2026-07-29T10:41:28.419130+00:00,2026-07-29T19:06:06.203728+00:00,504,0,waived,entry,,,64e8e1d9-3b8e-42f0-933d-80f222168942
۴۱س۹۱۲-۱۷,waived,2026-07-29T10:38:40.229011+00:00,2026-07-29T19:06:06.203728+00:00,507,0,waived,entry,,,f16b164d-e4bc-4215-ba23-64a8a7377b81
۱۵ی۷۲۹-۱۷,waived,2026-07-29T10:38:35.916022+00:00,2026-07-29T19:06:06.203728+00:00,507,0,waived,entry,,,30f4cfc8-38b9-41bc-a900-41743669f9b6
۵۹ب۵۳۹-۱۷,waived,2026-07-29T10:38:22.231574+00:00,2026-07-29T19:06:06.203728+00:00,507,0,waived,entry,,,1bf124c9-8920-4f75-99b9-11d4d8d2fe74
۱۴د۳۷۱-۱۷,waived,2026-07-29T10:38:11.548295+00:00,2026-07-29T19:06:06.203728+00:00,507,0,waived,entry,,,683cf40b-fcb4-49a9-9a3b-9b7086e891cf
۲۵ی۹۲۶-۱۷,waived,2026-07-29T10:33:46.361661+00:00,2026-07-29T12:15:31.536715+00:00,101,75833,waived,entry,exit,,2cb49098-ab7b-4663-b42d-9971c20cdc70
۷۶س۶۴۳-۲۷,waived,2026-07-29T10:31:40.406837+00:00,2026-07-29T10:37:26.936755+00:00,5,0,waived,entry,exit,,16566680-ba10-440a-aff1-a5dd6b0c8a0f
۳۷ی۶۵۶-۱۷,waived,2026-07-29T10:31:07.482719+00:00,2026-07-29T19:06:06.203728+00:00,514,0,waived,entry,,,6459d8aa-0d82-4a1a-99d8-11dd3bc61ac6
۶۲م۸۳۱-۱۷,waived,2026-07-29T10:29:25.625751+00:00,2026-07-29T19:06:06.203728+00:00,516,0,waived,entry,,,14f6f9a1-a934-49cb-85ac-2eaed9c0932a
۹۷و۲۵۱-۱۷,waived,2026-07-29T10:29:10.282904+00:00,2026-07-29T10:34:08.308650+00:00,4,0,waived,entry,exit,,21eff22e-45d3-4409-b15c-9e9099459532
۳۶د۹۵۳-۱۲,waived,2026-07-29T10:28:52.430317+00:00,2026-07-29T19:06:06.203728+00:00,517,0,waived,entry,,,8af8245f-ec01-43a7-94c5-4bca4a385279
۳۶۹۵۳-۱۷,waived,2026-07-29T10:28:50.114140+00:00,2026-07-29T19:06:06.203728+00:00,517,0,waived,entry,,,ab7971ab-e11a-4409-b211-f9f9c66e03b1
۳۷ص۶۲۴-۱۷,waived,2026-07-29T10:26:56.464210+00:00,2026-07-29T11:29:19.409888+00:00,62,43333,waived,entry,exit,,dbe7b0c0-88ee-4ed1-9e35-69f283f0ba89
۳۲ه۸۶۴-۱۷,waived,2026-07-29T10:24:23.297845+00:00,2026-07-29T19:06:06.203728+00:00,521,0,waived,entry,,,f1bee91a-a854-4ad4-8945-074b838bda74
۹۴ل۶۲۶-۵۳,waived,2026-07-29T10:24:05.891093+00:00,2026-07-29T19:06:06.203728+00:00,522,0,waived,entry,,,33d40e45-73a4-435d-ad82-6a85b4f6de56
۵۶و۳۴۳-۱۷,waived,2026-07-29T10:19:28.479974+00:00,2026-07-29T10:46:00.274658+00:00,26,13333,waived,entry,exit,,0e0b82da-e097-456b-8a3b-6d7cc1f1e371
۲۴ه۶۳۸-۱۷,waived,2026-07-29T10:15:42.770090+00:00,2026-07-29T19:06:06.203728+00:00,530,0,waived,entry,,,7840a163-d12a-4406-b0b5-a7d285b8b940
۲۴ه۶۴۸-۱۷,waived,2026-07-29T10:13:34.036843+00:00,2026-07-29T19:06:06.203728+00:00,532,0,waived,entry,,,6db663d9-5c43-429b-93aa-1c8918384df8
۸۱ب۶۳۹-۱۷,waived,2026-07-29T10:13:10.476963+00:00,2026-07-29T19:06:06.203728+00:00,532,0,waived,entry,,,a03633ce-80c5-4c8c-b193-ab5460ddb532
۳۴ه۶۴۸-۱۷,waived,2026-07-29T10:13:01.880755+00:00,2026-07-29T19:06:06.203728+00:00,533,0,waived,entry,,,c356add9-51cb-4fbc-b3b7-021d452c8d95
۲۸م۸۸۳-۲۳,waived,2026-07-29T10:12:10.700219+00:00,2026-07-29T10:34:22.723272+00:00,22,10000,waived,entry,exit,,d5aa4c5f-dab0-4627-b1d8-976e269251bd
۲۴ه۶۴۸-۱۷,waived,2026-07-29T10:11:19.894433+00:00,2026-07-29T19:06:06.203728+00:00,534,0,waived,entry,,,6536aadb-314e-405b-b05e-a6515046def6
۴۱م۹۴۳-۱۷,waived,2026-07-29T10:10:58.001247+00:00,2026-07-29T19:06:06.203728+00:00,535,0,waived,entry,,,43dd81f5-0fd9-483b-b169-ac91551d0916
۸۴ه۶۴۸-۱۷,waived,2026-07-29T10:10:28.105665+00:00,2026-07-29T19:06:06.203728+00:00,535,0,waived,entry,,,e21a83ef-20ce-4bfd-8788-ad4644fd935c
۲۴ه۶۸۷-۱۷,waived,2026-07-29T10:09:29.289646+00:00,2026-07-29T19:06:06.203728+00:00,536,0,waived,entry,,,e710f179-e102-4171-9459-fe40c2f2f4cd
۳۴ه۶۴۸-۱۷,waived,2026-07-29T10:08:19.550910+00:00,2026-07-29T19:06:06.203728+00:00,537,0,waived,entry,,,0ae2d334-99ef-4dc3-b4ae-9ad16c0b2bb9
۲۴ه۶۴۸-۱۷,waived,2026-07-29T10:07:11.173968+00:00,2026-07-29T19:06:06.203728+00:00,538,0,waived,entry,,,b7055126-e84a-4910-9fab-147870189c77
۷۴ه۶۴۸-۱۷,waived,2026-07-29T10:07:01.461003+00:00,2026-07-29T19:06:06.203728+00:00,539,0,waived,entry,,,de6a4fdc-41ac-4116-acd1-8fa34d8e9270
۷۶م۲۷۳-۱۷,waived,2026-07-29T10:05:50.570702+00:00,2026-07-29T10:09:57.329008+00:00,4,0,waived,entry,exit,,ddb8a820-f80b-467e-a02b-48ae669cf031
۳۴ه۶۴۸-۱۷,waived,2026-07-29T10:05:40.505560+00:00,2026-07-29T19:06:06.203728+00:00,540,0,waived,entry,,,6d806fd5-1f8b-4de4-86a3-7c24d4049e36
۲۴ه۶۴۸-۱۷,waived,2026-07-29T10:05:00.447874+00:00,2026-07-29T19:06:06.203728+00:00,541,0,waived,entry,,,d1e8e4db-2f08-45db-9228-968e06bea416
۷۱ب۷۱۸-۱۷,waived,2026-07-29T10:04:14.023357+00:00,2026-07-29T19:06:06.203728+00:00,541,0,waived,entry,,,956e4022-8cad-49c8-86f0-e4d059904bfe
۲۱ی۸۹۲-۱۷,waived,2026-07-29T10:03:53.910068+00:00,2026-07-29T10:13:51.807778+00:00,9,0,waived,entry,exit,,2794d212-d006-4453-9459-63e97513174a
۳۴ه۶۴۸-۱۷,waived,2026-07-29T10:03:28.075549+00:00,2026-07-29T19:06:06.203728+00:00,542,0,waived,entry,,,287b252a-9753-48aa-9bf1-585e36a1f75b
۲۴ه۶۸۱-۷۰,waived,2026-07-29T10:03:16.982067+00:00,2026-07-29T19:06:06.203728+00:00,542,0,waived,entry,,,431ff6e7-fe67-4067-9718-484ebd73cc6a
۹۳س۳۹۱-۲۷,waived,2026-07-29T10:01:12.304224+00:00,2026-07-29T10:07:03.678216+00:00,5,0,waived,entry,exit,,a40052b7-e1e6-4fc4-bf42-3234a28595a8
۳۴ه۶۴۸-۱۷,waived,2026-07-29T10:01:05.310163+00:00,2026-07-29T19:06:06.203728+00:00,545,0,waived,entry,,,853f99b6-2a5c-4f3e-84f8-4d8b3332436a
۴۱ص۸۴۷-۱۷,waived,2026-07-29T09:55:14.053820+00:00,2026-07-29T13:54:53.788749+00:00,239,190833,waived,entry,exit,,d905a201-a32c-4617-935e-0fbf20f68a42
۹۲۸۷۷-۱۳,waived,2026-07-29T09:46:01.155634+00:00,2026-07-29T19:06:06.203728+00:00,560,0,waived,entry,,,00d39315-c357-4770-88b8-0898ee033893
۹۳۲۸۷-۷۱,waived,2026-07-29T09:45:56.647535+00:00,2026-07-29T19:06:06.203728+00:00,560,0,waived,entry,,,90ed8875-8a93-4128-b1b5-1b1a6a038b96
۹۲ج۸۷۷-۱۳,waived,2026-07-29T09:45:40.544165+00:00,2026-07-29T19:06:06.203728+00:00,560,0,waived,entry,,,0eac7312-1ed0-45da-9d53-307c351ec313
۹۳۸۷۷-۱۱,waived,2026-07-29T09:45:31.531672+00:00,2026-07-29T19:06:06.203728+00:00,560,0,waived,entry,,,0edd4a42-bfb2-48bb-b1e5-76914751ecdd
۹۳ج۸۷۷-۱۱,waived,2026-07-29T09:45:29.238249+00:00,2026-07-29T19:06:06.203728+00:00,560,0,waived,entry,,,c5fe3af0-cc5e-4838-82dd-64f28162d04a
۴۸ط۸۵۴-۱۸,waived,2026-07-29T09:42:28.689385+00:00,2026-07-29T19:06:06.203728+00:00,563,0,waived,entry,,,343861e2-6163-4cbd-a4ab-0b4d1b3ade6f
۵۸ه۵۳۲-۱۷,waived,2026-07-29T09:35:47.972623+00:00,2026-07-29T19:06:06.203728+00:00,570,0,waived,entry,,,039b6bb2-cb9c-4b8c-8fc8-af88e8190f29
۵۲ن۷۷۷-۱۷,waived,2026-07-29T09:32:45.072855+00:00,2026-07-29T19:06:06.203728+00:00,573,0,waived,entry,,,d46012a8-ba5d-45e0-af6d-a794c4a3a34a
۵۲ن۹۷۱-۱۷,waived,2026-07-29T09:32:31.604097+00:00,2026-07-29T19:06:06.203728+00:00,573,0,waived,entry,,,fb5e123f-6a33-4810-af50-9fa1c874998b
۱۳ه۱۷۶-۱۷,waived,2026-07-29T09:30:55.956990+00:00,2026-07-29T11:41:26.864275+00:00,130,100000,waived,entry,exit,,a58e31be-8c4e-4f34-966c-8bfa2742ee4c
۳۲ی۸۱۵-۱۷,waived,2026-07-29T09:30:33.565383+00:00,2026-07-29T09:38:02.010248+00:00,7,0,waived,entry,exit,,7a720f4c-cf5d-4f95-bb61-6db6a8af58f3
۹۴د۷۱۷-۱۷,waived,2026-07-29T09:30:09.380008+00:00,2026-07-29T19:06:06.203728+00:00,575,0,waived,entry,,,9cb4d054-3caf-4918-b936-de042161bd27
۶۲ه۷۴۸-۱۵,waived,2026-07-29T09:27:44.887685+00:00,2026-07-29T10:11:40.186181+00:00,43,27500,waived,entry,exit,,8a71c2bb-d1ff-4923-a2c9-7a7f1a78ff76
۹۶ج۴۹۳-۱۷,waived,2026-07-29T09:23:53.660096+00:00,2026-07-29T10:06:30.002897+00:00,42,26666,waived,entry,exit,,fb39445e-6747-4e85-a6a5-9da5affa1e64
۶۹س۵۳۱-۱۷,waived,2026-07-29T09:21:53.775083+00:00,2026-07-29T19:06:06.203728+00:00,584,0,waived,entry,,,15849db7-48f3-4e00-b276-bf03529d6c65
۹۴ج۸۸۳-۱۷,waived,2026-07-29T09:19:23.281746+00:00,2026-07-29T19:06:06.203728+00:00,586,0,waived,entry,,,b7b9fad1-6706-4878-b0d3-888ef055c8b3
۹۱ی۳۷۶-۱۷,waived,2026-07-29T09:18:11.497214+00:00,2026-07-29T19:06:06.203728+00:00,587,0,waived,entry,,,8808b71b-39c5-45d9-9721-e2113f9b2124
۳۴د۱۸۹-۱۷,waived,2026-07-29T09:15:13.536720+00:00,2026-07-29T19:06:06.203728+00:00,590,0,waived,entry,,,6082f379-87a5-4536-9d84-ef5fabdaedd5
۶۵ل۹۳۲-۱۷,waived,2026-07-29T09:14:59.996668+00:00,2026-07-29T19:06:06.203728+00:00,591,0,waived,entry,,,0ba2e8c6-d742-4400-a507-d7fe0da5af7d
۲۵ی۹۷۳-۷۷,waived,2026-07-29T09:14:17.922106+00:00,2026-07-29T19:06:06.203728+00:00,591,0,waived,entry,,,ba239af4-8215-4c99-a125-ad797da94c87
۱۸ب۲۲۹-۲۷,waived,2026-07-29T09:14:00.557977+00:00,2026-07-29T19:06:06.203728+00:00,592,0,waived,entry,,,f1fc301a-14ca-484d-a081-70b923ee2abc
۲۵ه۷۸۴-۲۷,waived,2026-07-29T09:13:49.394736+00:00,2026-07-29T09:51:40.700209+00:00,37,22500,waived,entry,exit,,ac2ecbbc-2a7e-4c17-b81f-5491a8d00138
۵۴م۸۴۹-۱۷,waived,2026-07-29T09:13:33.657913+00:00,2026-07-29T19:06:06.203728+00:00,592,0,waived,entry,,,3d6ad7ed-057a-4658-a953-08f7641bc2d0
۷۶ط۹۳۹-۱۷,waived,2026-07-29T09:13:07.457687+00:00,2026-07-29T19:06:06.203728+00:00,592,0,waived,entry,,,9cbb9597-102d-4ffd-88c8-be901f657f66
۴۱م۹۴۳-۱۷,waived,2026-07-29T09:12:52.036608+00:00,2026-07-29T19:06:06.203728+00:00,593,0,waived,entry,,,7a41666c-fd78-4a0c-81c7-4406cd74619e
۴۲۳۵۹-۱۷,waived,2026-07-29T09:12:23.531307+00:00,2026-07-29T19:06:06.203728+00:00,593,0,waived,entry,,,5f1be9e3-b2fb-4bbd-aa93-49dcc5bbfd57
۲۹س۵۳۷-۱۰,waived,2026-07-29T09:12:12.749615+00:00,2026-07-29T12:15:19.673050+00:00,183,144166,waived,entry,exit,,533118f2-8ecb-453e-b24e-131783eca844
۲۵س۴۹۴-۱۷,waived,2026-07-29T09:11:44.017147+00:00,2026-07-29T19:06:06.203728+00:00,594,0,waived,entry,,,17f8c544-3059-4439-8720-319c65c97c55
۴۴س۳۶۳-۱۷,waived,2026-07-29T09:11:23.846522+00:00,2026-07-29T19:06:06.203728+00:00,594,0,waived,entry,,,57751bd8-7afa-4ae0-bc2a-8ec3713877d8
۳۸و۶۱۸-۱۷,waived,2026-07-29T09:11:19.319776+00:00,2026-07-29T19:06:06.203728+00:00,594,0,waived,entry,,,6089945a-77af-45f2-940a-dae632f6c045
۴۷ب۱۶۲-۲۷,waived,2026-07-29T09:10:48.235093+00:00,2026-07-29T19:06:06.203728+00:00,595,0,waived,entry,,,2bfe08c9-c5a1-463a-81ed-300436121655
۹۱ی۳۷۶-۱۷,waived,2026-07-29T09:09:45.085599+00:00,2026-07-29T19:06:06.203728+00:00,596,0,waived,entry,,,78fe571b-3137-4b85-b19b-8ac33414f9fd
۴۸ج۲۱۱-۲۷,waived,2026-07-29T09:05:56.284520+00:00,2026-07-29T11:16:05.366197+00:00,130,100000,waived,entry,exit,,c0611f62-c0a7-43a7-8c20-574a2e31ca1d
۴۸۲۱۱-۲۷,waived,2026-07-29T09:05:54.022586+00:00,2026-07-29T19:06:06.203728+00:00,600,0,waived,entry,,,a4f15a62-6047-4549-a6fc-261e7b9cdd17
۱۳ه۱۷۶-۱۷,waived,2026-07-29T09:05:09.420473+00:00,2026-07-29T19:06:06.203728+00:00,600,0,waived,entry,,,da4f8f35-fda0-4ff4-ba4a-0f665b41f361
۷۲و۴۸۳-۱۷,waived,2026-07-29T09:04:45.149929+00:00,2026-07-29T19:06:06.203728+00:00,601,0,waived,entry,,,74ee4e14-c24c-4f26-8f83-56125414e622
۹۷م۳۴۶-۸۸,waived,2026-07-29T09:00:44.832100+00:00,2026-07-29T10:06:41.202232+00:00,65,45833,waived,entry,exit,,9a7655e2-cdbc-4161-8ff5-ce2d9f6ffcd4
۱۸ب۶۷۴-۵۵,waived,2026-07-29T09:00:14.438090+00:00,2026-07-29T12:32:56.944455+00:00,212,168333,waived,entry,exit,,abb4a812-d428-46d9-9df8-c95cf8253c32
۳۵ب۵۹۷-۱۷,waived,2026-07-29T09:00:02.543258+00:00,2026-07-29T11:11:14.144648+00:00,131,100833,waived,entry,exit,,a1054622-0c80-4cd4-81b1-183d79d70adf
۸۷ی۸۴۵-۱۷,waived,2026-07-29T08:54:58.730579+00:00,2026-07-29T19:06:06.203728+00:00,611,0,waived,entry,,,55760928-f8e6-4c04-b54f-a95b7ba917a3
۷۳ی۴۵۷-۱۷,waived,2026-07-29T08:54:05.931983+00:00,2026-07-29T19:06:06.203728+00:00,612,0,waived,entry,,,c2c715f2-b597-4a55-a403-755ea6e81592
۷۱ب۷۱۸-۱۷,waived,2026-07-29T08:54:01.332575+00:00,2026-07-29T19:06:06.203728+00:00,612,0,waived,entry,,,0e503d17-9780-43ab-92c7-61f540e881ff
۷۴و۷۶۷-۱۷,waived,2026-07-29T08:52:01.532586+00:00,2026-07-29T10:13:24.933229+00:00,81,59166,waived,entry,exit,,d72a97f4-cef1-41d1-a713-6fab520f740f
۷۲ه۴۳۸-۱۷,waived,2026-07-29T08:49:34.560428+00:00,2026-07-29T08:54:22.302270+00:00,4,0,waived,entry,exit,,9a7185bd-8838-4fb8-90de-50bd70a0850c
۵۶ب۵۱۸-۱۷,waived,2026-07-29T08:49:08.251932+00:00,2026-07-29T13:53:28.655637+00:00,304,245000,waived,entry,exit,,9241f77a-71b8-4b94-ac7a-59841ab427bf
۴۴ل۸۸۶-۱۷,waived,2026-07-29T08:47:19.335365+00:00,2026-07-29T12:25:43.301980+00:00,218,173333,waived,entry,exit,,ea258d89-2a09-4b50-a055-225f06fd13ab
۴۲د۷۲۱-۱۷,waived,2026-07-29T08:46:57.178030+00:00,2026-07-29T19:06:06.203728+00:00,619,0,waived,entry,,,90977152-c9b8-45b3-8e4f-df0bf2dc4310
۱۲ق۵۵۶-۳۷,waived,2026-07-29T08:45:38.808615+00:00,2026-07-29T08:53:40.159282+00:00,8,0,waived,entry,exit,,f52e5537-118a-45e4-8317-df1a7c4c02c6
۹۴د۴۸۱-۹۷,waived,2026-07-29T08:42:28.935139+00:00,2026-07-29T19:06:06.203728+00:00,623,0,waived,entry,,,5a90b73e-cef7-4cbe-a6bf-ecaadff3ff41
۸۳م۷۲۴-۲۰,waived,2026-07-29T08:41:22.611898+00:00,2026-07-29T12:04:17.740324+00:00,202,160000,waived,entry,exit,,d4f35f9e-808f-44ae-bffb-7fd849ffa8d1
۸۲م۷۷۴-۲۰,waived,2026-07-29T08:41:20.348517+00:00,2026-07-29T19:06:06.203728+00:00,624,0,waived,entry,,,16618e09-be60-4682-bf09-739047b00660
۷۲س۸۶۳-۱۷,waived,2026-07-29T08:41:04.972797+00:00,2026-07-29T09:40:41.341877+00:00,59,40833,waived,entry,exit,,0f6fd39c-ea9f-4835-9bb7-1336ce20b7ca
۶۸ه۱۳۱-۳۵,waived,2026-07-29T08:40:31.363844+00:00,2026-07-29T09:51:30.068516+00:00,70,50000,waived,entry,exit,,08ddccc8-f720-482e-a3ac-a632e5d3807f
۳۵ه۹۱۸-۱۷,waived,2026-07-29T08:40:15.687741+00:00,2026-07-29T09:01:02.840923+00:00,20,8333,waived,entry,exit,,867aaecc-1b48-4fb1-9a8c-e064aaa9da08
۲۶ب۵۶۳-۲۷,waived,2026-07-29T08:39:02.541616+00:00,2026-07-29T19:06:06.203728+00:00,627,0,waived,entry,,,2f5f7976-fc9a-460a-9ed5-7c550bbf8652
۴۸ط۲۱۵-۱۷,waived,2026-07-29T08:36:56.253400+00:00,2026-07-29T10:09:47.186187+00:00,92,68333,waived,entry,exit,,8a42ee50-0ba6-4bd5-bfa3-1acf819e8881
۸۸ج۳۷۵-۱۷,waived,2026-07-29T08:35:14.408423+00:00,2026-07-29T12:58:21.294362+00:00,263,210833,waived,entry,exit,,0745dcb9-3cc6-4192-8ff8-63da1b4cbf78
۵۳س۲۸۶-۱۷,waived,2026-07-29T08:34:14.683962+00:00,2026-07-29T19:06:06.203728+00:00,631,0,waived,entry,,,b79c374f-634a-497a-bc7c-115d63e1464e
۱۷م۱۷۷-۱۷,waived,2026-07-29T08:33:46.243434+00:00,2026-07-29T09:37:08.295926+00:00,63,44166,waived,entry,exit,,46ad48d8-8172-4646-bb99-8ef8dee29e63
۷۲ب۵۹۳-۱۷,waived,2026-07-29T08:33:39.390258+00:00,2026-07-29T19:06:06.203728+00:00,632,0,waived,entry,,,c3ee85a2-6029-425d-bead-904ef81ac008
۳۲ص۲۲۵-۱۷,waived,2026-07-29T08:33:28.499782+00:00,2026-07-29T19:06:06.203728+00:00,632,0,waived,entry,,,775081d7-40b0-46fb-856c-1fe72e60a4d1
۵۱ی۸۷۵-۱۷,waived,2026-07-29T08:32:51.067276+00:00,2026-07-29T09:09:37.511930+00:00,36,21666,waived,entry,exit,,7de043df-e7bf-4e31-b347-2ca20d46814e
۱۵ج۲۷۹-۱۷,waived,2026-07-29T08:30:45.630707+00:00,2026-07-29T08:40:53.666663+00:00,10,0,waived,entry,exit,,fa88f7e8-a757-4c93-834e-a0b49ba46dce
۳۲ج۸۵۹-۱۷,waived,2026-07-29T08:29:47.880663+00:00,2026-07-29T19:06:06.203728+00:00,636,0,waived,entry,,,e6e58333-394b-41d4-ad02-2dbc31cea875
۵۸ه۹۴۳-۱۷,waived,2026-07-29T08:29:34.681815+00:00,2026-07-29T12:39:27.826030+00:00,249,199166,waived,entry,exit,,d8f37a8e-4ac7-4cf9-a076-b1a82abc007e
۷۹ل۶۸۴-۲۷,waived,2026-07-29T08:28:53.006317+00:00,2026-07-29T08:41:49.637582+00:00,12,1666,waived,entry,exit,,10ef819e-563d-4491-8c05-095218ea4bb6
۳۶و۲۵۵-۲۷,waived,2026-07-29T08:27:16.044202+00:00,2026-07-29T09:24:39.063169+00:00,57,39166,waived,entry,exit,,9fcbd4a0-50f7-4fcf-a237-6e694ac44ba9
۹۶ن۲۷۳-۱۷,waived,2026-07-29T08:26:42.878385+00:00,2026-07-29T09:07:01.624256+00:00,40,25000,waived,entry,exit,,fe749547-fa2b-4d6d-8f44-68dddec6ec65
۴۳ص۴۱۹-۱۷,waived,2026-07-29T08:24:11.522171+00:00,2026-07-29T08:55:27.236789+00:00,31,17500,waived,entry,exit,,edeb840b-d4df-4700-ac3e-10bac4508981
۱۴ط۳۲۷-۱۷,waived,2026-07-29T08:24:06.647358+00:00,2026-07-29T10:34:05.904648+00:00,129,99166,waived,entry,exit,,998b94a0-5ea1-40e7-84b9-37c4b7c33cb9
۱۹۶۸۹-۴۴,waived,2026-07-29T08:24:04.316062+00:00,2026-07-29T09:08:48.073954+00:00,44,28333,waived,entry,exit,,8fdfab76-eadb-45ac-8ab8-43e5301acf8f
۵۸ط۶۲۴-۱۷,waived,2026-07-29T08:23:33.478237+00:00,2026-07-29T19:06:06.203728+00:00,642,0,waived,entry,,,42bbc86a-578f-4d1c-b5d3-0a78692c1e8e
۲۸ط۱۷۷-۱۷,waived,2026-07-29T08:23:13.912815+00:00,2026-07-29T19:06:06.203728+00:00,642,0,waived,entry,,,80c6c690-4f4b-4922-acba-569dab142548
۶۶م۴۴۲-۱۷,waived,2026-07-29T08:23:05.015443+00:00,2026-07-29T09:11:29.646270+00:00,48,31666,waived,entry,exit,,dd47c516-9a00-488f-90c7-d659f3857d3b
۹۷د۷۵۹-۲۷,waived,2026-07-29T08:19:23.702601+00:00,2026-07-29T19:06:06.203728+00:00,646,0,waived,entry,,,f14f8e9d-426c-405c-8eb4-0ff9a6868666
۸۸ب۹۹۴-۱۷,waived,2026-07-29T08:18:14.521612+00:00,2026-07-29T08:35:25.556361+00:00,17,5833,waived,entry,exit,,8d1cd45f-a59a-4136-9e9c-8421a1db988d
۲۹ه۸۶۱-۱۷,waived,2026-07-29T08:17:44.843036+00:00,2026-07-29T09:00:52.921114+00:00,43,27500,waived,entry,exit,,5e339fa2-3d89-4b03-9dfb-a8a8a57395e5
۷۲و۴۸۳-۱۷,waived,2026-07-29T08:13:29.485927+00:00,2026-07-29T19:06:06.203728+00:00,652,0,waived,entry,,,a8e30091-94b2-4b2e-b3ba-faaf4c42a4b7
۵۸م۷۵۳-۱۷,waived,2026-07-29T08:12:06.640866+00:00,2026-07-29T19:06:06.203728+00:00,653,0,waived,entry,,,159a3abc-80db-49b8-b64e-be50678b2f6c
۴۹س۶۲۳-۱۷,waived,2026-07-29T08:12:02.139672+00:00,2026-07-29T19:06:06.203728+00:00,654,0,waived,entry,,,19de64f0-0eb4-45bf-a394-bb2c3fdb882f
۴۵ن۳۴۱-۱۷,waived,2026-07-29T08:11:39.732796+00:00,2026-07-29T08:59:34.180706+00:00,47,30833,waived,entry,exit,,af1d955b-4361-4a9c-b11e-119020039bcb
۸۸ج۳۴۳-۱۷,waived,2026-07-29T08:06:17.192449+00:00,2026-07-29T19:06:06.203728+00:00,659,0,waived,entry,,,66d565b1-650c-4726-99cc-10b54649e182
۸۹م۳۷۸-۱۷,waived,2026-07-29T08:03:42.790221+00:00,2026-07-29T10:47:00.766680+00:00,163,127500,waived,entry,exit,,a7caab3f-eed0-4225-a5c5-fa24cb4977df
۳۷ل۹۲۴-۱۷,waived,2026-07-29T08:03:13.517501+00:00,2026-07-29T09:01:12.021425+00:00,57,39166,waived,entry,exit,,a5d1bf60-09ca-413e-9bad-91da83ae403a
۷۸ط۳۷۷-۳۷,waived,2026-07-29T08:01:28.258906+00:00,2026-07-29T08:32:19.556606+00:00,30,16666,waived,entry,exit,,9f7f34f0-6415-4042-99dd-9f58247a3b5e
۴۹م۴۶۲-۲۷,waived,2026-07-29T08:01:08.125557+00:00,2026-07-29T09:04:20.361254+00:00,63,44166,waived,entry,exit,,7ea86510-54e0-48f7-b1a3-c4954b05e8ae
۶۵ط۵۲۳-۳۷,waived,2026-07-29T08:00:05.346385+00:00,2026-07-29T19:06:06.203728+00:00,666,0,waived,entry,,,c50fc9d5-3be9-4355-8522-a9d029b35080
۵۳ی۸۴۹-۱۷,waived,2026-07-29T07:59:56.396458+00:00,2026-07-29T08:38:06.765696+00:00,38,23333,waived,entry,exit,,5bb8c61a-f5ce-4105-84c1-ea2b2ea9fce5
۲۴ه۶۴۸-۱۷,waived,2026-07-29T07:59:29.650494+00:00,2026-07-29T10:00:47.850703+00:00,121,92500,waived,entry,exit,,a75b484c-60d3-44c3-a131-aaf5619e435b
۶۳ی۲۲۵-۱۷,waived,2026-07-29T07:57:18.671058+00:00,2026-07-29T19:06:06.203728+00:00,668,0,waived,entry,,,7412afeb-81ef-488a-89a8-3de7f9a95ed5
۱۸و۵۵۱-۱۷,waived,2026-07-29T07:57:07.384601+00:00,2026-07-29T09:10:53.731917+00:00,73,52500,waived,entry,exit,,edb64d93-c47c-4721-a645-bc69c2e3bbf7
۲۵ی۹۲۶-۱۷,waived,2026-07-29T07:56:58.399622+00:00,2026-07-29T19:06:06.203728+00:00,669,0,waived,entry,,,7a567ef0-5d30-4443-b250-f315cb6c0b70
۷۵ق۲۶۸-۱۷,waived,2026-07-29T07:56:06.847502+00:00,2026-07-29T10:01:58.386414+00:00,125,95833,waived,entry,exit,,a333699e-2c1e-4b14-b163-db4b48d6f8d2
۷۶ط۹۳۹-۱۷,waived,2026-07-29T07:53:27.753097+00:00,2026-07-29T19:06:06.203728+00:00,672,0,waived,entry,,,6f74b142-a3ca-4e28-81f5-14efa7f5ac30
۷۲ب۵۹۲-۱۷,waived,2026-07-29T07:52:02.598108+00:00,2026-07-29T19:06:06.203728+00:00,674,0,waived,entry,,,0f033dbe-8db3-4694-9951-9367ef76221c
۳۶ب۹۸۲-۱۷,waived,2026-07-29T07:46:19.922814+00:00,2026-07-29T19:06:06.203728+00:00,679,0,waived,entry,,,007fccdf-652c-48df-90b2-9b745a53a5a7
۸۲م۳۳۴-۱۷,waived,2026-07-29T07:44:25.658655+00:00,2026-07-29T14:19:22.090592+00:00,394,320000,waived,entry,exit,,60a689f1-4641-4667-9457-55c861c60dd4
۴۲۴۳۱-۱۷,waived,2026-07-29T07:43:23.043726+00:00,2026-07-29T19:06:06.203728+00:00,682,0,waived,entry,,,db0df9ac-6556-419e-8e27-808f8490b667
۶۱ه۴۷۴-۱۷,waived,2026-07-29T07:43:20.815172+00:00,2026-07-29T10:35:18.702145+00:00,171,134166,waived,entry,exit,,aee5f66c-dcfb-4633-a85c-f272460ffdb0
۴۳م۹۴۴-۱۷,waived,2026-07-29T07:42:45.010766+00:00,2026-07-29T19:06:06.203728+00:00,683,0,waived,entry,,,074c34ee-008b-46f4-bbb2-f28139601972
۸۷ی۸۴۵-۱۲,waived,2026-07-29T07:42:42.927341+00:00,2026-07-29T19:06:06.203728+00:00,683,0,waived,entry,,,e7c80fe9-ddd1-4d51-80e7-eea053aa1695
۴۳م۹۴۴-۱۷,waived,2026-07-29T07:40:39.146097+00:00,2026-07-29T19:06:06.203728+00:00,685,0,waived,entry,,,0baa716b-9c88-400a-b786-ec67c84dbd85
۴۱ج۷۴۳-۱۷,waived,2026-07-29T07:40:25.700121+00:00,2026-07-29T08:03:48.441983+00:00,23,10833,waived,entry,exit,,a08da886-50f3-4fd5-836a-482e3ee724d9
۱۳۵۷۳-۴۴,waived,2026-07-29T07:39:27.747618+00:00,2026-07-29T19:06:06.203728+00:00,686,0,waived,entry,,,c089b9e3-e659-4ef1-bb2f-e5bbcd5297d7
۹۶ن۹۴۴-۱۷,waived,2026-07-29T07:37:59.836546+00:00,2026-07-29T08:43:30.443556+00:00,65,45833,waived,entry,exit,,95c7731b-156a-4353-82ae-51a15055d7b9
۹۹ط۶۷۳-۳۷,waived,2026-07-29T07:37:37.453284+00:00,2026-07-29T10:32:49.744598+00:00,175,137500,waived,entry,exit,,973122ed-9159-446f-94bf-565e07e7e33f
۹۴د۷۱۷-۱۷,waived,2026-07-29T07:37:26.208879+00:00,2026-07-29T19:06:06.203728+00:00,688,0,waived,entry,,,c0aa1e29-9e5a-4966-a326-1b08b4eaa7a6
۷۳ج۳۷۴-۱۷,waived,2026-07-29T07:36:52.625835+00:00,2026-07-29T19:06:06.203728+00:00,689,0,waived,entry,,,e262be4a-7cd3-4c75-a273-196248ea4864
۷۷س۹۱۶-۱۷,waived,2026-07-29T07:36:01.184102+00:00,2026-07-29T19:06:06.203728+00:00,690,0,waived,entry,,,b76955b2-a5e4-4d84-bec6-ba5a9fbd2c8e
۸۹ط۱۹۹-۱۷,waived,2026-07-29T07:35:41.216822+00:00,2026-07-29T09:40:32.040323+00:00,124,95000,waived,entry,exit,,8ef7122d-830e-4a3a-817b-1b6222dcc53d
۲۸د۱۳۶-۱۷,waived,2026-07-29T07:32:33.083547+00:00,2026-07-29T19:06:06.203728+00:00,693,0,waived,entry,,,5eb59587-8671-4d5a-aa16-cb96449f4d8c
۲۸و۵۷۳-۱۵,waived,2026-07-29T07:31:52.287098+00:00,2026-07-29T11:03:38.345544+00:00,211,167500,waived,entry,exit,,2972e836-354b-481c-aef9-88364082d903
۲۸و۷۳۱-۵۱,waived,2026-07-29T07:31:50.009906+00:00,2026-07-29T19:06:06.203728+00:00,694,0,waived,entry,,,ff1a84c7-ffb7-4114-a04d-39e731a8f573
۴۹م۴۶۲-۲۷,waived,2026-07-29T07:30:09.436852+00:00,2026-07-29T19:06:06.203728+00:00,695,0,waived,entry,,,d168ecff-9a6e-484c-9d4a-5b26ccedd6db
۱۳ق۳۱۷-۳۷,waived,2026-07-29T07:30:04.924594+00:00,2026-07-29T19:06:06.203728+00:00,696,0,waived,entry,,,69111e54-1b4f-49b3-be61-4c53a587d556
۸۵ب۶۴۸-۱۷,waived,2026-07-29T07:29:38.221503+00:00,2026-07-29T08:27:05.947206+00:00,57,39166,waived,entry,exit,,bebac057-1596-4dc5-8ddd-f0cf0c5f9395
۷۴ی۷۳۳-۱۷,waived,2026-07-29T07:29:24.639619+00:00,2026-07-29T08:32:53.294035+00:00,63,44166,waived,entry,exit,,be9fd43c-a497-4899-a891-580f1fe4e7aa
۱۳ه۱۷۶-۱۷,waived,2026-07-29T07:29:07.070340+00:00,2026-07-29T19:06:06.203728+00:00,696,0,waived,entry,,,728839b2-f4d4-42de-84d4-9d7602268cf2
۲۳ق۳۴۱-۳۷,waived,2026-07-29T07:28:37.935070+00:00,2026-07-29T08:43:40.165136+00:00,75,54166,waived,entry,exit,,725a8400-6f51-43c9-8867-5d6525ea42cc
۴۹ل۶۷۵-۱۷,waived,2026-07-29T07:27:46.664716+00:00,2026-07-29T19:06:06.203728+00:00,698,0,waived,entry,,,57be4d64-c52f-43a1-9ab5-5d89e210fbb5
۹۸ل۹۳۵-۱۷,waived,2026-07-29T07:26:36.677527+00:00,2026-07-29T08:55:45.203300+00:00,89,65833,waived,entry,exit,,92ddaec3-9122-44d7-b4b0-dbf37e6cdd1e
۸۶ل۹۷۸-۱۷,waived,2026-07-29T07:22:19.098089+00:00,2026-07-29T08:15:08.569779+00:00,52,35000,waived,entry,exit,,61b9c4e9-484c-4c21-9cce-89a80cb49002
۶۲م۸۳۱-۱۷,waived,2026-07-29T07:21:36.567846+00:00,2026-07-29T19:06:06.203728+00:00,704,0,waived,entry,,,67e9d097-5cf3-4b0b-93e0-559930051266
۹۷ی۲۷۲-۱۷,waived,2026-07-29T07:20:43.050097+00:00,2026-07-29T10:50:31.500339+00:00,209,165833,waived,entry,exit,,35594de4-4fd1-4604-a3c1-72e9e8a7db18
۱۸ب۱۵۴-۱۷,waived,2026-07-29T07:19:26.631548+00:00,2026-07-29T08:29:11.394675+00:00,69,49166,waived,entry,exit,,0d02c3d9-9b9d-4074-85f0-1a93762e312c
۱۵ب۹۱۸-۹۷,waived,2026-07-29T07:18:39.577660+00:00,2026-07-29T19:06:06.203728+00:00,707,0,waived,entry,,,961e3300-ca9a-4af1-8658-457412299b41
۹۵د۸۸۵-۱۷,waived,2026-07-29T07:17:41.346957+00:00,2026-07-29T09:10:24.395099+00:00,112,85000,waived,entry,exit,,9edc9d98-c01e-4f24-814c-0a59ef669395
۸۱ه۱۳۵-۱۷,waived,2026-07-29T07:17:23.374162+00:00,2026-07-29T08:56:57.847290+00:00,99,74166,waived,entry,exit,,609b5011-f17b-45d5-8122-7cbd9091d955
۷۷ق۵۴۱-۷۴,waived,2026-07-29T07:17:10.007023+00:00,2026-07-29T19:06:06.203728+00:00,708,0,waived,entry,,,707583c2-e4d6-41db-8888-c80b6d32fa53
۸۷ق۵۴۱-۱۷,waived,2026-07-29T07:16:58.765172+00:00,2026-07-29T19:06:06.203728+00:00,709,0,waived,entry,,,5f560a0f-d415-47bf-ac55-6b872d419d40
۴۱م۹۴۳-۱۷,waived,2026-07-29T07:16:11.715145+00:00,2026-07-29T19:06:06.203728+00:00,709,0,waived,entry,,,de8d3ed8-9a4b-4ea8-8e6d-13a95efd3eb8
۲۲ن۹۴۲-۱۵,waived,2026-07-29T07:15:53.808006+00:00,2026-07-29T07:59:21.634835+00:00,43,27500,waived,entry,exit,,2892ddb8-ce08-4ed1-a59a-bb03f48e62e9
۳۳س۶۸۹-۱۷,waived,2026-07-29T07:15:38.116535+00:00,2026-07-29T14:26:59.788007+00:00,431,350833,waived,entry,exit,,4687d8f1-a480-4c9c-a657-09e7fe60ae48
۲۵ط۶۸۷-۱۷,waived,2026-07-29T07:14:48.832728+00:00,2026-07-29T08:53:34.147630+00:00,98,73333,waived,entry,exit,,b493bed2-3a95-40eb-ac6c-663168be1db7
۷۷ن۳۳۴-۱۷,waived,2026-07-29T07:14:22.271724+00:00,2026-07-29T08:35:21.499857+00:00,80,58333,waived,entry,exit,,08a5f445-15d8-4d80-9e6b-ecfeae994ef7
۴۴س۳۶۳-۱۷,waived,2026-07-29T07:13:55.254949+00:00,2026-07-29T19:06:06.203728+00:00,712,0,waived,entry,,,37c788fe-a884-4b00-84f6-d8da5e9cca0b
۳۴و۹۶۲-۱۷,waived,2026-07-29T07:13:21.953337+00:00,2026-07-29T08:25:10.590895+00:00,71,50833,waived,entry,exit,,562d8d7b-3099-4bbf-a5ab-b6c901e4fdaa
۵۲ه۹۸۳-۱۷,waived,2026-07-29T07:13:10.742781+00:00,2026-07-29T07:44:07.228639+00:00,30,16666,waived,entry,exit,,ec96c49b-5864-4e9d-85b3-b8ada5c4b565
۲۴ه۵۹۶-۱۷,waived,2026-07-29T07:11:47.912019+00:00,2026-07-29T08:34:21.569092+00:00,82,60000,waived,entry,exit,,14d736fc-d69a-43f4-bbd7-040eecd1eb8b
۳۵ق۴۱۳-۸۷,waived,2026-07-29T07:11:27.752522+00:00,2026-07-29T09:05:32.085155+00:00,114,86666,waived,entry,exit,,c9c4a745-185b-4e66-b2dd-df21d13017b8
۴۳د۱۸۴-۳۷,waived,2026-07-29T07:05:42.924359+00:00,2026-07-29T08:18:26.842417+00:00,72,51666,waived,entry,exit,,a7ff0b18-694f-44da-b31a-2ef82cb32623
۴۹س۶۲۳-۱۷,waived,2026-07-29T07:05:09.868378+00:00,2026-07-29T19:06:06.203728+00:00,720,0,waived,entry,,,cb8272e1-f023-4d91-91be-edf654650e56
۳۹ن۳۲۳-۱۷,waived,2026-07-29T07:03:44.684921+00:00,2026-07-29T19:06:06.203728+00:00,722,0,waived,entry,,,34e8e59e-f98f-4ca0-b248-1f2b096b36f5
۵۴ق۷۹۳-۱۷,waived,2026-07-29T07:02:39.755318+00:00,2026-07-29T10:00:32.141900+00:00,177,139166,waived,entry,exit,,89a3c2ab-29d9-4a92-93b3-af2de362eddb
۷۳ی۴۵۷-۱۷,waived,2026-07-29T07:02:24.163752+00:00,2026-07-29T19:06:06.203728+00:00,723,0,waived,entry,,,ef30910a-33a0-46c8-aa5c-d0fdfdba4a55
۸۸ق۳۴۳-۱۷,waived,2026-07-29T07:02:08.558715+00:00,2026-07-29T19:06:06.203728+00:00,723,0,waived,entry,,,8a9d373a-982a-45b9-ba12-cf9d5f078a80
۸۸ج۳۴۳-۱۷,waived,2026-07-29T07:02:04.095425+00:00,2026-07-29T07:55:10.728966+00:00,53,35833,waived,entry,exit,,bd35b596-435c-48b6-942a-166743f88fd3
۸۴ج۷۲۴-۱۷,waived,2026-07-29T07:01:01.619552+00:00,2026-07-29T08:12:25.615900+00:00,71,50833,waived,entry,exit,,30149ac2-425d-46df-8171-1983a613c4e7
۹۴ل۵۱۵-۲۷,waived,2026-07-29T07:00:45.976436+00:00,2026-07-29T08:13:18.836280+00:00,72,51666,waived,entry,exit,,088caa7c-bdef-40ab-862d-3f2264a69706
۹۸ی۸۳۴-۱۷,waived,2026-07-29T06:59:33.994017+00:00,2026-07-29T09:23:16.029590+00:00,143,110833,waived,entry,exit,,2889734d-ac5b-4d55-af54-cc09ca6583d4
۶۵م۳۱۵-۱۷,waived,2026-07-29T06:58:08.861519+00:00,2026-07-29T08:09:55.539786+00:00,71,50833,waived,entry,exit,,55a623db-3a98-4c7e-ae00-7b0fc552648d
۵۷ه۶۱۱-۱۷,waived,2026-07-29T06:53:36.136771+00:00,2026-07-29T19:06:06.203728+00:00,732,0,waived,entry,,,77a1a0d3-4eb4-4fdc-b742-dab510c82348
۸۴س۶۲۹-۱۷,waived,2026-07-29T06:53:07.143877+00:00,2026-07-29T08:27:48.576471+00:00,94,70000,waived,entry,exit,,0153516c-13d0-4626-8ffa-d8c21204f009
۵۷ه۹۳۸-۱۷,waived,2026-07-29T06:52:13.528310+00:00,2026-07-29T09:31:13.896912+00:00,159,124166,waived,entry,exit,,225061ed-eaf4-4e59-a52a-0b573f809dd6
۱۲ن۷۸۱-۱۷,waived,2026-07-29T06:51:46.278080+00:00,2026-07-29T08:10:44.801601+00:00,78,56666,waived,entry,exit,,d5bd7073-ee1b-470c-ba93-0c2f8ef84297
۱۲ق۷۸۱-۱۷,waived,2026-07-29T06:51:43.982614+00:00,2026-07-29T19:06:06.203728+00:00,734,0,waived,entry,,,d07ea22a-4839-451f-9040-15755336ae40
۹۹د۲۱۵-۱۷,waived,2026-07-29T06:50:00.954201+00:00,2026-07-29T06:57:18.191111+00:00,7,0,waived,entry,exit,,01cb6883-78bc-48a1-bbb0-fc455abd92a4
۳۸و۶۱۸-۱۷,waived,2026-07-29T06:49:23.027038+00:00,2026-07-29T19:06:06.203728+00:00,736,0,waived,entry,,,811df1b9-831f-429c-8b05-f6660b4f9c87
۴۲د۷۲۱-۱۷,waived,2026-07-29T06:47:19.913339+00:00,2026-07-29T19:06:06.203728+00:00,738,0,waived,entry,,,7da86d05-9558-4394-a94a-65f0fd44dac4
۹۷و۲۵۱-۱۷,waived,2026-07-29T06:47:04.133931+00:00,2026-07-29T06:59:48.243918+00:00,12,1666,waived,entry,exit,,46473f1d-54b6-401b-bde5-e90267356a87
۴۱ق۱۹۸-۱۷,waived,2026-07-29T06:46:26.328069+00:00,2026-07-29T07:43:38.112397+00:00,57,39166,waived,entry,exit,,aa61651f-c270-4810-86b9-6eeb79b3c7b3
۹۲ط۸۹۳-۱۷,waived,2026-07-29T06:45:59.449203+00:00,2026-07-29T07:14:21.855785+00:00,28,15000,waived,entry,exit,,91f6f153-f5e8-4f49-8511-7aa8af81efb8
۲۳ق۳۴۱-۳۷,waived,2026-07-29T06:40:34.927364+00:00,2026-07-29T19:06:06.203728+00:00,745,0,waived,entry,,,f5857b1e-ff91-4d18-96dc-3df658be22be
۹۲ی۶۳۱-۱۷,waived,2026-07-29T06:40:12.707740+00:00,2026-07-29T10:12:53.574542+00:00,212,168333,waived,entry,exit,,2eec8e55-fa5d-4fa9-baf7-be2143a07347
۲۷ه۳۱۴-۱۷,waived,2026-07-29T06:39:45.934153+00:00,2026-07-29T08:04:30.730126+00:00,84,61666,waived,entry,exit,,9bfd709b-71bd-40aa-9ab6-4735519084b4
۴۷و۱۸۳-۱۷,waived,2026-07-29T06:37:31.545751+00:00,2026-07-29T08:56:53.077810+00:00,139,107500,waived,entry,exit,,f8c5eed1-a3fb-456b-a045-3966ffef4278
۵۳د۴۱۵-۱۷,waived,2026-07-29T06:37:13.622533+00:00,2026-07-29T08:17:48.759597+00:00,100,75000,waived,entry,exit,,0e07a1bd-bdf1-4ea7-9451-0d001653cc55
۳۱ط۱۵۴-۲۷,waived,2026-07-29T06:36:49.010647+00:00,2026-07-29T06:39:15.683071+00:00,2,0,waived,entry,exit,,8cbe9f10-f6ff-4557-8766-5e8bf00111eb
۳۴د۱۸۹-۱۷,waived,2026-07-29T06:35:35.050599+00:00,2026-07-29T19:06:06.203728+00:00,750,0,waived,entry,,,3fef6b1f-3b20-466b-979c-6c37a9706b76
۴۷ب۱۶۲-۲۷,waived,2026-07-29T06:35:05.934034+00:00,2026-07-29T19:06:06.203728+00:00,751,0,waived,entry,,,3205261d-59c7-4dd6-9505-14d7ce34f153
۳۶ن۸۲۲-۱۷,waived,2026-07-29T06:34:21.142610+00:00,2026-07-29T06:53:22.498218+00:00,19,7500,waived,entry,exit,,88e5c4b0-88e9-4cac-97bd-3531bb893de2
۳۷ص۱۲۸-۱۷,waived,2026-07-29T06:33:35.764573+00:00,2026-07-29T19:06:06.203728+00:00,752,0,waived,entry,,,ab48cf16-96bb-4061-bde4-e2c49b27db57
۳۳س۶۸۹-۱۷,waived,2026-07-29T06:32:28.562632+00:00,2026-07-29T19:06:06.203728+00:00,753,0,waived,entry,,,0a4679ec-dc90-4fcb-abbc-ea2a3a0fade5
۶۲م۲۵۲-۳۷,waived,2026-07-29T06:30:34.336883+00:00,2026-07-29T08:32:28.978485+00:00,121,92500,waived,entry,exit,,1179a32a-a55f-4200-b5c3-11b68d549826
۵۷د۳۸۳-۱۷,waived,2026-07-29T06:29:15.935374+00:00,2026-07-29T19:06:06.203728+00:00,756,0,waived,entry,,,1d2aa964-7b77-446a-bdbb-dead2bf33525
۳۱ی۳۳۱-۱۷,waived,2026-07-29T06:27:03.827365+00:00,2026-07-29T07:09:59.220480+00:00,42,26666,waived,entry,exit,,d49e417e-acc4-45dd-987e-680089e6e771
۵۸د۴۹۵-۱۷,waived,2026-07-29T06:26:39.117432+00:00,2026-07-29T10:40:00.112172+00:00,253,202500,waived,entry,exit,,1432f8ce-ed3a-4daf-905c-39c46c6bd028
۱۵ط۸۳۱-۷۶,waived,2026-07-29T06:25:23.005920+00:00,2026-07-29T09:56:09.516126+00:00,210,166666,waived,entry,exit,,3f66a8ac-b4a9-4dad-9dee-db889e85b92f
۷۵ل۱۳۹-۱۷,waived,2026-07-29T06:23:39.937665+00:00,2026-07-29T19:06:06.203728+00:00,762,0,waived,entry,,,91d8c6e9-70d4-4125-a960-5891170db30e
۷۳ن۱۳۹-۹۷,waived,2026-07-29T06:21:34.112727+00:00,2026-07-29T19:06:06.203728+00:00,764,0,waived,entry,,,de1eac1a-381e-4e92-a751-abf64f79668b
۶۲د۲۹۲-۱۷,waived,2026-07-29T06:20:20.314586+00:00,2026-07-29T06:23:00.153518+00:00,2,0,waived,entry,exit,,5d694400-c38d-4500-b1a0-1cecf04d632b
۷۵ج۴۱۸-۱۷,waived,2026-07-29T06:18:26.037878+00:00,2026-07-29T08:10:56.009746+00:00,112,85000,waived,entry,exit,,c32ec79d-be4c-4b42-b4b2-661d6b90595a
۳۲ی۸۹۷-۱۷,waived,2026-07-29T06:18:17.414054+00:00,2026-07-29T06:24:45.499586+00:00,6,0,waived,entry,exit,,82850925-756c-4389-a880-1aeb936954fc
۳۸ه۶۳۸-۱۷,waived,2026-07-29T06:13:23.934922+00:00,2026-07-29T13:46:38.252617+00:00,453,369166,waived,entry,exit,,ed0f68d9-a8ae-4724-81de-563cf6a490fe
۴۹ل۶۷۵-۱۷,waived,2026-07-29T06:12:34.652481+00:00,2026-07-29T06:15:52.335957+00:00,3,0,waived,entry,exit,,dc63ca4a-00e3-4424-ad0a-b6819ccf2191
۴۱ل۲۹۵-۱۷,waived,2026-07-29T06:11:20.785700+00:00,2026-07-29T19:06:06.203728+00:00,774,0,waived,entry,,,56be157f-49cd-4d48-9895-1b3538e1272e
۵۵س۹۵۱-۱۷,waived,2026-07-29T06:08:46.490233+00:00,2026-07-29T11:18:09.094984+00:00,309,249166,waived,entry,exit,,ebdc3a6c-6e7d-4775-bdd7-d403dcecc355
۲۵ی۹۲۶-۱۷,waived,2026-07-29T06:07:56.982440+00:00,2026-07-29T06:30:48.902584+00:00,22,10000,waived,entry,exit,,eb3f9556-8b37-4d46-849e-a5ca43875cfe
۱۷ج۸۹۶-۱۵,waived,2026-07-29T06:04:44.545405+00:00,2026-07-29T19:06:06.203728+00:00,781,0,waived,entry,,,bfa17d15-4b8c-4ac4-8c1f-0296df4f6a98
۶۲ه۲۶۸-۱۷,waived,2026-07-29T06:04:17.677839+00:00,2026-07-29T07:56:33.615862+00:00,112,85000,waived,entry,exit,,d2e47f0c-b465-4454-8583-4be24decea19
۷۴د۲۴۹-۱۷,waived,2026-07-29T06:02:28.154759+00:00,2026-07-29T19:06:06.203728+00:00,783,0,waived,entry,,,65cd425f-9e72-46e6-ba03-0f86fd791f48
۶۳د۹۷۸-۱۷,waived,2026-07-29T06:01:54.578055+00:00,2026-07-29T19:06:06.203728+00:00,784,0,waived,entry,,,5d169470-6df2-439f-98d1-766c08e0e600
۱۱ن۶۹۴-۲۷,waived,2026-07-29T05:59:37.933766+00:00,2026-07-29T08:18:35.759524+00:00,138,106666,waived,entry,exit,,bde405eb-6786-4856-8d7c-7127e9a22407
۵۴ب۴۹۲-۱۷,waived,2026-07-29T05:59:04.329007+00:00,2026-07-29T12:42:10.232480+00:00,403,327500,waived,entry,exit,,2ff59e66-07e0-4d59-941b-1e1c1a0af113
۹۶ب۱۷۶-۱۷,waived,2026-07-29T05:58:10.558588+00:00,2026-07-29T10:27:41.710339+00:00,269,215833,waived,entry,exit,,a830d2ee-294f-4e8a-8594-8c77e2f9424c
۲۵ط۵۵۶-۱۷,waived,2026-07-29T05:57:11.795061+00:00,2026-07-29T07:45:27.787800+00:00,108,81666,waived,entry,exit,,b7c33dee-2262-4aa4-b279-77ad42673b91
۷۳ج۸۱۴-۱۷,waived,2026-07-29T05:57:02.893087+00:00,2026-07-29T19:06:06.203728+00:00,789,0,waived,entry,,,ce66288c-c0b5-4906-a033-fea063debf48
۸۸ب۸۴۵-۱۷,waived,2026-07-29T05:56:34.253431+00:00,2026-07-29T19:06:06.203728+00:00,789,0,waived,entry,,,3c0fc13c-5fd0-4b47-bb90-5026910471a9
۹۸ب۶۴۱-۹۷,waived,2026-07-29T05:53:48.505250+00:00,2026-07-29T19:06:06.203728+00:00,792,0,waived,entry,,,5fe2c05b-b42a-4467-8bd0-2377cb502cb7
۱۸ل۲۲۴-۱۵,waived,2026-07-29T05:53:08.222956+00:00,2026-07-29T19:06:06.203728+00:00,792,0,waived,entry,,,7e634689-997d-4324-b40e-db1ef9988fa6
۸۵ل۸۱۷-۱۷,waived,2026-07-29T05:52:48.041940+00:00,2026-07-29T06:29:47.868284+00:00,36,21666,waived,entry,exit,,20fe4155-195c-4432-9a07-125e2db19caa
۴۷ی۶۳۵-۱۷,waived,2026-07-29T05:50:27.219128+00:00,2026-07-29T12:09:05.567321+00:00,378,306666,waived,entry,exit,,aa3876db-850a-49f1-a4a5-4b9c010256ed
۸۷ج۲۶۷-۱۷,waived,2026-07-29T05:49:37.938108+00:00,2026-07-29T19:06:06.203728+00:00,796,0,waived,entry,,,573c41d9-e055-4b13-8e99-24a2e6f9ff9b
۵۴م۸۴۹-۱۷,waived,2026-07-29T05:45:27.617901+00:00,2026-07-29T19:06:06.203728+00:00,800,0,waived,entry,,,eff0e934-d2f6-4179-93f2-4b05a617adab
۲۵ی۳۹۴-۱۷,waived,2026-07-29T05:43:03.026330+00:00,2026-07-29T08:33:15.600995+00:00,170,133333,waived,entry,exit,,5b4be2f8-e8a9-47fb-ac1f-17c2b1ee0510
۹۹ل۶۶۶-۱۷,waived,2026-07-29T05:42:23.560486+00:00,2026-07-29T19:06:06.203728+00:00,803,0,waived,entry,,,893622c1-59b9-407f-a022-66867e4e1e84
۴۹ط۶۹۷-۲۷,waived,2026-07-29T05:39:45.785687+00:00,2026-07-29T19:06:06.203728+00:00,806,0,waived,entry,,,511ccd9f-4b45-4846-8e75-c08df3137b45
۳۶ب۹۸۳-۱۷,waived,2026-07-29T05:38:54.961723+00:00,2026-07-29T19:06:06.203728+00:00,807,0,waived,entry,,,006a6a9c-0850-4077-9b68-82fad808ac7d
۱۱ه۵۲۳-۲۷,waived,2026-07-29T05:38:41.781927+00:00,2026-07-29T19:06:06.203728+00:00,807,0,waived,entry,,,2bd80a52-df61-4e23-ab5b-f6aa4727e38b
۴۷ی۵۲۶-۱۷,waived,2026-07-29T05:38:19.457293+00:00,2026-07-29T09:56:22.952444+00:00,258,206666,waived,entry,exit,,5e266913-7d20-43bb-8257-9b1fb78254f4
۵۵ج۷۸۷-۱۷,waived,2026-07-29T05:37:14.482510+00:00,2026-07-29T05:39:36.668051+00:00,2,0,waived,entry,exit,,fb4d4559-6173-49e2-8795-e7984eb911e4
۴۹ط۶۹۷-۲۷,waived,2026-07-29T05:36:47.955863+00:00,2026-07-29T19:06:06.203728+00:00,809,0,waived,entry,,,edd96e97-d7d8-41b3-9cf0-38ada1a8803f
۹۷ب۸۲۹-۱۷,waived,2026-07-29T05:35:47.837384+00:00,2026-07-29T05:42:09.032992+00:00,6,0,waived,entry,exit,,cf60f480-bbc7-4f51-a650-b8ebc8ce5504
۸۳ب۷۶۷-۱۷,waived,2026-07-29T05:33:08.581551+00:00,2026-07-29T19:06:06.203728+00:00,812,0,waived,entry,,,2c3cc076-5ad7-4b68-9b2e-cb18bf33a19c
۴۷ن۴۴۳-۱۷,waived,2026-07-29T05:32:15.110074+00:00,2026-07-29T06:23:07.200772+00:00,50,33333,waived,entry,exit,,08c48ee9-f4dd-4aab-9ac5-1842c4a353a7
۴۷ق۴۴۳-۱۷,waived,2026-07-29T05:32:13.182594+00:00,2026-07-29T19:06:06.203728+00:00,813,0,waived,entry,,,63946548-7846-48c3-a0e5-6fce046163fe
۹۲ل۹۷۸-۱۷,waived,2026-07-29T05:32:06.416683+00:00,2026-07-29T19:06:06.203728+00:00,813,0,waived,entry,,,5416a01f-22c9-40d5-870b-37fae3bbf085
۳۱ل۹۵۱-۱۷,waived,2026-07-29T05:26:17.542305+00:00,2026-07-29T10:40:44.620712+00:00,314,253333,waived,entry,exit,,ea1c8e25-40ab-4a2f-a0e9-97d03ff9a769
۸۸ج۳۴۳-۱۷,waived,2026-07-29T05:25:46.886246+00:00,2026-07-29T19:06:06.203728+00:00,820,0,waived,entry,,,d17e8da4-b573-4e64-98c0-9d52af8ed2ff
۴۱ی۵۳۵-۹۱,waived,2026-07-29T05:25:31.648731+00:00,2026-07-29T11:19:56.608661+00:00,354,286666,waived,entry,exit,,72553134-8380-4db5-b60f-35dc23507412
۹۱ن۸۲۲-۱۷,waived,2026-07-29T05:24:42.899676+00:00,2026-07-29T19:06:06.203728+00:00,821,0,waived,entry,,,48bd20cf-c5bf-4970-a770-0468625d2400
۶۷ن۶۷۹-۱۷,waived,2026-07-29T05:24:31.943218+00:00,2026-07-29T10:30:07.490205+00:00,305,245833,waived,entry,exit,,d5d41ce7-fc82-4c04-a93e-afd8826d25ce
۵۴م۵۴۴-۹۷,waived,2026-07-29T05:23:58.928757+00:00,2026-07-29T19:06:06.203728+00:00,822,0,waived,entry,,,f84e7578-b94e-4b9e-90b1-2aba8f717a4f
۳۵ق۳۸۲-۱۷,waived,2026-07-29T05:23:25.868053+00:00,2026-07-29T13:46:47.526390+00:00,503,400000,waived,entry,exit,,47a39eb9-8ff0-4b2b-90c7-905bd4f5f8f2
۲۵ی۳۹۴-۱۷,waived,2026-07-29T05:23:14.978587+00:00,2026-07-29T19:06:06.203728+00:00,822,0,waived,entry,,,05a82606-eaeb-4d3f-bec3-9cf82045fe33
۴۹ل۱۵۳-۱۷,waived,2026-07-29T05:22:50.344945+00:00,2026-07-29T19:06:06.203728+00:00,823,0,waived,entry,,,ab244724-4a0f-41c6-a6ee-11a552ec9871
۴۹م۴۶۲-۲۷,waived,2026-07-29T05:22:05.545738+00:00,2026-07-29T19:06:06.203728+00:00,824,0,waived,entry,,,ac76b504-9e33-4043-86a8-bce61bfd1af1
۳۱ی۴۶۵-۱۷,waived,2026-07-29T05:17:33.974715+00:00,2026-07-29T09:41:59.399908+00:00,264,211666,waived,entry,exit,,b07a613a-ce4d-4eb4-965c-dff19493e772
۲۶م۴۸۱-۱۷,waived,2026-07-29T05:16:37.974508+00:00,2026-07-29T06:23:11.349176+00:00,66,46666,waived,entry,exit,,7d745b8c-d803-4f1b-b3a0-922c23e8889a
۹۱ن۸۲۲-۱۷,waived,2026-07-29T05:16:09.401346+00:00,2026-07-29T19:06:06.203728+00:00,829,0,waived,entry,,,7d2023e6-6c1c-479c-89cd-f62e6aaecb6d
۷۱ج۷۳۹-۱۷,waived,2026-07-29T05:16:04.936419+00:00,2026-07-29T19:06:06.203728+00:00,830,0,waived,entry,,,e361f8a6-0f7f-40a0-9551-1095088b71d3
۳۵ص۶۴۹-۱۷,waived,2026-07-29T05:15:38.018201+00:00,2026-07-29T19:06:06.203728+00:00,830,0,waived,entry,,,75844cde-8c41-48d6-b972-cd0adaf3e93d
۱۹ط۷۸۱-۱۷,waived,2026-07-29T05:15:09.498562+00:00,2026-07-29T11:31:14.278823+00:00,376,305000,waived,entry,exit,,45619523-f6d2-4be6-ac70-107abbaae692
۴۷د۸۱۹-۱۷,waived,2026-07-29T05:14:49.891199+00:00,2026-07-29T19:06:06.203728+00:00,831,0,waived,entry,,,d57d1667-e2b3-4944-8b4c-aafe21739e61
۵۳م۶۲۹-۱۷,waived,2026-07-29T05:12:44.698547+00:00,2026-07-29T19:06:06.203728+00:00,833,0,waived,entry,,,34c27dbe-ad3d-473a-b19d-a09b8c7af843
۵۸م۶۵۲-۱۷,waived,2026-07-29T05:12:36.018388+00:00,2026-07-29T07:33:10.256538+00:00,140,108333,waived,entry,exit,,4fdcde1f-8110-4b9b-8417-20f6e61ad44d
۴۱ص۸۴۷-۱۷,waived,2026-07-29T05:09:30.658215+00:00,2026-07-29T08:01:53.942796+00:00,172,135000,waived,entry,exit,,c4eb6bae-5116-4ac0-9594-23bebdd83b84
۷۴ه۴۲۴-۱۷,waived,2026-07-29T05:07:01.755124+00:00,2026-07-29T19:06:06.203728+00:00,839,0,waived,entry,,,d80b10ef-33be-4ee4-9ea9-29a16da07597
۶۸س۳۲۲-۱۷,waived,2026-07-29T05:05:23.981273+00:00,2026-07-29T11:39:10.202611+00:00,393,319166,waived,entry,exit,,f491d832-ed79-4eb3-9f97-c943f93a8858
۹۶ی۷۷۹-۱۷,waived,2026-07-29T05:03:59.388232+00:00,2026-07-29T09:01:43.319309+00:00,237,189166,waived,entry,exit,,4e1a8672-c2ec-4a03-af0a-b55c45c317b5
۳۴ق۷۳۴-۱۷,waived,2026-07-29T05:02:50.831700+00:00,2026-07-29T11:35:14.726052+00:00,392,318333,waived,entry,exit,,ff621769-de16-4643-83d8-f9b9bff62e1a
۴۹ل۶۷۵-۱۷,waived,2026-07-29T05:01:12.555021+00:00,2026-07-29T05:53:09.980178+00:00,51,34166,waived,entry,exit,,1f39161e-aff8-45cb-9e74-9d0ecf8af6fa
۳۳ن۵۶۴-۱۷,waived,2026-07-29T05:01:06.084397+00:00,2026-07-29T10:01:36.282776+00:00,300,241666,waived,entry,exit,,65f5d94d-1436-40cc-b18c-0c9b33ef59c7
۴۶ل۶۶۵-۱۷,waived,2026-07-29T05:00:52.914684+00:00,2026-07-29T10:35:32.680724+00:00,334,270000,waived,entry,exit,,e164aba7-9a3c-407e-a28f-195c3c291495
۵۵و۶۲۶-۲۷,waived,2026-07-29T05:00:17.686353+00:00,2026-07-29T05:34:48.572898+00:00,34,20000,waived,entry,exit,,3f34b824-08d3-4e2a-bc16-07f06331812b
۴۲ص۷۸۸-۱۷,waived,2026-07-29T05:00:06.739971+00:00,2026-07-29T19:06:06.203728+00:00,845,0,waived,entry,,,cd923e78-71af-481d-8aa5-74d571cc2bad
۹۸ی۲۱۴-۱۷,waived,2026-07-29T04:58:35.447035+00:00,2026-07-29T08:29:00.505137+00:00,210,166666,waived,entry,exit,,d87febd0-186b-49f6-8ddd-e32d018f6b45
۶۲و۶۴۲-۱۷,waived,2026-07-29T04:55:56.442677+00:00,2026-07-29T19:06:06.203728+00:00,850,0,waived,entry,,,8a78abbd-90ac-49ea-aa0c-4b3c8d96456c
۲۸ه۷۵۸-۱۷,waived,2026-07-29T04:54:39.119876+00:00,2026-07-29T08:28:24.349432+00:00,213,169166,waived,entry,exit,,85ea0f85-5798-46be-9621-cbaf07fcbfab
۱۳ه۱۷۶-۱۷,waived,2026-07-29T04:54:06.082503+00:00,2026-07-29T07:12:16.409630+00:00,138,106666,waived,entry,exit,,418394d0-c2e9-4e50-af94-ca7c31a46924
۳۳ص۷۲۷-۱۷,waived,2026-07-29T04:53:50.400266+00:00,2026-07-29T19:06:06.203728+00:00,852,0,waived,entry,,,08734ae9-ec81-42d9-92a6-e8a6c841a81c
۱۸ی۳۸۹-۱۷,waived,2026-07-29T04:53:48.184015+00:00,2026-07-29T05:34:32.333866+00:00,40,25000,waived,entry,exit,,4f134f6d-702b-47f5-8829-63af9dd292d6
۲۸س۹۶۱-۱۷,waived,2026-07-29T04:52:03.455150+00:00,2026-07-29T10:20:10.352848+00:00,328,265000,waived,entry,exit,,12267bc0-5d86-4a80-9e50-59a67c7781f1
۳۷ی۶۵۶-۱۷,waived,2026-07-29T04:52:01.197456+00:00,2026-07-29T19:06:06.203728+00:00,854,0,waived,entry,,,d37ff944-acc6-4048-9f16-c94d42c4158f
۴۴و۴۷۹-۱۷,waived,2026-07-29T04:51:37.184433+00:00,2026-07-29T12:15:26.997341+00:00,443,360833,waived,entry,exit,,92816d0e-e728-42c6-8774-e25027c73d90
۵۹و۴۷۴-۱۷,waived,2026-07-29T04:51:10.796422+00:00,2026-07-29T08:34:25.272139+00:00,223,177500,waived,entry,exit,,3a03f66e-c84c-4ac3-9edd-13cd3b00b6ad
۷۸ی۲۸۳-۱۷,waived,2026-07-29T04:50:26.576276+00:00,2026-07-29T09:26:15.794029+00:00,275,220833,waived,entry,exit,,87a29cee-975e-47fb-b517-80b4cd1969c4
۱۷ی۸۷۸-۱۷,waived,2026-07-29T04:49:46.824105+00:00,2026-07-29T05:20:58.349537+00:00,31,17500,waived,entry,exit,,08d37d97-6193-439b-a4b3-34a3f04e2b15
۹۶ن۲۶۸-۱۵,waived,2026-07-29T04:49:33.620359+00:00,2026-07-29T19:06:06.203728+00:00,856,0,waived,entry,,,834bdcd2-1c65-42c0-ab5a-593db618dc1b
۳۵ی۹۳۲-۱۷,waived,2026-07-29T04:48:33.703506+00:00,2026-07-29T09:47:11.892894+00:00,298,240000,waived,entry,exit,,8ad1ceac-8015-49f2-a8ee-8ce38e7bc292
۵۸م۹۳۶-۱۷,waived,2026-07-29T04:47:33.791551+00:00,2026-07-29T19:06:06.203728+00:00,858,0,waived,entry,,,1943246c-8236-4e0b-9010-923113bd7087
۶۲م۴۷۳-۱۷,waived,2026-07-29T04:47:20.639353+00:00,2026-07-29T19:06:06.203728+00:00,858,0,waived,entry,,,d582389e-633f-47cc-8ef0-4dbdac2a11e3
۷۹س۵۲۴-۱۷,waived,2026-07-29T04:44:57.301764+00:00,2026-07-29T11:44:32.747896+00:00,419,340833,waived,entry,exit,,747e1935-15c6-4827-beca-427790cc44dc
۹۲ه۱۴۷-۱۷,waived,2026-07-29T04:44:37.706633+00:00,2026-07-29T08:19:00.969352+00:00,214,170000,waived,entry,exit,,0f473716-3be0-4444-b2c3-1d2c707c46f9
۳۷ص۶۲۴-۹۷,waived,2026-07-29T04:44:30.965733+00:00,2026-07-29T19:06:06.203728+00:00,861,0,waived,entry,,,8b3b7a15-4161-49a0-b8ab-a3f4e9cf0142
۷۶ب۲۴۶-۱۷,waived,2026-07-29T04:43:39.975713+00:00,2026-07-29T10:44:56.057797+00:00,361,292500,waived,entry,exit,,51549595-747e-4687-a8ce-cb37d6341c5e
۹۷و۲۳۳-۱۷,waived,2026-07-29T04:42:04.648630+00:00,2026-07-29T19:06:06.203728+00:00,864,0,waived,entry,,,51d7876a-e76e-4437-8d66-e0fe8101551b
۵۸م۹۳۶-۱۷,waived,2026-07-29T04:41:57.757762+00:00,2026-07-29T19:06:06.203728+00:00,864,0,waived,entry,,,7d0dc8f9-6294-4426-a73f-65c2a87e2b20
۹۷ط۳۴۱-۱۷,waived,2026-07-29T04:41:24.711611+00:00,2026-07-29T15:03:32.022510+00:00,622,400000,waived,entry,exit,,d12487ab-9980-48aa-9ce5-2eb90bf23d83
۳۸ی۶۱۷-۱۷,waived,2026-07-29T04:41:20.641863+00:00,2026-07-29T19:06:06.203728+00:00,864,0,waived,entry,,,b120058c-1dbc-48da-8376-8088fff2d848
۶۹د۱۸۷-۱۷,waived,2026-07-29T04:41:18.300906+00:00,2026-07-29T10:45:50.380701+00:00,364,295000,waived,entry,exit,,6016c8f7-4189-4d7b-bdeb-af47c7dd503b
۲۹ی۹۴۸-۱۷,waived,2026-07-29T04:41:13.833265+00:00,2026-07-29T12:32:03.774856+00:00,470,383333,waived,entry,exit,,7ec3ee31-be19-4761-8307-10298b24e4a0
۲۵ی۳۹۴-۱۷,waived,2026-07-29T04:40:22.888605+00:00,2026-07-29T19:06:06.203728+00:00,865,0,waived,entry,,,92fa94ed-32f2-4562-b1bb-09c881175558
۳۹ق۵۹۶-۱۷,waived,2026-07-29T04:39:56.525026+00:00,2026-07-29T10:42:12.816463+00:00,362,293333,waived,entry,exit,,991422bd-5c95-4e80-b91a-3a5f5db06af0
۴۱س۹۱۲-۱۷,waived,2026-07-29T04:39:41.119334+00:00,2026-07-29T19:06:06.203728+00:00,866,0,waived,entry,,,3a272a58-b74a-4528-8c00-ccfe0ac918d9
۳۳ل۹۸۱-۱۷,waived,2026-07-29T04:39:25.429020+00:00,2026-07-29T14:07:47.153456+00:00,568,400000,waived,entry,exit,,35d58ec7-7d7f-4e8f-acff-19b7a309ae1c
۹۹ی۵۱۳-۹۷,waived,2026-07-29T04:39:20.708328+00:00,2026-07-29T19:06:06.203728+00:00,866,0,waived,entry,,,e948a0e3-4627-472f-8a16-08a60a23ec7a
۴۸د۸۹۴-۳۷,waived,2026-07-29T04:39:18.512907+00:00,2026-07-29T08:24:54.949943+00:00,225,179166,waived,entry,exit,,991455e5-1b57-4e4f-83b0-d3b30cf78a94
۵۵ه۶۶۸-۱۷,waived,2026-07-29T04:39:16.774463+00:00,2026-07-29T19:06:06.203728+00:00,866,0,waived,entry,,,729ba7f1-eb7c-4df9-9c92-a393ad854d96
۷۲ه۳۶۹-۱۷,waived,2026-07-29T04:39:10.087347+00:00,2026-07-29T14:22:20.187668+00:00,583,400000,waived,entry,exit,,3e8e7a31-a173-4da2-a773-ac5461357fc6
۳۴و۵۷۷-۱۷,waived,2026-07-29T04:39:05.053060+00:00,2026-07-29T06:08:26.016704+00:00,89,65833,waived,entry,exit,,577cc9c6-dcc4-415f-ae32-6ac24f24b9d4
۳۳س۶۸۴-۱۷,waived,2026-07-29T04:38:40.630246+00:00,2026-07-29T19:06:06.203728+00:00,867,0,waived,entry,,,efac3b3e-ddcb-49a8-bf0c-06dd01fd7b69
۸۹ط۱۹۹-۱۷,waived,2026-07-29T04:38:29.760105+00:00,2026-07-29T05:58:47.578468+00:00,80,58333,waived,entry,exit,,38c02f6f-505c-4547-901f-a5ec2d9ff34d
۳۹ن۳۵۶-۱۷,waived,2026-07-29T04:37:40.995744+00:00,2026-07-29T10:05:58.971035+00:00,328,265000,waived,entry,exit,,27ad45bc-b0e2-4af8-8d32-d48cc6b96a3a
۵۵د۶۹۳-۱۷,waived,2026-07-29T04:37:05.444449+00:00,2026-07-29T19:06:06.203728+00:00,869,0,waived,entry,,,895d3dbf-defe-4202-bafe-fcfbe3a87006
۱۴د۳۷۱-۱۷,waived,2026-07-29T04:36:56.765177+00:00,2026-07-29T19:06:06.203728+00:00,869,0,waived,entry,,,909ddf70-7e9c-4c5f-9aac-d0804261de44
۱۸ب۶۷۴-۵۵,waived,2026-07-29T04:36:39.453117+00:00,2026-07-29T04:41:31.033881+00:00,4,0,waived,entry,exit,,d5e96308-787d-44b0-a1d0-02352d6d6201
۹۶ه۶۸۹-۱۷,waived,2026-07-29T04:35:57.750712+00:00,2026-07-29T19:06:06.203728+00:00,870,0,waived,entry,,,d99da552-3225-480e-8683-69158e97da20
۱۵ی۷۲۹-۱۷,waived,2026-07-29T04:35:46.507168+00:00,2026-07-29T19:06:06.203728+00:00,870,0,waived,entry,,,cc9df9e9-8aa0-4ba9-a3e1-3fdeea930a85
۸۸و۲۷۲-۱۷,waived,2026-07-29T04:34:52.729989+00:00,2026-07-29T19:06:06.203728+00:00,871,0,waived,entry,,,8b170082-7b6e-4f95-bb1e-ea0db2c1b69b
۴۸ق۹۷۵-۱۷,waived,2026-07-29T04:34:21.388804+00:00,2026-07-29T19:06:06.203728+00:00,871,0,waived,entry,,,740910cb-2aa6-4c69-9c8c-e5b553be43d8
۲۵ل۱۱۹-۱۷,waived,2026-07-29T04:34:16.887145+00:00,2026-07-29T19:06:06.203728+00:00,871,0,waived,entry,,,0b046a99-c1ed-4d66-a756-fea02dadb018
۹۴ج۸۸۳-۱۷,waived,2026-07-29T04:32:47.606192+00:00,2026-07-29T19:06:06.203728+00:00,873,0,waived,entry,,,b221c2d9-3fba-401c-9202-8e6feae6bb0a
۵۲س۴۳۳-۱۷,waived,2026-07-29T04:32:38.871877+00:00,2026-07-29T19:06:06.203728+00:00,873,0,waived,entry,,,7682c8b7-ea28-4155-b738-81941a5f2881
۴۶س۵۵۴-۱۷,waived,2026-07-29T04:32:05.845085+00:00,2026-07-29T19:06:06.203728+00:00,874,0,waived,entry,,,eb4ae6b8-6a92-4d97-8f1d-8fca40d95fa8
۶۳د۶۹۹-۱۷,waived,2026-07-29T04:31:23.853735+00:00,2026-07-29T19:06:06.203728+00:00,874,0,waived,entry,,,6be48cf4-9d48-42b8-bdd0-0728077aff52
۳۸ن۸۲۶-۱۷,waived,2026-07-29T04:31:19.459872+00:00,2026-07-29T14:24:54.758826+00:00,593,400000,waived,entry,exit,,baf9396c-a0bc-45a0-90fe-d822f7018688
۴۳ج۷۹۸-۲۵,waived,2026-07-29T04:31:17.300869+00:00,2026-07-29T19:06:06.203728+00:00,874,0,waived,entry,,,95c8f5ec-71a8-44b2-9f35-594023431aa2
۴۳ج۹۳۱-۱۷,waived,2026-07-29T04:31:01.938089+00:00,2026-07-29T19:06:06.203728+00:00,875,0,waived,entry,,,56f5353c-7c1d-4c91-aa2d-48fabbf5acbf
۴۷ی۶۳۵-۱۷,waived,2026-07-29T04:30:35.402726+00:00,2026-07-29T19:06:06.203728+00:00,875,0,waived,entry,,,edaf8a5b-968f-486d-ae6e-f33c6693fcb3
۱۳ق۳۱۷-۳۷,waived,2026-07-29T04:30:33.169815+00:00,2026-07-29T19:06:06.203728+00:00,875,0,waived,entry,,,ed7c9c29-e4af-4134-b8a5-4deaadaafdfa
۳۷و۲۲۵-۱۷,waived,2026-07-29T04:30:28.706698+00:00,2026-07-29T19:06:06.203728+00:00,875,0,waived,entry,,,bcbf944d-a27d-4e75-b977-e3e7872d7bb0
۵۵م۹۸۲-۱۷,waived,2026-07-29T04:30:21.982579+00:00,2026-07-29T09:54:10.763052+00:00,323,260833,waived,entry,exit,,5a68db6e-c3c1-4b2f-80c9-ffc92238ade7
۷۳و۴۹۴-۱۷,waived,2026-07-29T04:29:52.840806+00:00,2026-07-29T10:39:50.921366+00:00,369,299166,waived,entry,exit,,a977fa4e-ace9-4d80-872c-04ad115da602
۳۲ه۸۶۴-۱۷,waived,2026-07-29T04:29:28.482050+00:00,2026-07-29T08:56:51.137757+00:00,267,214166,waived,entry,exit,,b6f81b19-9fba-4cef-b8d4-a770f85f110f
۱۹ه۳۲۴-۱۷,waived,2026-07-29T04:29:22.042685+00:00,2026-07-29T09:02:41.215802+00:00,273,219166,waived,entry,exit,,12b87551-9a45-4574-a690-d3fd36e180f7
۷۸ی۸۵۸-۱۷,waived,2026-07-29T04:29:08.893442+00:00,2026-07-29T10:53:53.454159+00:00,384,311666,waived,entry,exit,,e7a51f75-b1e9-494d-9cda-3c01decad4f9
۷۸ص۳۶۴-۱۷,waived,2026-07-29T04:28:04.493744+00:00,2026-07-29T10:46:53.985748+00:00,378,306666,waived,entry,exit,,854888fe-7740-4ccb-a3b1-246067529a55
۲۵و۸۳۱-۱۷,waived,2026-07-29T04:27:12.983238+00:00,2026-07-29T11:01:09.909112+00:00,393,319166,waived,entry,exit,,b2a2a815-f75e-4c40-8b59-e408ef155225
۷۴ج۷۱۵-۱۷,waived,2026-07-29T04:26:59.511676+00:00,2026-07-29T19:06:06.203728+00:00,879,0,waived,entry,,,1b0225ae-ff5b-45fe-acd7-da0afed43db5
۳۲ص۲۲۵-۱۷,waived,2026-07-29T04:26:32.637409+00:00,2026-07-29T19:06:06.203728+00:00,879,0,waived,entry,,,c84733e7-2d72-4764-81b9-d14f66a012dc
۸۳د۴۸۶-۱۷,waived,2026-07-29T04:26:10.234043+00:00,2026-07-29T19:06:06.203728+00:00,879,0,waived,entry,,,fd1db478-b48d-4bcd-a4ab-c0dc6b4ed980
۵۴ب۷۳۶-۱۷,waived,2026-07-29T04:25:25.626109+00:00,2026-07-29T10:47:56.377642+00:00,382,310000,waived,entry,exit,,ff7c456c-b3c2-4546-b0b6-63121d0a9933
۲۸ط۹۷۱-۱۷,waived,2026-07-29T04:25:20.963610+00:00,2026-07-29T10:41:21.058548+00:00,376,305000,waived,entry,exit,,2836be82-8370-492c-97e0-6236f96326df
۸۲و۳۸۴-۱۷,waived,2026-07-29T04:24:54.068648+00:00,2026-07-29T19:06:06.203728+00:00,881,0,waived,entry,,,9b22619f-692a-4cf3-85e7-ee72a1b66cf2
۷۱ل۶۷۶-۱۷,waived,2026-07-29T04:24:47.384787+00:00,2026-07-29T19:06:06.203728+00:00,881,0,waived,entry,,,cc7bab2c-28c4-453a-9c22-c7138b84e19c
۷۸د۹۶۵-۱۷,waived,2026-07-29T04:24:43.023373+00:00,2026-07-29T09:56:32.209232+00:00,331,267500,waived,entry,exit,,d026c6ba-e8e2-413f-ae50-768d08e19a6b
۸۵ق۷۹۱-۱۷,waived,2026-07-29T04:24:07.112722+00:00,2026-07-29T19:06:06.203728+00:00,881,0,waived,entry,,,3b6ad5bd-166a-4143-bbcf-79456851c515
۵۴ب۴۹۲-۱۷,waived,2026-07-29T04:24:00.324211+00:00,2026-07-29T05:30:04.910871+00:00,66,46666,waived,entry,exit,,df6136a6-1658-492f-b886-ef159c310571
۸۹ی۶۸۷-۱۵,waived,2026-07-29T04:23:44.702306+00:00,2026-07-29T10:49:01.924454+00:00,385,312500,waived,entry,exit,,44a74509-4ab0-415a-8731-2356b13b3dca
۹۳ن۳۲۳-۱۷,waived,2026-07-29T04:22:58.454052+00:00,2026-07-29T10:46:46.958124+00:00,383,310833,waived,entry,exit,,0e0d1aa1-885c-448c-8cd5-cce3bf52c680
۲۲ب۳۴۵-۱۷,waived,2026-07-29T04:22:49.525834+00:00,2026-07-29T19:06:06.203728+00:00,883,0,waived,entry,,,3aa3ed28-f3b3-4d63-b652-eba040261370
۴۵ل۷۹۵-۱۷,waived,2026-07-29T04:21:04.198483+00:00,2026-07-29T12:25:04.886020+00:00,484,395000,waived,entry,exit,,71a1a324-fe55-4926-b04c-43915d44d03d
۴۴ه۷۵۵-۱۷,waived,2026-07-29T04:20:35.635586+00:00,2026-07-29T10:37:33.689089+00:00,376,305000,waived,entry,exit,,d4c59bcf-432d-43ac-8a11-fb0d1cc55754
۵۹ب۵۳۹-۱۷,waived,2026-07-29T04:19:39.682091+00:00,2026-07-29T19:06:06.203728+00:00,886,0,waived,entry,,,bea638a2-7b46-4032-9385-8316f1e084ea
۷۷س۹۱۶-۱۷,waived,2026-07-29T04:19:01.568379+00:00,2026-07-29T19:06:06.203728+00:00,887,0,waived,entry,,,522237e1-dffa-4ff1-8119-5e4b0c621709
۸۹ب۹۴۴-۱۷,waived,2026-07-29T04:18:34.668664+00:00,2026-07-29T19:06:06.203728+00:00,887,0,waived,entry,,,4db5281a-3174-4b86-b81d-d3b493e8a6bc
۳۶ب۹۸۳-۱۷,waived,2026-07-29T04:18:06.152016+00:00,2026-07-29T19:06:06.203728+00:00,888,0,waived,entry,,,8a190b7d-23e7-497a-b6d9-0ff270d5b6bc
۹۳د۴۸۲-۱۷,waived,2026-07-29T04:17:23.832089+00:00,2026-07-29T19:06:06.203728+00:00,888,0,waived,entry,,,5fd65359-f62e-48f3-be32-1fd30e6ab6b8
۷۳د۳۴۳-۱۷,waived,2026-07-29T04:17:10.391617+00:00,2026-07-29T08:11:04.981411+00:00,233,185833,waived,entry,exit,,0cef1d19-f9cb-444d-ae51-d44f2a4593fb
۳۶ب۷۸۵-۱۷,waived,2026-07-29T04:16:52.463966+00:00,2026-07-29T19:06:06.203728+00:00,889,0,waived,entry,,,d612bd51-e312-4fa0-8624-c7040a2ed0e2
۵۴ب۲۶۵-۱۷,waived,2026-07-29T04:16:41.538129+00:00,2026-07-29T11:32:24.234237+00:00,435,354166,waived,entry,exit,,bd132b13-c095-4dff-9975-c2fe72525b55
۹۷ی۲۷۲-۱۷,waived,2026-07-29T04:16:21.682946+00:00,2026-07-29T06:21:28.342893+00:00,125,95833,waived,entry,exit,,9713e107-610d-4c9c-8d16-52f899048ea6
۳۵ه۹۱۸-۱۷,waived,2026-07-29T04:15:32.392205+00:00,2026-07-29T05:40:25.919507+00:00,84,61666,waived,entry,exit,,e9cf3321-a9e4-4858-bfc3-d1fd28718ee1
۷۵ی۴۷۱-۱۷,waived,2026-07-29T04:15:21.206413+00:00,2026-07-29T19:06:06.203728+00:00,890,0,waived,entry,,,6c62111c-ffd6-45f0-b992-2982693aafc5
۲۲و۳۴۹-۱۷,waived,2026-07-29T04:13:42.649496+00:00,2026-07-29T19:06:06.203728+00:00,892,0,waived,entry,,,1faf072a-3c34-4e63-ae54-2e9e10fcbc94
۵۶ط۲۸۷-۱۷,waived,2026-07-29T04:12:37.405043+00:00,2026-07-29T10:48:18.770369+00:00,395,320833,waived,entry,exit,,1edc8ea7-df61-46c0-b75f-69f67c02fd4d
۳۶ب۷۸۵-۱۷,waived,2026-07-29T04:11:59.320607+00:00,2026-07-29T19:06:06.203728+00:00,894,0,waived,entry,,,f89c77d9-b862-4339-81d0-553d834585e5
۱۴ی۹۷۶-۱۷,waived,2026-07-29T04:11:57.079403+00:00,2026-07-29T05:25:47.717629+00:00,73,52500,waived,entry,exit,,ba55e256-0865-4812-95e5-243ef79b2709
۱۲و۲۳۸-۱۷,waived,2026-07-29T04:11:23.490391+00:00,2026-07-29T19:06:06.203728+00:00,894,0,waived,entry,,,a8c10d51-8cfa-481a-8264-b4688c8810d2
۴۹ب۵۶۴-۱۷,waived,2026-07-29T04:10:39.248092+00:00,2026-07-29T19:06:06.203728+00:00,895,0,waived,entry,,,b2080b4a-909f-4e6a-8ff9-72f2effe146b
۷۳د۳۳۹-۱۷,waived,2026-07-29T04:10:34.766354+00:00,2026-07-29T11:32:38.255094+00:00,442,360000,waived,entry,exit,,9c1f4627-02ac-4b7d-bc25-22c3ef2dd122
۹۷و۲۵۱-۱۷,waived,2026-07-29T04:09:18.600035+00:00,2026-07-29T06:08:39.989679+00:00,119,90833,waived,entry,exit,,959f9357-e282-448f-853a-b450d8688309
۸۵ق۸۴۹-۹۷,waived,2026-07-29T04:08:53.967910+00:00,2026-07-29T19:06:06.203728+00:00,897,0,waived,entry,,,f6106460-5f7d-4a00-9811-3afbfbd7af43
۷۴ل۶۳۶-۱۷,waived,2026-07-29T04:07:37.796018+00:00,2026-07-29T12:13:41.116384+00:00,486,396666,waived,entry,exit,,0faca407-d07d-4564-86f3-0c07c2af74e4
۱۲و۲۳۸-۱۷,waived,2026-07-29T04:07:19.881119+00:00,2026-07-29T19:06:06.203728+00:00,898,0,waived,entry,,,fa6a32db-1c80-4656-a9f3-a76f2e42eec4
۲۱ج۷۱۷-۱۷,waived,2026-07-29T04:06:37.332715+00:00,2026-07-29T19:06:06.203728+00:00,899,0,waived,entry,,,5b4c5b9a-58bf-4306-b8a7-218bece111d3
۱۷م۶۷۹-۱۷,waived,2026-07-29T04:06:06.554513+00:00,2026-07-29T13:48:57.643469+00:00,582,400000,waived,entry,exit,,9936b6d7-68f6-4d97-97ad-2d16085090b4
۳۹ی۸۸۱-۱۷,waived,2026-07-29T04:03:59.386124+00:00,2026-07-29T19:06:06.203728+00:00,902,0,waived,entry,,,bfe9c40e-a814-4601-af46-94f6af685f2e
۹۱ی۱۷۴-۱۷,waived,2026-07-29T04:03:57.150216+00:00,2026-07-29T14:18:17.133264+00:00,614,400000,waived,entry,exit,,ca71b0c3-aba7-4a12-9b8a-a87641b6113b
۲۸ب۶۷۲-۱۷,waived,2026-07-29T04:03:45.978670+00:00,2026-07-29T19:06:06.203728+00:00,902,0,waived,entry,,,5989e9a9-77d2-490e-9133-b9dbd2fe386c
۶۴ی۳۶۱-۱۷,waived,2026-07-29T04:02:39.290240+00:00,2026-07-29T04:06:16.365937+00:00,3,0,waived,entry,exit,,2b2601a9-5656-4ce7-91bd-4a29d25a30ba
۴۶ه۲۱۳-۱۷,waived,2026-07-28T15:44:05.114714+00:00,2026-07-28T15:45:05.114714+00:00,1,0,waived,entry,exit,,2a6c9d90-08bc-4d8c-9e90-2a993609cf7b
۶۶ت۲۹۲-۱۷,waived,2026-07-28T15:36:16.649705+00:00,2026-07-28T15:39:16.649705+00:00,3,0,waived,entry,exit,,ec1f16a7-0381-4623-a2da-aafb7dcc5e76
۸۱ق۸۸۱-۳۷,flagged,2026-07-28T15:32:23.826124+00:00,,,0,,entry,,,f43d6e0b-feaa-4a60-b2d2-ef35e2c80615
۷۸ی۳۳۸-۱۷,flagged,2026-07-28T15:31:23.316516+00:00,,,0,,entry,,,cbe9b708-34f4-4b74-b07a-95ecd1f2bf32
۵۸و۶۲۳-۱۷,waived,2026-07-28T15:28:33.601502+00:00,2026-07-28T15:30:33.601502+00:00,2,0,waived,entry,exit,,35bfb8a5-4c3a-4ca4-bd87-7515a09e5500
۴۶س۵۵۴-۱۷,flagged,2026-07-28T15:27:54.987654+00:00,,,0,,entry,,,57af814b-fbe9-4b11-9c48-9f9b8788c3e9
۶۵ت۶۱۴-۱۷,waived,2026-07-28T15:01:30.936066+00:00,2026-07-28T15:04:30.936066+00:00,3,0,waived,entry,exit,,fd9f6f66-3772-4a07-a449-90337348963b
۵۲م۶۸۲-۱۷,waived,2026-07-28T14:59:17.818028+00:00,2026-07-28T15:04:17.818028+00:00,5,0,waived,entry,exit,,3abed4f6-bd68-4e2c-8b88-68ed561a73a6
۴۲ق۷۲۲-۳۷,waived,2026-07-28T14:54:42.150412+00:00,2026-07-28T14:58:42.150412+00:00,4,0,waived,entry,exit,,00c323c6-5c8d-4e76-863d-6525beabef56
۶۲و۱۶۵-۱۷,waived,2026-07-28T14:49:42.271712+00:00,2026-07-28T15:01:42.271712+00:00,12,1666,waived,entry,exit,,59e071ce-140f-4a09-8b73-f5e19ab7f139
۳۳ص۷۲۷-۱۷,waived,2026-07-28T14:29:04.287874+00:00,2026-07-28T14:34:04.287874+00:00,5,0,waived,entry,exit,,374bf6ca-c880-40c0-80ca-3d1efc7e1568
۷۵ق۶۱۶-۳۷,waived,2026-07-28T14:25:32.955066+00:00,2026-07-28T14:36:32.955066+00:00,11,833,waived,entry,exit,,d9c00e1f-d68a-46f1-b33f-0f294142f7cf
۳۹ی۷۸۷-۲۷,waived,2026-07-28T14:24:08.050104+00:00,2026-07-28T14:32:08.050104+00:00,8,0,waived,entry,exit,,20669730-7e11-4b6c-bec3-fbeb5ea03603
۴۴ی۴۲۲-۱۷,flagged,2026-07-28T14:23:32.987181+00:00,,,0,,entry,,,b81a0c84-2177-4b31-9b45-c73a07224f0c
۳۳س۶۸۹-۱۷,flagged,2026-07-28T14:21:26.595057+00:00,,,0,,entry,,,a14bb220-6bc3-4a4e-a4d7-3ad00e62cade
۷۱ه۳۱۱-۱۷,waived,2026-07-28T14:20:56.542235+00:00,2026-07-28T14:23:56.542235+00:00,3,0,waived,entry,exit,,09d30553-9aa0-4485-aea4-790a1c67e3c0
۳۵ص۳۵۳-۱۷,waived,2026-07-28T14:20:16.120678+00:00,2026-07-28T14:48:16.120678+00:00,28,15000,waived,entry,exit,,7a847543-8991-408d-b822-4b18b233b474
۲۲ی۳۷۷-۱۷,waived,2026-07-28T14:14:24.908780+00:00,2026-07-28T14:18:24.908780+00:00,4,0,waived,entry,exit,,21a6f83f-c71d-40ba-98df-f2e115653e91
۳۶ه۴۹۴-۱۷,waived,2026-07-28T14:14:20.689965+00:00,2026-07-28T14:17:20.689965+00:00,3,0,waived,entry,exit,,8e3568b3-466b-43e4-9c05-6c83c2a100c3
۸۲و۲۳۲-۱۷,flagged,2026-07-28T14:00:36.967617+00:00,,,0,,entry,,,c9fa894e-c240-488f-af80-8a08c6f32c7e
۷۶و۵۷۸-۱۷,waived,2026-07-28T13:59:35.621883+00:00,2026-07-28T14:04:35.621883+00:00,5,0,waived,entry,exit,,80c12db6-6495-4b2e-ad1b-769db008015d
۵۹ن۸۹۲-۱۷,waived,2026-07-28T13:42:52.240023+00:00,2026-07-28T13:45:52.240023+00:00,3,0,waived,entry,exit,,7c230a85-ce75-4782-9a2b-011829b54a80
۵۳ی۳۲۸-۲۷,waived,2026-07-28T13:41:00.648097+00:00,2026-07-28T14:15:00.648097+00:00,34,20000,waived,entry,exit,,4632d62a-f63b-40c4-8f8a-c5f0fb75bd72
۵۸م۹۳۶-۱۷,waived,2026-07-28T13:40:49.763775+00:00,2026-07-28T13:47:49.763775+00:00,7,0,waived,entry,exit,,66e5c03f-15ca-476d-85d9-96652d6dd3d4
۷۲ط۵۲۶-۹۹,waived,2026-07-28T13:32:18.219665+00:00,2026-07-28T14:01:18.219665+00:00,29,15833,waived,entry,exit,,1569e912-f4b7-47b0-88e7-fd5d272b1bde
۷۱ی۳۹۲-۱۷,waived,2026-07-28T13:30:44.191579+00:00,2026-07-28T13:37:44.191579+00:00,7,0,waived,entry,exit,,5fd2542d-fab2-4707-9fa9-9f2546297250
۲۵م۱۳۲-۱۷,waived,2026-07-28T13:28:59.620908+00:00,2026-07-28T13:36:59.620908+00:00,8,0,waived,entry,exit,,de43d115-d30f-4b28-983c-117a78b3f407
۶۲و۱۶۵-۱۷,waived,2026-07-28T13:22:18.869129+00:00,2026-07-28T13:41:18.869129+00:00,19,7500,waived,entry,exit,,f4d266f6-d7c0-418f-9619-d73233e928f9
۷۸د۹۶۷-۱۷,waived,2026-07-28T13:15:18.888551+00:00,2026-07-28T13:22:18.888551+00:00,7,0,waived,entry,exit,,141ce68a-29ba-430d-b0b6-be4a621d8391
۲۵ب۹۲۴-۱۷,waived,2026-07-28T13:11:57.398581+00:00,2026-07-28T13:22:57.398581+00:00,11,833,waived,entry,exit,,43c10294-d3eb-4af7-b681-cbd789cc8494
۸۶ق۳۲۷-۳۷,waived,2026-07-28T13:03:59.508228+00:00,2026-07-28T13:07:59.508228+00:00,4,0,waived,entry,exit,,5c82e195-8f12-476b-93c0-77e5880ccfd1
۳۶د۹۵۳-۱۲,flagged,2026-07-28T12:57:59.080216+00:00,,,0,,entry,,,5a063a9a-3361-4894-b3af-5d1a52553549
۴۹ل۶۷۵-۱۷,waived,2026-07-28T12:55:12.972214+00:00,2026-07-28T13:01:12.972214+00:00,6,0,waived,entry,exit,,71455b2b-3b06-402b-9c25-34104693d7ef
۴۹د۸۴۷-۱۷,flagged,2026-07-28T12:51:36.310004+00:00,,,0,,entry,,,9e7913d1-3da0-4fb9-834c-22135b8313ab
۴۵ن۳۴۱-۱۷,flagged,2026-07-28T12:40:15.371729+00:00,,,0,,entry,,,94b32a05-3119-4d2e-b682-b2f768b2accc
۴۲م۵۶۴-۲۷,waived,2026-07-28T12:39:28.062614+00:00,2026-07-28T12:41:28.062614+00:00,2,0,waived,entry,exit,,cf8a93d6-2a43-4349-96eb-e3abf8b601ef
۵۳ج۱۸۷-۱۷,waived,2026-07-28T12:36:38.869161+00:00,2026-07-28T13:12:38.869161+00:00,36,21666,waived,entry,exit,,da291276-3565-4f93-aafc-f2b9e799991c
۴۹ل۶۷۵-۱۷,waived,2026-07-28T12:29:30.548197+00:00,2026-07-28T12:42:30.548197+00:00,13,2500,waived,entry,exit,,e6731987-94a6-474c-b8a9-aaead0a8beea
۲۴ل۷۲۴-۱۷,waived,2026-07-28T12:13:33.387235+00:00,2026-07-28T13:05:33.387235+00:00,52,35000,waived,entry,exit,,3a93e74a-b5ff-47bf-ab45-b85f6d508aaa
۳۵ب۵۹۷-۱۷,flagged,2026-07-28T12:10:34.383438+00:00,,,0,,entry,,,11de09a6-e40f-4fc6-955b-d0eb4a7fe823
۴۱م۹۴۳-۱۷,flagged,2026-07-28T12:05:15.714719+00:00,,,0,,entry,,,e2e0e392-938a-45fb-848b-7550f11bf3e7
۸۷و۲۳۵-۱۵,waived,2026-07-28T12:04:18.943242+00:00,2026-07-28T12:15:18.943242+00:00,11,833,waived,entry,exit,,234801ff-d67a-4156-8ff4-1d229a954beb
۴۷و۱۸۳-۱۷,flagged,2026-07-28T11:59:36.968544+00:00,,,0,,entry,,,d836a81c-7767-4b90-b239-b155380c3596
۲۸ب۶۷۲-۱۷,flagged,2026-07-28T11:56:24.572739+00:00,,,0,,entry,,,bf5a2e73-2a2f-4e24-9126-020b183f2390
۹۹م۹۷۵-۱۷,waived,2026-07-28T11:47:11.297373+00:00,2026-07-28T12:02:11.297373+00:00,15,4166,waived,entry,exit,,9afdd981-e6d2-492e-938d-6f4ba2884034
۲۳ق۳۴۱-۳۷,waived,2026-07-28T11:47:06.767402+00:00,2026-07-28T12:08:06.767402+00:00,21,9166,waived,entry,exit,,f0431178-7cbc-475e-b961-b06399a86505
۲۱ع۴۵۶-۱۷,waived,2026-07-28T11:39:55.628611+00:00,2026-07-28T11:42:55.628611+00:00,3,0,waived,entry,exit,,1d01d737-ad42-4052-9fb5-a580016bac22
۵۸و۶۲۵-۱۷,waived,2026-07-28T11:33:51.926147+00:00,2026-07-28T11:37:51.926147+00:00,4,0,waived,entry,exit,,e130a4f2-612d-4dc9-9ead-a86394b7041e
۷۴ج۴۱۹-۱۷,waived,2026-07-28T11:30:51.901127+00:00,2026-07-28T11:56:51.901127+00:00,26,13333,waived,entry,exit,,5338d770-be36-4318-bc09-a99f22fe2f3c
۷۶ط۹۳۹-۱۷,waived,2026-07-28T11:24:29.412199+00:00,2026-07-28T13:15:29.412199+00:00,111,84166,waived,entry,exit,,a1b2a632-eade-4e82-8d96-367b9ef5ee05
۳۴م۳۷۸-۱۷,waived,2026-07-28T11:19:51.725936+00:00,2026-07-28T13:26:51.725936+00:00,127,97500,waived,entry,exit,,6e9e49dd-ca24-469f-bbf1-9f97f41a1a29
۳۶۹۵۳-۱۷,flagged,2026-07-28T11:18:04.074345+00:00,,,0,,entry,,,dd80a0c8-9532-49c3-9d82-beefa322e8da
۹۶ن۲۷۳-۱۷,waived,2026-07-28T11:16:56.150302+00:00,2026-07-28T11:25:56.150302+00:00,9,0,waived,entry,exit,,869f87fb-7397-404a-b683-e7ebf8985abd
۵۳ص۹۵۱-۱۷,flagged,2026-07-28T11:15:16.326380+00:00,,,0,,entry,,,78654f7e-5829-4e0f-a6d0-35cad58a4a3a
۷۲و۴۸۳-۱۷,flagged,2026-07-28T11:14:43.481262+00:00,,,0,,entry,,,aefdb323-38b6-4896-9b0d-affbba963577
۴۹ل۶۷۵-۱۷,waived,2026-07-28T11:12:46.676204+00:00,2026-07-28T11:15:46.676204+00:00,3,0,waived,entry,exit,,a53af669-a67e-409d-9993-f7ec3a4dc8c7
۲۸ی۹۲۷-۱۷,waived,2026-07-28T11:12:32.224311+00:00,2026-07-28T14:21:32.224311+00:00,189,149166,waived,entry,exit,,be48c11e-92d1-4dbd-a7f7-f434c51de922
۴۱ه۳۴۶-۱۷,waived,2026-07-28T11:11:06.678201+00:00,2026-07-28T13:55:06.678201+00:00,164,128333,waived,entry,exit,,4b91ae70-1192-4b41-84d6-aed788bb488f
۶۲ق۴۱۸-۱۷,flagged,2026-07-28T11:09:09.247085+00:00,,,0,,entry,,,bbc5b804-ca47-4d27-b585-441ed2f90ba8
۳۳ن۹۳۳-۱۷,waived,2026-07-28T11:06:23.643480+00:00,2026-07-28T11:15:23.643480+00:00,9,0,waived,entry,exit,,21411975-76d5-4c3a-9afa-e695c35a40b6
۶۱س۸۲۵-۱۷,waived,2026-07-28T11:06:13.389992+00:00,2026-07-28T11:13:13.389992+00:00,7,0,waived,entry,exit,,168827bf-261f-4262-be3e-513aa0490292
۶۲ه۲۲۶-۱۷,waived,2026-07-28T11:05:42.514056+00:00,2026-07-28T11:12:42.514056+00:00,7,0,waived,entry,exit,,1efeb7f0-8025-49e8-ba2f-4a20d074ecc9
۱۶ی۵۵۹-۱۷,waived,2026-07-28T11:02:27.121004+00:00,2026-07-28T11:05:27.121004+00:00,3,0,waived,entry,exit,,b325ace6-4783-4d23-8e74-d56d04397ea3
۶۶م۴۴۲-۱۷,waived,2026-07-28T11:01:27.100353+00:00,2026-07-28T13:02:27.100353+00:00,121,92500,waived,entry,exit,,d8d0d403-4468-42cb-90cc-1f555bb6bf25
۵۴ط۹۷۹-۱۷,waived,2026-07-28T11:01:11.296852+00:00,2026-07-28T11:04:11.296852+00:00,3,0,waived,entry,exit,,525553d6-74aa-4da0-9df9-7621034ae0e8
۷۵ی۲۱۴-۲۷,waived,2026-07-28T10:54:45.994938+00:00,2026-07-28T11:14:45.994938+00:00,20,8333,waived,entry,exit,,2d60a6cd-6b75-4f7c-a345-4d48b447631f
۲۲س۲۷۷-۲۷,waived,2026-07-28T10:53:32.098009+00:00,2026-07-28T10:58:32.098009+00:00,5,0,waived,entry,exit,,0b21d1e3-d7cb-4471-af7c-e078f559ad1f
۳۵ه۹۷۵-۱۷,waived,2026-07-28T10:51:10.118257+00:00,2026-07-28T10:54:10.118257+00:00,3,0,waived,entry,exit,,059df0dd-315f-4c48-9af4-3ea3dcb5d4fd
۶۸م۷۶۷-۱۷,waived,2026-07-28T10:49:01.486705+00:00,2026-07-28T10:56:01.486705+00:00,7,0,waived,entry,exit,,64c4458f-a98f-4498-ab74-7de5403dfd35
۷۶ی۲۴۶-۱۷,waived,2026-07-28T10:47:34.443264+00:00,2026-07-28T10:52:34.443264+00:00,5,0,waived,entry,exit,,26659b99-cb4c-4f43-9b24-217212b21849
۱۴ج۷۹۸-۱۷,flagged,2026-07-28T10:46:30.328637+00:00,,,0,,entry,,,de614f79-12a6-4118-bca8-a25f56852e69
۴۷ی۸۴۵-۱۷,waived,2026-07-28T10:44:46.795252+00:00,2026-07-28T10:47:46.795252+00:00,3,0,waived,entry,exit,,5edf744f-fbe8-4cd5-b49c-a8c3c00de2ca
۶۲و۱۶۵-۱۷,waived,2026-07-28T10:42:36.095806+00:00,2026-07-28T10:44:36.095806+00:00,2,0,waived,entry,exit,,ecda8753-c31f-4eda-aa46-ecda87ed2470
۱۵ی۷۲۹-۱۷,flagged,2026-07-28T10:41:37.178559+00:00,,,0,,entry,,,e0844f72-8668-425d-94c0-ff9cba8114c6
۱۴د۳۷۱-۱۷,waived,2026-07-28T10:39:56.307743+00:00,2026-07-28T13:07:56.307743+00:00,148,115000,waived,entry,exit,,e4da0cc0-b4f8-486f-b95a-d38c69f7735f
۶۲د۹۷۸-۱۷,flagged,2026-07-28T10:39:52.793162+00:00,,,0,,entry,,,fb50283d-a214-4263-9817-e8c5cdea46d9
۴۱س۷۲۷-۲۷,waived,2026-07-28T10:38:44.664330+00:00,2026-07-28T11:18:44.664330+00:00,40,25000,waived,entry,exit,,1cd045ef-9637-409f-9eac-2ee6e34d8d1e
۱۹ی۷۲۷-۱۷,flagged,2026-07-28T10:38:17.340498+00:00,,,0,,entry,,,82c5f07f-7961-4f4f-a7ec-7bb05b07dfcb
۱۹و۹۸۳-۱۷,flagged,2026-07-28T10:33:33.926922+00:00,,,0,,entry,,,a6c46243-8ae2-4280-97dd-fff840cfed9b
۶۷د۵۵۶-۱۷,waived,2026-07-28T10:30:49.413930+00:00,2026-07-28T10:33:49.413930+00:00,3,0,waived,entry,exit,,737a6944-69e3-4456-b4e0-82061a9a5ee0
۵۲ب۴۲۳-۱۷,waived,2026-07-28T10:25:08.454920+00:00,2026-07-28T10:29:08.454920+00:00,4,0,waived,entry,exit,,5caf990d-ee24-4c8a-b27d-14be1cceb2a1
۳۱ن۳۶۷-۱۷,waived,2026-07-28T10:24:52.112608+00:00,2026-07-28T10:27:52.112608+00:00,3,0,waived,entry,exit,,fafd1972-b08c-4c70-8715-91cc50702630
۶۲م۲۲۸-۱۷,waived,2026-07-28T10:24:20.799805+00:00,2026-07-28T10:28:20.799805+00:00,4,0,waived,entry,exit,,6a38acf6-866e-4b1a-ad00-7a9626ae62f8
۶۸ه۱۳۱-۳۵,waived,2026-07-28T10:24:17.620180+00:00,2026-07-28T12:00:17.620180+00:00,96,71666,waived,entry,exit,,7546d54e-9038-45af-a06f-3ac57f37189c
۳۷ب۸۱۳-۱۷,waived,2026-07-28T10:23:08.891892+00:00,2026-07-28T11:10:08.891892+00:00,47,30833,waived,entry,exit,,ac0a1505-0ef7-4b2b-b76d-15b2ea4dd27b
۳۷ص۶۲۴-۱۷,waived,2026-07-28T10:21:57.678536+00:00,2026-07-28T12:35:57.678536+00:00,134,103333,waived,entry,exit,,dbf23156-d4b8-4405-8c1b-609871396b19
۲۳د۲۸۴-۱۷,waived,2026-07-28T10:18:17.092939+00:00,2026-07-28T10:21:17.092939+00:00,3,0,waived,entry,exit,,a8a6556c-089b-4a09-998d-0f3c0cf47b0b
۴۹ل۶۷۵-۱۷,waived,2026-07-28T10:18:00.257149+00:00,2026-07-28T10:22:00.257149+00:00,4,0,waived,entry,exit,,3cd652e1-93be-431f-bf38-d03453f35b6b
۲۵ی۹۲۶-۱۷,waived,2026-07-28T10:14:49.097174+00:00,2026-07-28T13:38:49.097174+00:00,204,161666,waived,entry,exit,,c42f3c9e-a92e-4cc1-b6d0-1b5e2f6913d6
۷۶و۹۴۸-۱۷,waived,2026-07-28T10:14:03.141455+00:00,2026-07-28T11:19:03.141455+00:00,65,45833,waived,entry,exit,,9c54e3ac-8f6b-46a2-b56a-19590240492a
۱۸ق۲۲۷-۱۵,flagged,2026-07-28T10:13:38.669226+00:00,,,0,,entry,,,b879cd44-d213-4ca2-831a-249cd4f29308
۹۷د۵۵۲-۱۷,flagged,2026-07-28T10:12:11.206335+00:00,,,0,,entry,,,04d4699a-2480-4bb0-8b73-dff8b03ae3dc
۱۵ه۸۹۳-۱۷,flagged,2026-07-28T10:10:42.955905+00:00,,,0,,entry,,,92185ae3-790f-4c8c-9d78-2dceed957b5d
۷۷ن۳۳۴-۱۷,waived,2026-07-28T10:04:51.478825+00:00,2026-07-28T10:06:51.478825+00:00,2,0,waived,entry,exit,,8f019f3b-d7ff-4fd5-af9f-d6c8c1068d85
۶۹ق۸۵۵-۳۷,waived,2026-07-28T10:03:28.507390+00:00,2026-07-28T10:06:28.507390+00:00,3,0,waived,entry,exit,,8f38f521-318c-495e-b5a6-f814b89c5270
۴۹س۶۲۳-۱۷,waived,2026-07-28T10:01:09.229007+00:00,2026-07-28T12:03:09.229007+00:00,122,93333,waived,entry,exit,,72a75744-f21f-43cd-bb66-aeef5cff536f
۲۴ی۷۷۹-۱۷,waived,2026-07-28T09:59:14.975799+00:00,2026-07-28T10:01:14.975799+00:00,2,0,waived,entry,exit,,a02650da-c348-4921-b4d3-7907bc2a48ff
۱۴و۶۸۱-۱۷,waived,2026-07-28T09:59:10.527198+00:00,2026-07-28T10:27:10.527198+00:00,28,15000,waived,entry,exit,,40deaff2-d8b5-435f-84ea-2ea660ef5e51
۸۱ه۱۳۵-۱۷,waived,2026-07-28T09:57:13.779738+00:00,2026-07-28T11:22:13.779738+00:00,85,62500,waived,entry,exit,,b808e9ed-2cdc-4d1c-9bd1-dddd3325f9e7
۱۷م۶۷۹-۱۷,waived,2026-07-28T09:56:56.913739+00:00,2026-07-28T13:07:56.913739+00:00,191,150833,waived,entry,exit,,778aa991-4ec6-41e9-a66c-e67b346803d6
۶۴ی۷۲۸-۱۷,waived,2026-07-28T09:56:50.749338+00:00,2026-07-28T10:00:50.749338+00:00,4,0,waived,entry,exit,,3d2a7883-e42a-4b3c-ba3a-0b6cdb7193e8
۸۲ق۷۴۲-۳۵,waived,2026-07-28T09:54:53.622160+00:00,2026-07-28T10:04:53.622160+00:00,10,0,waived,entry,exit,,7a7538ea-2f90-4950-a369-5f516c4feb20
۴۸ق۹۷۵-۱۷,flagged,2026-07-28T09:52:21.273564+00:00,,,0,,entry,,,89ceac73-595b-4848-aadd-0168b319799c
۵۷ه۶۱۱-۱۷,waived,2026-07-28T09:51:48.242231+00:00,2026-07-28T11:34:48.242231+00:00,103,77500,waived,entry,exit,,ffe2295f-c9bf-47b3-b9bb-3f98e5486689
۸۴ل۱۳۲-۱۷,waived,2026-07-28T09:51:39.184168+00:00,2026-07-28T10:16:39.184168+00:00,25,12500,waived,entry,exit,,75554de6-2879-4730-a5b8-ce8c96eabee0
۴۱ب۶۸۸-۱۷,flagged,2026-07-28T09:50:22.897876+00:00,,,0,,entry,,,3dc20e80-6e87-49c6-a860-2027d2caafe7
۴۸ت۶۲۷-۱۷,waived,2026-07-28T09:50:02.524412+00:00,2026-07-28T10:24:02.524412+00:00,34,20000,waived,entry,exit,,c5ed27b4-8aed-4d46-9cdd-3a9c29dfe9f4
۳۴ب۹۵۳-۱۷,waived,2026-07-28T09:48:59.929320+00:00,2026-07-28T09:53:59.929320+00:00,5,0,waived,entry,exit,,c4bb1103-f09d-4fa7-b4f1-dae3dd1c892a
۶۶ن۲۸۷-۱۷,waived,2026-07-28T09:46:15.810515+00:00,2026-07-28T13:10:15.810515+00:00,204,161666,waived,entry,exit,,89889c84-a15c-42fd-9763-fb25bff7b706
۹۶ل۶۱۸-۱۷,waived,2026-07-28T09:42:26.540793+00:00,2026-07-28T09:49:26.540793+00:00,7,0,waived,entry,exit,,99a90c1e-eed0-47b9-9405-25a20f6c247b
۱۳ج۲۴۶-۱۷,waived,2026-07-28T09:40:18.035535+00:00,2026-07-28T09:43:18.035535+00:00,3,0,waived,entry,exit,,208335a5-6266-4d4c-9733-5aca2ccd8f03
۷۵و۵۱۱-۱۷,waived,2026-07-28T09:36:32.093833+00:00,2026-07-28T09:41:32.093833+00:00,5,0,waived,entry,exit,,d1b6a679-b792-4e97-b3e9-d199aed99968
۹۲ه۱۴۷-۱۷,completed,2026-07-28T09:35:47.429594+00:00,2026-07-28T15:12:47.429594+00:00,337,272500,cash,entry,exit,,ad68fb32-ca50-4ceb-93f6-439c2be738ec
۲۴ی۷۷۹-۱۷,waived,2026-07-28T09:34:59.283594+00:00,2026-07-28T09:36:59.283594+00:00,2,0,waived,entry,exit,,6e4df696-c357-4715-879b-e4779a46fcbb
۸۸ق۸۹۸-۹۹,waived,2026-07-28T09:29:56.129617+00:00,2026-07-28T09:35:56.129617+00:00,6,0,waived,entry,exit,,3ea6f343-5e5f-4b33-96c3-d71b06efac0e
۹۷و۲۳۳-۱۷,flagged,2026-07-28T09:28:45.759628+00:00,,,0,,entry,,,1a9cf4b8-8713-478f-a8a9-09c8c8253341
۸۸ه۲۷۸-۸۸,flagged,2026-07-28T09:28:13.704933+00:00,,,0,,entry,,,334957ec-0d4e-4cc1-8e55-ea191cd9c954
۶۹ج۸۳۵-۱۷,waived,2026-07-28T09:24:42.663124+00:00,2026-07-28T10:45:42.663124+00:00,81,59166,waived,entry,exit,,5c809842-0956-4333-81ed-6b1b9e36909c
۴۹ل۶۷۵-۱۷,waived,2026-07-28T09:24:19.526676+00:00,2026-07-28T10:17:19.526676+00:00,53,35833,waived,entry,exit,,175d1f41-fc94-4bce-a3fc-89300a8293f7
۴۸و۷۳۲-۱۷,waived,2026-07-28T09:24:09.210868+00:00,2026-07-28T10:35:09.210868+00:00,71,50833,waived,entry,exit,,4f0f9f6b-48e4-4e86-8cc9-ae7537d5e93a
۵۷ی۵۸۹-۱۷,flagged,2026-07-28T09:24:00.578506+00:00,,,0,,entry,,,ad17bb57-344e-4637-a305-72acf8b5bae0
۲۴ل۷۲۴-۱۷,waived,2026-07-28T09:23:06.598971+00:00,2026-07-28T10:51:06.598971+00:00,88,65000,waived,entry,exit,,f6a3c309-d02e-4472-8ed1-0c2611b9a382
۶۲د۹۷۸-۱۷,waived,2026-07-28T09:22:53.078552+00:00,2026-07-28T10:05:53.078552+00:00,43,27500,waived,entry,exit,,072a8255-e4cf-49cd-b279-5b637dcbf968
۸۴ه۳۷۳-۱۷,waived,2026-07-28T09:20:27.362336+00:00,2026-07-28T13:21:27.362336+00:00,241,192500,waived,entry,exit,,a993e235-af59-4d97-99ab-6b21392c0e60
۱۲س۸۷۲-۱۷,flagged,2026-07-28T09:18:45.614924+00:00,,,0,,entry,,,16c51f7b-6999-4fa3-ab4a-9ff02ae9cfb8
۱۸ب۶۷۴-۵۵,waived,2026-07-28T09:14:42.257542+00:00,2026-07-28T13:24:42.257542+00:00,250,200000,waived,entry,exit,,7f48f2a6-5187-4647-a2fa-5ea074206350
۹۳ه۸۴۱-۱۷,waived,2026-07-28T09:13:02.638090+00:00,2026-07-28T10:19:02.638090+00:00,66,46666,waived,entry,exit,,9e51025d-977d-4235-a35c-fdf66bd882f8
۲۱م۴۳۵-۱۷,waived,2026-07-28T09:08:25.016844+00:00,2026-07-28T09:32:25.016844+00:00,24,11666,waived,entry,exit,,8a824d80-5262-4f2b-b176-234a4ee8ec32
۹۸ب۶۴۱-۱۷,waived,2026-07-28T09:06:53.370929+00:00,2026-07-28T11:01:53.370929+00:00,115,87500,waived,entry,exit,,ad56be1f-4a93-42f0-b01f-d5e3c6c4b429
۸۴ط۳۸۹-۱۷,waived,2026-07-28T09:06:43.987640+00:00,2026-07-28T09:10:43.987640+00:00,4,0,waived,entry,exit,,6cfb497c-ee6a-454d-b6d8-d80a85ad951c
۵۵ط۸۱۵-۱۷,waived,2026-07-28T09:06:21.239518+00:00,2026-07-28T09:09:21.239518+00:00,3,0,waived,entry,exit,,c68332dd-f82c-415d-87af-e969563b75ad
۲۹ه۵۷۵-۱۷,waived,2026-07-28T08:57:27.561691+00:00,2026-07-28T11:18:27.561691+00:00,141,109166,waived,entry,exit,,04a6f51b-4c3d-4fb7-aa56-cd117065cecc
۲۵ط۵۵۶-۱۷,waived,2026-07-28T08:54:30.247378+00:00,2026-07-28T10:55:30.247378+00:00,121,92500,waived,entry,exit,,d1115f00-809d-468a-af0a-21e5714ab94d
۵۳ص۴۲۷-۱۷,flagged,2026-07-28T08:54:04.511182+00:00,,,0,,entry,,,588e481b-c5c0-4ba4-a5f4-5d547187ee30
۱۶ت۷۱۸-۱۷,waived,2026-07-28T08:53:42.567295+00:00,2026-07-28T08:56:42.567295+00:00,3,0,waived,entry,exit,,1ec5a91a-47b4-414d-948b-61adc5a92824
۲۶ط۲۸۲-۲۵,waived,2026-07-28T08:51:38.611851+00:00,2026-07-28T09:28:38.611851+00:00,37,22500,waived,entry,exit,,6bd2fe0d-942a-47ae-a751-811aa237e0f0
۴۹ل۶۷۵-۱۷,waived,2026-07-28T08:48:33.638544+00:00,2026-07-28T08:51:33.638544+00:00,3,0,waived,entry,exit,,d43d4009-3bc5-4e3a-ab18-1bc2214080dd
۱۷م۱۷۷-۱۷,waived,2026-07-28T08:48:19.308154+00:00,2026-07-28T10:48:19.308154+00:00,120,91666,waived,entry,exit,,c77184ea-d4e6-44f4-8b8b-e4373133595d
۵۹ب۵۳۹-۱۷,flagged,2026-07-28T08:47:45.155540+00:00,,,0,,entry,,,0bd8f2b1-383c-410f-8d13-5aad8fcdf568
۲۲ن۹۴۲-۱۵,waived,2026-07-28T08:47:14.800801+00:00,2026-07-28T11:26:14.800801+00:00,159,124166,waived,entry,exit,,a16364b5-c615-4019-89e1-db69bd3e0463
۲۴ن۹۴۸-۱۷,waived,2026-07-28T08:45:12.882129+00:00,2026-07-28T08:48:12.882129+00:00,3,0,waived,entry,exit,,1a2bbe83-28c0-4874-a017-1c4b9ee6f2d4
۱۸و۵۵۱-۱۷,waived,2026-07-28T08:41:56.884933+00:00,2026-07-28T11:16:56.884933+00:00,155,120833,waived,entry,exit,,045358c7-4262-4c1a-9208-0efe43ad4d6a
۹۱ج۷۵۷-۱۷,flagged,2026-07-28T08:38:35.792842+00:00,,,0,,entry,,,16b448e9-986d-4976-b8f5-da65d7297589
۸۸ج۳۴۳-۱۷,flagged,2026-07-28T08:37:24.247320+00:00,,,0,,entry,,,e7546245-859a-4444-8b55-19b0a4ae3f8e
۸۱و۱۳۳-۱۷,flagged,2026-07-28T08:33:02.554891+00:00,,,0,,entry,,,82bc5d59-a42e-4e29-9433-31c634ec3946
۹۳م۳۹۱-۱۷,waived,2026-07-28T08:32:04.515985+00:00,2026-07-28T09:23:04.515985+00:00,51,34166,waived,entry,exit,,a8653713-91c9-4759-8429-86f3d06d6fee
۱۳م۴۷۱-۳۷,waived,2026-07-28T08:31:23.168047+00:00,2026-07-28T10:05:23.168047+00:00,94,70000,waived,entry,exit,,74dd9f0d-9c13-449a-9265-ff19a837a6b6
۴۱ل۷۷۵-۱۷,flagged,2026-07-28T08:29:50.456645+00:00,,,0,,entry,,,682d831b-3375-4f27-98bc-ba5dd8b76e9c
۶۳ب۸۱۱-۱۷,waived,2026-07-28T08:26:36.749602+00:00,2026-07-28T08:41:36.749602+00:00,15,4166,waived,entry,exit,,066ab9e3-90f6-4ef4-8605-94ba68066d0e
۵۵م۱۷۶-۱۷,waived,2026-07-28T08:22:45.422435+00:00,2026-07-28T08:31:45.422435+00:00,9,0,waived,entry,exit,,c3e2deeb-cb23-4bf0-9257-14bb74e04ff1
۳۲ص۴۸۸-۱۷,flagged,2026-07-28T08:21:13.206399+00:00,,,0,,entry,,,dcc298b7-54f2-42ce-b97f-e3b374f8ca87
۶۳ط۳۷۹-۱۷,waived,2026-07-28T08:20:52.948123+00:00,2026-07-28T08:45:52.948123+00:00,25,12500,waived,entry,exit,,0d96225f-d613-4027-8313-55fbc93cd6a1
۸۳ق۵۹۸-۱۷,waived,2026-07-28T08:19:18.006616+00:00,2026-07-28T08:54:18.006616+00:00,35,20833,waived,entry,exit,,e3699da8-aad0-457c-a4d3-ce4e4f16a220
۶۸ی۱۵۹-۱۷,waived,2026-07-28T08:18:49.353650+00:00,2026-07-28T10:33:49.353650+00:00,135,104166,waived,entry,exit,,1d86bf09-0c06-4210-b19e-0bce2e3c29bb
۵۸ی۹۶۲-۱۷,waived,2026-07-28T08:17:42.904685+00:00,2026-07-28T10:07:42.904685+00:00,110,83333,waived,entry,exit,,a2efc2f5-d1f7-4ec9-be6c-7a9886363400
۵۲س۵۵۳-۱۷,flagged,2026-07-28T08:16:54.674701+00:00,,,0,,entry,,,7e15b027-8def-4829-ad98-45dea0772099
۴۵ی۲۸۶-۱۷,waived,2026-07-28T08:16:28.630498+00:00,2026-07-28T08:54:28.630498+00:00,38,23333,waived,entry,exit,,22fa355c-871b-4f73-ad71-98244102d5b2
۶۲ی۹۱۱-۱۷,waived,2026-07-28T08:15:02.335232+00:00,2026-07-28T10:29:02.335232+00:00,134,103333,waived,entry,exit,,a43593d2-2c23-47e8-bd18-2c7ec4e5c6f1
۸۵ی۲۹۸-۱۷,waived,2026-07-28T08:14:06.708857+00:00,2026-07-28T09:47:06.708857+00:00,93,69166,waived,entry,exit,,5ada0b22-3a6f-489b-8617-850a26734b39
۵۳س۲۸۶-۱۷,flagged,2026-07-28T08:11:28.665612+00:00,,,0,,entry,,,9fe2feae-d612-44ed-92d9-91b811caf9b2
۳۷ص۱۲۸-۱۴,flagged,2026-07-28T08:09:45.837624+00:00,,,0,,entry,,,022dcbf4-914d-4acd-a8d3-b9f81176d2c8
۱۸ی۳۸۴-۱۷,waived,2026-07-28T08:09:16.531065+00:00,2026-07-28T12:08:16.531065+00:00,239,190833,waived,entry,exit,,3386df00-3ff7-4dbf-883a-3be99140e4f2
۵۵س۹۵۱-۱۷,waived,2026-07-28T08:08:18.846919+00:00,2026-07-28T11:32:18.846919+00:00,204,161666,waived,entry,exit,,2660070e-7475-4de6-9e4c-6a689cb10bbb
۷۹ل۴۱۴-۱۷,flagged,2026-07-28T08:05:46.965124+00:00,,,0,,entry,,,5ffbb6f1-1a90-44e4-81a9-42389b3bfd7c
۳۴ی۷۲۱-۱۷,flagged,2026-07-28T08:05:17.254277+00:00,,,0,,entry,,,66588123-8f16-4dba-8f08-fd635acea857
۶۸و۲۱۸-۱۷,waived,2026-07-28T07:59:21.742390+00:00,2026-07-28T11:00:21.742390+00:00,181,142500,waived,entry,exit,,bd2e0322-1f84-4c3f-9ca4-1511f0caf653
۴۳ت۴۱۸-۱۷,waived,2026-07-28T07:58:44.944218+00:00,2026-07-28T08:15:44.944218+00:00,17,5833,waived,entry,exit,,e6b3f954-1bc9-47a8-9a7f-a02083b35527
۷۱ب۷۱۸-۱۷,waived,2026-07-28T07:54:59.666986+00:00,2026-07-28T11:27:59.666986+00:00,213,169166,waived,entry,exit,,76d266d1-74fb-4528-abcf-b3bdd7591d85
۵۷ه۶۱۱-۱۷,waived,2026-07-28T07:54:31.568308+00:00,2026-07-28T09:30:31.568308+00:00,96,71666,waived,entry,exit,,1f66bb42-37c2-4899-babc-e113e6184ef7
۱۴۷۲۸-۱۷,flagged,2026-07-28T07:54:30.864431+00:00,,,0,,entry,,,da557fdc-38dd-44f4-af74-bfd0d891331c
۴۹ج۳۳۸-۱۷,flagged,2026-07-28T07:54:15.866993+00:00,,,0,,entry,,,ef34bc66-4756-41f0-bcb7-5cd1a1a08f84
۹۶ن۹۴۴-۱۷,waived,2026-07-28T07:53:47.541743+00:00,2026-07-28T08:12:47.541743+00:00,19,7500,waived,entry,exit,,b9a5c305-5997-4de7-95a8-a1b33233fa48
۷۱و۹۶۶-۱۷,waived,2026-07-28T07:53:31.196497+00:00,2026-07-28T07:59:31.196497+00:00,6,0,waived,entry,exit,,16ee7a85-a886-4a0e-b3cf-193877f884ba
۹۵ی۵۵۱-۱۷,flagged,2026-07-28T07:53:28.744063+00:00,,,0,,entry,,,383dd3fe-f8b2-45bf-b20c-2b5117e57f92
۴۷س۵۲۴-۱۷,flagged,2026-07-28T07:51:08.696455+00:00,,,0,,entry,,,eb814765-716e-4fc4-b453-8437c1234830
۳۸ی۲۷۵-۲۷,waived,2026-07-28T07:50:32.972976+00:00,2026-07-28T08:57:32.972976+00:00,67,47500,waived,entry,exit,,d3796184-6cdd-4472-8bb8-83497966646f
۳۲و۲۴۵-۱۷,waived,2026-07-28T07:49:23.250890+00:00,2026-07-28T09:03:23.250890+00:00,74,53333,waived,entry,exit,,8ac23c60-4b74-4aa0-b9ac-b167284efab8
۲۸ق۱۲۸-۳۷,waived,2026-07-28T07:48:27.019312+00:00,2026-07-28T07:53:27.019312+00:00,5,0,waived,entry,exit,,1e2ccf8b-318a-4bb7-ba2a-b1d86f73c87b
۷۳ج۱۱۷-۱۷,flagged,2026-07-28T07:46:34.056994+00:00,,,0,,entry,,,8441e3aa-fbb6-4043-b69b-ea5bcee57f5e
۷۱س۴۱۵-۱۷,waived,2026-07-28T07:45:22.863755+00:00,2026-07-28T07:51:22.863755+00:00,6,0,waived,entry,exit,,ab4b7963-36cd-47f4-9718-52758a9ea1a2
۱۵ج۵۲۹-۱۷,waived,2026-07-28T07:44:53.038138+00:00,2026-07-28T08:12:53.038138+00:00,28,15000,waived,entry,exit,,47a5cb3b-9835-480c-b86d-50a32721907a
۷۷ی۲۶۴-۱۷,waived,2026-07-28T07:43:52.700624+00:00,2026-07-28T07:53:52.700624+00:00,10,0,waived,entry,exit,,062b039f-7c37-45e2-aef6-0add35032846
۳۴د۱۸۹-۱۷,waived,2026-07-28T07:42:59.366627+00:00,2026-07-28T09:28:59.366627+00:00,106,80000,waived,entry,exit,,2bd6f866-71a0-4ddc-9314-b63ed1ff176a
۶۶م۴۴۲-۱۷,waived,2026-07-28T07:42:33.087769+00:00,2026-07-28T09:12:33.087769+00:00,90,66666,waived,entry,exit,,f0d2aad2-86b1-4c22-838e-13de42d111ad
۵۳ب۱۶۸-۱۷,waived,2026-07-28T07:41:41.497167+00:00,2026-07-28T07:47:41.497167+00:00,6,0,waived,entry,exit,,717921ba-e1f6-4021-a8bc-e1726697e331
۷۲و۴۸۳-۱۷,waived,2026-07-28T07:41:07.488419+00:00,2026-07-28T10:19:07.488419+00:00,158,123333,waived,entry,exit,,949495a7-17d3-4dc2-93c4-dc456727da9a
۱۸ه۵۷۱-۱۷,flagged,2026-07-28T07:41:05.000313+00:00,,,0,,entry,,,9c2c650e-22d3-4da1-9408-bb4179c39ebf
۸۹م۲۷۸-۱۷,waived,2026-07-28T07:37:29.668868+00:00,2026-07-28T07:57:29.668868+00:00,20,8333,waived,entry,exit,,7b7ded43-abfc-4abb-923d-f385b40c8034
۶۴ب۷۲۱-۱۷,flagged,2026-07-28T07:37:00.966300+00:00,,,0,,entry,,,06869a36-565a-4a46-9ff8-bb1ae5084460
۹۹د۲۱۵-۱۷,flagged,2026-07-28T07:35:54.906573+00:00,,,0,,entry,,,8a6fde53-5d7c-4e7f-82d5-ef6e233ce16f
۴۳ص۴۱۹-۱۷,flagged,2026-07-28T07:35:01.537501+00:00,,,0,,entry,,,ae38dd73-df48-45d8-8db7-80b996d2c97f
۱۱ج۹۲۶-۱۷,flagged,2026-07-28T07:34:38.710878+00:00,,,0,,entry,,,5ea22931-ad6b-46e2-8009-7837ae958d47
۲۸ی۹۸۳-۱۷,waived,2026-07-28T07:34:09.879766+00:00,2026-07-28T08:03:09.879766+00:00,29,15833,waived,entry,exit,,4c45e397-db28-46ce-8266-f7447cf3add7
۲۲ی۵۶۱-۱۷,waived,2026-07-28T07:34:04.978433+00:00,2026-07-28T08:25:04.978433+00:00,51,34166,waived,entry,exit,,8fd46faa-e62a-4edc-8c2b-60c21b8c974a
۲۴ه۱۳۱-۱۷,waived,2026-07-28T07:31:06.579840+00:00,2026-07-28T07:46:06.579840+00:00,15,4166,waived,entry,exit,,5c2a6ca8-6a73-40da-b297-ea8ad856c8d5
۷۳و۴۹۴-۱۷,waived,2026-07-28T07:29:16.870154+00:00,2026-07-28T11:29:16.870154+00:00,240,191666,waived,entry,exit,,a303522c-922a-4907-9f3b-3120620165f6
۹۲م۸۲۴-۱۷,waived,2026-07-28T07:28:57.868315+00:00,2026-07-28T11:54:57.868315+00:00,266,213333,waived,entry,exit,,b4d963c9-1ee3-4208-977f-6b9554329e28
۴۹ل۶۷۵-۱۷,waived,2026-07-28T07:26:48.547296+00:00,2026-07-28T08:24:48.547296+00:00,58,40000,waived,entry,exit,,ff1575cd-6782-4ac0-aa12-ad6cbfbf5e5e
۱۹و۱۸۱-۱۷,waived,2026-07-28T07:25:31.906630+00:00,2026-07-28T07:29:31.906630+00:00,4,0,waived,entry,exit,,c4750857-d6bb-46f9-8326-601151255a04
۶۵ط۶۶۸-۱۷,waived,2026-07-28T07:25:05.685927+00:00,2026-07-28T09:09:05.685927+00:00,104,78333,waived,entry,exit,,936aadea-742e-4846-a239-4846888fc79e
۷۲ب۲۴۹-۱۷,waived,2026-07-28T07:24:34.109210+00:00,2026-07-28T07:27:34.109210+00:00,3,0,waived,entry,exit,,1033405f-6009-4730-9f2a-c4b0fa4eea82
۱۲د۲۵۲-۱۷,flagged,2026-07-28T07:23:18.661082+00:00,,,0,,entry,,,43d99082-e1ea-4555-a982-742b1d47f20f
۸۸ج۳۴۳-۱۷,waived,2026-07-28T07:21:53.249913+00:00,2026-07-28T07:41:53.249913+00:00,20,8333,waived,entry,exit,,eb8dd6a2-672f-4987-bfa5-23e707742060
۴۵ل۲۳۸-۱۷,waived,2026-07-28T07:21:41.858088+00:00,2026-07-28T07:26:41.858088+00:00,5,0,waived,entry,exit,,d822afd9-73b1-4f1f-a2aa-78002f5da741
۹۶ی۷۲۵-۱۷,waived,2026-07-28T07:20:47.171373+00:00,2026-07-28T08:39:47.171373+00:00,79,57500,waived,entry,exit,,5a1275eb-9d0b-4131-b2cb-85e9a98a678b
۴۳د۱۸۴-۳۷,waived,2026-07-28T07:20:04.656201+00:00,2026-07-28T08:34:04.656201+00:00,74,53333,waived,entry,exit,,15307acf-8342-4ce6-bf20-f01fbccbca04
۸۳ط۱۴۹-۳۷,waived,2026-07-28T07:18:54.561057+00:00,2026-07-28T08:43:54.561057+00:00,85,62500,waived,entry,exit,,95a7f25a-caad-4035-b322-4f38080ec971
۹۷ه۹۵۷-۱۷,waived,2026-07-28T07:18:17.537387+00:00,2026-07-28T14:04:17.537387+00:00,406,330000,waived,entry,exit,,7aa7da27-4e82-4924-a742-64251503d4fa
۱۷۲۸۶-۱۷,flagged,2026-07-28T07:16:21.272495+00:00,,,0,,entry,,,fdac5c0b-e330-4680-b32c-0f39eba51544
۳۴ب۹۵۳-۱۷,waived,2026-07-28T07:15:34.237938+00:00,2026-07-28T07:51:34.237938+00:00,36,21666,waived,entry,exit,,a1d950f2-f3b7-4c4a-b2e2-2908dea15c86
۱۸ل۷۸۳-۱۷,waived,2026-07-28T07:15:22.191038+00:00,2026-07-28T08:16:22.191038+00:00,61,42500,waived,entry,exit,,493a1e4d-0d04-4892-8450-72a8d9529d01
۸۹ب۷۱۵-۱۷,waived,2026-07-28T07:15:21.461523+00:00,2026-07-28T09:42:21.461523+00:00,147,114166,waived,entry,exit,,fe77cbb9-fd7e-4400-ad1d-bae7820bcb84
۵۲د۵۴۲-۱۷,flagged,2026-07-28T07:14:46.566771+00:00,,,0,,entry,,,c163efe8-c968-423b-a757-427170668854
۹۳و۲۷۳-۱۷,waived,2026-07-28T07:12:13.861115+00:00,2026-07-28T07:15:13.861115+00:00,3,0,waived,entry,exit,,2a71ffcc-acfc-486b-9841-cfb93b8bc974
۲۴ی۷۷۹-۱۷,waived,2026-07-28T07:12:07.030566+00:00,2026-07-28T07:14:07.030566+00:00,2,0,waived,entry,exit,,e702aeff-9ee1-408e-b061-b6553b55b273
۷۲ه۱۱۱-۲۲,flagged,2026-07-28T07:09:09.802257+00:00,,,0,,entry,,,d487bd70-b027-4511-b6a7-c1b3443bdbd9
۱۱ق۴۷۳-۱۷,waived,2026-07-28T07:07:17.155930+00:00,2026-07-28T08:23:17.155930+00:00,76,55000,waived,entry,exit,,3a0309ab-d95a-4b83-8436-4f3d3b0abdea
۴۹ل۶۷۵-۱۷,waived,2026-07-28T07:05:45.119404+00:00,2026-07-28T07:23:45.119404+00:00,18,6666,waived,entry,exit,,899a641a-7d91-4919-8e83-6acbde69e534
۹۳و۶۵۳-۱۷,waived,2026-07-28T07:04:29.609700+00:00,2026-07-28T09:58:29.609700+00:00,174,136666,waived,entry,exit,,32ae7e2d-3519-43e5-9e1b-12904a9b7030
۸۱ن۴۸۶-۱۷,waived,2026-07-28T06:59:26.629862+00:00,2026-07-28T07:38:26.629862+00:00,39,24166,waived,entry,exit,,c0196e6a-a0e1-4bfe-a92c-30e1de823769
۸۷ج۵۳۷-۱۷,flagged,2026-07-28T06:57:54.377713+00:00,,,0,,entry,,,7e27f879-c1e1-41be-af2c-81f8d1cd8612
۲۹ن۸۲۹-۲۷,waived,2026-07-28T06:53:44.335956+00:00,2026-07-28T06:59:44.335956+00:00,6,0,waived,entry,exit,,3f1744f7-668a-417e-8a43-efd7b05736e8
۵۷د۳۸۳-۱۷,waived,2026-07-28T06:51:59.235927+00:00,2026-07-28T12:23:59.235927+00:00,332,268333,waived,entry,exit,,01610962-1e8b-4d6e-87f3-b047045b36c3
۷۶د۵۱۴-۲۷,waived,2026-07-28T06:49:53.032936+00:00,2026-07-28T06:53:53.032936+00:00,4,0,waived,entry,exit,,c16471be-e171-4a82-a116-216e9fae2e82
۶۱ی۶۷۳-۱۷,waived,2026-07-28T06:49:33.171293+00:00,2026-07-28T08:41:33.171293+00:00,112,85000,waived,entry,exit,,d0babf91-e839-4805-9e9e-fadc9f22192c
۸۵ه۵۳۵-۳۵,flagged,2026-07-28T06:49:24.344088+00:00,,,0,,entry,,,e3d62285-8716-4243-aa86-50e84a4d8fa0
۲۶ق۴۹۷-۱۷,waived,2026-07-28T06:49:04.163822+00:00,2026-07-28T06:52:04.163822+00:00,3,0,waived,entry,exit,,fd11a0c6-b220-4e6d-a99e-c00ef34333e8
۴۱ق۷۷۴-۲۲,flagged,2026-07-28T06:47:42.105547+00:00,,,0,,entry,,,8903809a-9f5a-40d7-b902-d85011b15b2d
۴۴و۴۷۹-۱۷,waived,2026-07-28T06:47:15.169085+00:00,2026-07-28T13:40:15.169085+00:00,413,335833,waived,entry,exit,,0b0be5f7-5501-481a-9720-5ef3d77e9cf2
۸۵د۹۸۶-۱۷,waived,2026-07-28T06:46:31.948173+00:00,2026-07-28T06:59:31.948173+00:00,13,2500,waived,entry,exit,,76b62cff-14de-4013-bd28-5769e2f8aabc
۹۱ل۷۶۹-۱۷,waived,2026-07-28T06:37:52.106780+00:00,2026-07-28T07:10:52.106780+00:00,33,19166,waived,entry,exit,,697e0424-6446-46f3-b712-42051f7f8dba
۴۸س۷۸۳-۱۷,waived,2026-07-28T06:34:03.284216+00:00,2026-07-28T06:38:03.284216+00:00,4,0,waived,entry,exit,,32d11c50-6e2f-4c7b-9d5f-9127f8d9dd89
۱۱م۷۷۵-۱۷,waived,2026-07-28T06:33:20.876959+00:00,2026-07-28T08:24:20.876959+00:00,111,84166,waived,entry,exit,,c852b8c7-14b1-454a-920f-fc6e7c523c7d
۵۸م۶۵۲-۱۷,waived,2026-07-28T06:31:51.866720+00:00,2026-07-28T06:53:51.866720+00:00,22,10000,waived,entry,exit,,c8715fc8-0b22-4402-9c90-66ffc1790650
۱۳ن۱۳۱-۱۷,waived,2026-07-28T06:31:20.482884+00:00,2026-07-28T09:36:20.482884+00:00,185,145833,waived,entry,exit,,b4103efb-d0f8-44c3-9821-bdc3bae553ff
۷۸ل۳۳۵-۲۷,waived,2026-07-28T06:27:42.104269+00:00,2026-07-28T07:07:42.104269+00:00,40,25000,waived,entry,exit,,a7aa9b94-e4eb-4a31-8a40-439949818909
۵۳م۶۲۱-۱۷,waived,2026-07-28T06:26:58.392904+00:00,2026-07-28T11:31:58.392904+00:00,305,245833,waived,entry,exit,,d2df0628-3c87-40a6-bcdc-955c8566794a
۴۷ی۵۲۶-۱۷,waived,2026-07-28T06:26:35.631278+00:00,2026-07-28T11:27:35.631278+00:00,301,242500,waived,entry,exit,,16911eff-6f3c-472c-a236-82c387f3557a
۱۲ی۴۱۱-۲۰,flagged,2026-07-28T06:26:11.496227+00:00,,,0,,entry,,,a78a2f54-1d75-4a68-b88b-89c4088e3837
۶۱ه۴۷۴-۱۷,waived,2026-07-28T06:25:41.729159+00:00,2026-07-28T10:32:41.729159+00:00,247,197500,waived,entry,exit,,f473e8d9-d8c1-4df4-915f-f61508d13379
۵۴ق۷۹۳-۱۷,waived,2026-07-28T06:23:56.993693+00:00,2026-07-28T11:03:56.993693+00:00,280,225000,waived,entry,exit,,2cab68c0-489f-4216-81ec-1655085fa325
۵۷ل۸۳۳-۱۷,waived,2026-07-28T06:23:04.433581+00:00,2026-07-28T06:31:04.433581+00:00,8,0,waived,entry,exit,,b8e00f30-76ab-4e76-98ea-3d7b3353a4d8
۶۳ل۱۶۸-۱۷,waived,2026-07-28T06:22:53.888570+00:00,2026-07-28T08:03:53.888570+00:00,101,75833,waived,entry,exit,,abca7621-517c-4a94-b276-bbd8244fb33d
۵۷ن۵۸۸-۱۷,waived,2026-07-28T06:21:47.614710+00:00,2026-07-28T12:46:47.614710+00:00,385,312500,waived,entry,exit,,e31f47d2-de09-4df8-bd2e-2e93b868f506
۳۷ق۶۵۸-۱۷,flagged,2026-07-28T06:19:03.192270+00:00,,,0,,entry,,,598a9c16-beeb-4696-8971-42eab4161eca
۲۸س۹۴۷-۲۷,waived,2026-07-28T06:18:39.305581+00:00,2026-07-28T06:23:39.305581+00:00,5,0,waived,entry,exit,,6793237f-2cdb-4f3b-8a09-95e07be9eff5
۵۹ج۴۷۹-۱۷,waived,2026-07-28T06:15:40.750829+00:00,2026-07-28T07:53:40.750829+00:00,98,73333,waived,entry,exit,,8f5c92cb-ce38-413c-80aa-a28cf597c3b3
۵۱م۳۶۵-۱۷,flagged,2026-07-28T06:13:57.211007+00:00,,,0,,entry,,,2993b811-6432-4777-abda-8830f7f35704
۴۷س۵۲۴-۱۷,waived,2026-07-28T06:13:39.552816+00:00,2026-07-28T06:53:39.552816+00:00,40,25000,waived,entry,exit,,a50eb321-a3e5-4012-803f-a3ca58790c5d
۴۵ن۲۶۹-۲۵,flagged,2026-07-28T06:12:56.923711+00:00,,,0,,entry,,,dc8327c1-7d16-4d2c-b7cb-6c7b5cb69485
۵۸د۴۹۵-۱۷,waived,2026-07-28T06:12:20.795399+00:00,2026-07-28T11:14:20.795399+00:00,302,243333,waived,entry,exit,,c9cf6dee-adb7-4ccd-ba5a-c1191053228d
۳۴ی۵۴۹-۱۷,waived,2026-07-28T06:11:54.012102+00:00,2026-07-28T06:23:54.012102+00:00,12,1666,waived,entry,exit,,c4865288-9d9c-42b2-9e46-bb1682f5a966
۷۹س۴۶۳-۱۷,waived,2026-07-28T06:11:10.444882+00:00,2026-07-28T06:55:10.444882+00:00,44,28333,waived,entry,exit,,de2e37af-736a-41ce-874f-36d5a350ecf1
۱۷ج۸۹۶-۱۵,flagged,2026-07-28T06:09:58.647897+00:00,,,0,,entry,,,88beaab7-f4a6-42bf-9c0a-1df5337d2346
۲۵ی۹۲۶-۱۷,waived,2026-07-28T06:09:38.717896+00:00,2026-07-28T08:27:38.717896+00:00,138,106666,waived,entry,exit,,79870ae3-c0bc-459e-ac40-1bc7b969a058
۲۹م۸۳۳-۸۸,waived,2026-07-28T06:08:11.329467+00:00,2026-07-28T06:19:11.329467+00:00,11,833,waived,entry,exit,,01d4e162-a822-40a3-b88f-980d3e508b4a
۵۲د۵۴۲-۱۷,waived,2026-07-28T06:07:47.503047+00:00,2026-07-28T06:09:47.503047+00:00,2,0,waived,entry,exit,,895aa482-e4b9-4935-b09e-56b21e79ba2b
۶۳س۳۳۷-۲۷,waived,2026-07-28T06:02:49.262681+00:00,2026-07-28T06:07:49.262681+00:00,5,0,waived,entry,exit,,514c648f-f0bf-4a46-b8b3-f5261a39ceeb
۱۸ی۳۱۷-۱۷,waived,2026-07-28T06:02:36.882427+00:00,2026-07-28T06:07:36.882427+00:00,5,0,waived,entry,exit,,0ba5ea04-c534-48cc-9bfd-afd838662504
۹۶ی۷۷۹-۱۷,waived,2026-07-28T06:02:12.980546+00:00,2026-07-28T09:13:12.980546+00:00,191,150833,waived,entry,exit,,7cc61fa8-283c-4bea-934d-0979c6a3963f
۴۱ی۹۷۷-۳۵,waived,2026-07-28T06:01:28.318647+00:00,2026-07-28T06:46:28.318647+00:00,45,29166,waived,entry,exit,,bfec9f68-8ee3-4466-8b63-ba74a8551305
۳۷د۹۲۲-۳۷,waived,2026-07-28T06:00:12.118481+00:00,2026-07-28T07:16:12.118481+00:00,76,55000,waived,entry,exit,,15f8f313-3d21-46a4-925d-497772487a45
۴۱ج۳۴۳-۳۷,waived,2026-07-28T05:56:50.587362+00:00,2026-07-28T09:57:50.587362+00:00,241,192500,waived,entry,exit,,1941dfed-8fc5-4f8f-9611-28a7e370b34c
۳۶ل۴۵۹-۱۷,flagged,2026-07-28T05:56:47.569427+00:00,,,0,,entry,,,f63dcad7-b082-4d4c-b13c-43f7a47cf2a1
۷۷ص۵۳۱-۱۷,waived,2026-07-28T05:56:28.506984+00:00,2026-07-28T06:15:28.506984+00:00,19,7500,waived,entry,exit,,ba2380cc-4802-460d-8947-86259148f3b7
۳۳س۷۷۱-۱۷,flagged,2026-07-28T05:54:55.543976+00:00,,,0,,entry,,,cde96cb4-3fdd-40dc-b8b4-047dd0bbd785
۳۳ل۴۸۷-۱۷,flagged,2026-07-28T05:54:07.100910+00:00,,,0,,entry,,,d2c75121-8624-45b9-9cef-e8e351f587ca
۳۵ق۳۸۲-۱۷,waived,2026-07-28T05:53:52.246623+00:00,2026-07-28T14:39:52.246623+00:00,526,400000,waived,entry,exit,,0c132694-3177-41d3-b959-8f1fdb8c031f
۲۴ی۷۷۹-۱۷,waived,2026-07-28T05:53:47.252483+00:00,2026-07-28T05:55:47.252483+00:00,2,0,waived,entry,exit,,095aed04-26bc-41a3-b662-9b7ca3e6552c
۴۳ج۹۳۱-۱۷,waived,2026-07-28T05:52:38.552587+00:00,2026-07-28T06:17:38.552587+00:00,25,12500,waived,entry,exit,,b5106f4a-90b7-4724-907d-0f1626b39da1
۸۱م۲۱۴-۱۷,flagged,2026-07-28T05:52:17.704727+00:00,,,0,,entry,,,50fdb3ad-4f1c-4a02-a497-93652ff39a69
۸۹ط۱۹۹-۱۷,waived,2026-07-28T05:52:01.774631+00:00,2026-07-28T10:52:01.774631+00:00,300,241666,waived,entry,exit,,5c5b2e07-1702-41c1-9d1b-789ed6bcec04
۷۳ن۱۳۹-۱۷,waived,2026-07-28T05:50:27.912036+00:00,2026-07-28T08:59:27.912036+00:00,189,149166,waived,entry,exit,,ef4d269b-5d6d-4a7e-8f27-7c116f3c0efc
۲۷م۳۶۴-۱۷,waived,2026-07-28T05:48:17.624941+00:00,2026-07-28T07:53:17.624941+00:00,125,95833,waived,entry,exit,,bab9109c-4c21-472d-87a0-96f6f0899adc
۳۳س۶۸۹-۱۷,waived,2026-07-28T05:47:37.256601+00:00,2026-07-28T08:27:37.256601+00:00,160,125000,waived,entry,exit,,22c09417-61f6-4f43-84a7-87c602e74c64
۴۹ل۶۷۵-۱۷,waived,2026-07-28T05:47:22.211936+00:00,2026-07-28T06:20:22.211936+00:00,33,19166,waived,entry,exit,,7fa4f3f6-6183-43df-912a-3c3f6cf7e996
۶۲م۴۷۳-۱۷,waived,2026-07-28T05:47:18.598299+00:00,2026-07-28T15:08:18.598299+00:00,561,400000,waived,entry,exit,,0b571f28-78da-4e55-bbbf-8dd53a523c83
۵۸ی۱۹۵-۱۷,flagged,2026-07-28T05:44:53.698813+00:00,,,0,,entry,,,a3bd7c98-2e95-4bde-a994-0bc30d14dd3e
۱۷س۳۲۶-۱۷,waived,2026-07-28T05:44:36.072133+00:00,2026-07-28T05:47:36.072133+00:00,3,0,waived,entry,exit,,a1e992aa-5dbd-444f-88ad-bff6c214b495
۴۳م۹۴۴-۱۷,flagged,2026-07-28T05:44:13.018508+00:00,,,0,,entry,,,193a3704-3290-40fd-bfc6-0b0cdad0148e
۹۲ی۶۳۱-۱۷,waived,2026-07-28T05:44:13.007090+00:00,2026-07-28T09:16:13.007090+00:00,212,168333,waived,entry,exit,,e5970b3e-063f-400d-a2e5-302cc45cf7c7
۴۱ل۲۹۵-۱۷,waived,2026-07-28T05:38:57.431213+00:00,2026-07-28T10:23:57.431213+00:00,285,229166,waived,entry,exit,,1650d2a1-f548-4c9f-808c-8253ecf08bb6
۸۹ی۶۸۷-۱۵,waived,2026-07-28T05:37:16.266147+00:00,2026-07-28T10:32:16.266147+00:00,295,237500,waived,entry,exit,,991a87d5-225e-49e1-8d67-6c33b535d606
۳۳ل۲۴۲-۱۷,waived,2026-07-28T05:35:44.422230+00:00,2026-07-28T07:13:44.422230+00:00,98,73333,waived,entry,exit,,4a931a6f-51d2-43ae-b4b2-6cb4b5bfa8e6
۷۲ب۷۸۴-۱۷,waived,2026-07-28T05:35:11.552088+00:00,2026-07-28T05:40:11.552088+00:00,5,0,waived,entry,exit,,2e6cbf06-4945-4816-b5d4-f5260c09c83d
۸۸ج۳۷۵-۱۷,flagged,2026-07-28T05:34:21.982159+00:00,,,0,,entry,,,847e256c-d0a1-49fd-b387-6e92771e8eab
۴۱ق۱۸۶-۳۷,waived,2026-07-28T05:33:53.532001+00:00,2026-07-28T05:37:53.532001+00:00,4,0,waived,entry,exit,,95c3f686-263d-43da-98ad-3c5bb88470e1
۳۳ل۴۲۹-۳۵,waived,2026-07-28T05:33:28.907203+00:00,2026-07-28T08:56:28.907203+00:00,203,160833,waived,entry,exit,,3cb2e076-9b11-4c71-a76a-76543b56c203
۵۲د۵۴۲-۱۷,waived,2026-07-28T05:30:16.889131+00:00,2026-07-28T05:32:16.889131+00:00,2,0,waived,entry,exit,,d8355c54-36fc-43ea-a529-5f0032415123
۲۳ن۸۲۸-۱۷,flagged,2026-07-28T05:28:31.040907+00:00,,,0,,entry,,,e2a1f33a-0488-45f2-b207-863730263d02
۳۱ی۴۶۵-۱۷,waived,2026-07-28T05:27:46.605589+00:00,2026-07-28T07:58:46.605589+00:00,151,117500,waived,entry,exit,,00661d12-1181-4994-86e2-aeebf3ef14d2
۹۸ی۲۱۴-۱۷,flagged,2026-07-28T05:27:39.000953+00:00,,,0,,entry,,,9f3e9f53-2952-48d2-998e-aee7ab767f78
۸۳د۴۸۶-۱۷,flagged,2026-07-28T05:26:30.387150+00:00,,,0,,entry,,,644a5af9-8edd-4286-83a6-48a7ac69858a
۱۷ل۳۵۴-۳۷,waived,2026-07-28T05:25:24.709088+00:00,2026-07-28T06:30:24.709088+00:00,65,45833,waived,entry,exit,,0065d0b6-ec64-4fe5-9f83-f0da83fc4ce5
۳۹ص۲۳۶-۱۷,waived,2026-07-28T05:23:46.300382+00:00,2026-07-28T07:13:46.300382+00:00,110,83333,waived,entry,exit,,b5397d8d-a240-49b1-af4e-f7b6d3b691fd
۷۴ص۹۵۷-۲۷,waived,2026-07-28T05:23:12.666136+00:00,2026-07-28T08:57:12.666136+00:00,214,170000,waived,entry,exit,,d11c7557-dc81-470c-bc56-007e5040721e
۷۳د۳۳۹-۱۷,waived,2026-07-28T05:21:39.713203+00:00,2026-07-28T12:09:39.713203+00:00,408,331666,waived,entry,exit,,e090ef79-886c-4fdb-bcea-5e694b628320
۳۳ل۹۸۱-۱۷,flagged,2026-07-28T05:21:39.177966+00:00,,,0,,entry,,,f80e952d-41f8-4909-9ffb-9e797d3f6750
۶۴ه۵۵۷-۱۷,waived,2026-07-28T05:21:37.533997+00:00,2026-07-28T05:40:37.533997+00:00,19,7500,waived,entry,exit,,dec14f4f-3c75-4f57-ae2d-0d3bf8afe2ad
۳۹ن۳۵۶-۱۷,waived,2026-07-28T05:21:10.986101+00:00,2026-07-28T11:37:10.986101+00:00,376,305000,waived,entry,exit,,b3904e05-290e-492a-8217-88b0beb48c09
۶۸ب۹۴۷-۱۷,waived,2026-07-28T05:20:54.541822+00:00,2026-07-28T08:30:54.541822+00:00,190,150000,waived,entry,exit,,5d9ecc14-af9e-4dbe-9875-fec5c65b1f41
۸۶ص۵۹۳-۳۷,waived,2026-07-28T05:19:19.280345+00:00,2026-07-28T10:49:19.280345+00:00,330,266666,waived,entry,exit,,9ebe8d19-74bf-4e5a-975f-25fee7596116
۳۱ل۹۵۱-۱۷,waived,2026-07-28T05:18:53.164558+00:00,2026-07-28T10:36:53.164558+00:00,318,256666,waived,entry,exit,,759591f4-fa47-4c9c-a290-be537b519f50
۳۷ص۶۲۴-۱۷,waived,2026-07-28T05:17:32.349699+00:00,2026-07-28T08:25:32.349699+00:00,188,148333,waived,entry,exit,,acb262cd-5d03-4cb2-b050-8e1b411d04ae
۷۲ه۸۸۸-۱۷,flagged,2026-07-28T05:16:59.225007+00:00,,,0,,entry,,,291e24db-0d9b-4b3b-b7c2-751e9236dd4c
۵۸د۲۹۷-۲۷,waived,2026-07-28T05:16:16.595465+00:00,2026-07-28T08:06:16.595465+00:00,170,133333,waived,entry,exit,,e7846ed3-11e5-477d-9424-f62ff59a23d8
۸۲و۳۸۴-۱۷,flagged,2026-07-28T05:15:22.925426+00:00,,,0,,entry,,,a7c7c463-f8ac-425e-b856-6e8e8e89aaf2
۵۲س۴۳۳-۱۷,waived,2026-07-28T05:14:39.405167+00:00,2026-07-28T11:23:39.405167+00:00,369,299166,waived,entry,exit,,b1629008-7860-4b59-ab82-8b4cf5f01099
۵۳م۶۲۱-۱۷,waived,2026-07-28T05:13:30.485899+00:00,2026-07-28T05:32:30.485899+00:00,19,7500,waived,entry,exit,,ef6e99ef-c9a9-4d0d-b40e-cec83be51af4
۱۷م۲۸۴-۳۷,flagged,2026-07-28T05:13:17.508299+00:00,,,0,,entry,,,81302bb6-ebcb-42cb-9924-aa136df3deb9
۹۶ه۶۸۹-۱۷,waived,2026-07-28T05:12:47.289068+00:00,2026-07-28T11:02:47.289068+00:00,350,283333,waived,entry,exit,,b4577a62-3f35-47a8-a665-0b20f3fb47b4
۲۴ن۲۷۷-۱۷,flagged,2026-07-28T05:11:43.044744+00:00,,,0,,entry,,,5bc57f4b-3dec-4b90-bc4f-525a53ae5116
۴۹ل۱۵۳-۱۷,waived,2026-07-28T05:11:29.641077+00:00,2026-07-28T15:03:29.641077+00:00,592,400000,waived,entry,exit,,847b9589-c1bb-41b6-9189-951b99c78665
۷۸ی۸۵۸-۱۷,waived,2026-07-28T05:09:07.617734+00:00,2026-07-28T11:04:07.617734+00:00,355,287500,waived,entry,exit,,34f027b2-e1dd-4502-a34b-c085a168c6d1
۳۶د۹۶۹-۱۷,flagged,2026-07-28T05:08:20.843901+00:00,,,0,,entry,,,c37c26c9-929f-4d93-9d29-f6d537ad2a88
۶۲و۶۴۲-۱۷,flagged,2026-07-28T05:07:38.697001+00:00,,,0,,entry,,,9e961bb2-d4b2-4c52-9711-054b541785da
۱۳ی۴۶۸-۱۷,flagged,2026-07-28T05:07:14.786058+00:00,,,0,,entry,,,170081c5-d01f-42a1-9a3c-8e09b429dad5
۴۹ل۶۷۵-۹۷,flagged,2026-07-28T05:07:00.556016+00:00,,,0,,entry,,,1df670af-7954-4138-a37c-522ef570f932
۴۶د۷۱۹-۱۷,flagged,2026-07-28T05:06:50.447030+00:00,,,0,,entry,,,5efd75c5-dd5f-438e-b602-63707debf795
۹۴ج۸۸۳-۱۷,flagged,2026-07-28T05:05:59.358829+00:00,,,0,,entry,,,a8f0fa16-830b-41a1-8f13-e7a665730ef3
۴۳ه۳۴۴-۱۷,waived,2026-07-28T05:05:28.637892+00:00,2026-07-28T05:09:28.637892+00:00,4,0,waived,entry,exit,,ee6fceae-54b9-4d5d-bb3b-bec0000d7940
۴۲ج۷۹۸-۲۵,flagged,2026-07-28T05:05:13.736864+00:00,,,0,,entry,,,dd4ee462-7cc0-4c4c-9032-2301bff5dea5
۲۹ی۹۴۸-۱۷,flagged,2026-07-28T05:04:32.520856+00:00,,,0,,entry,,,e7e89489-c7c8-4263-a48c-25ee7ea973d4
۲۵ی۳۹۴-۱۷,flagged,2026-07-28T05:04:30.856474+00:00,,,0,,entry,,,51aec4c1-57cc-404a-a7ed-31deb0c023e7
۷۶ط۹۷۸-۱۷,waived,2026-07-28T05:03:44.689604+00:00,2026-07-28T05:06:44.689604+00:00,3,0,waived,entry,exit,,f9600e30-dcef-40ac-908d-618fc5e339b4
۱۲و۵۷۸-۱۷,flagged,2026-07-28T05:03:39.008383+00:00,,,0,,entry,,,7e5c647c-de52-4027-88e1-3ab2f91458a5
۲۶م۴۸۱-۱۷,waived,2026-07-28T05:02:43.557642+00:00,2026-07-28T11:43:43.557642+00:00,401,325833,waived,entry,exit,,16d275c9-c7ce-46b0-9ea4-ca42d3a95f60
۴۳م۹۴۴-۱۷,waived,2026-07-28T05:02:04.359141+00:00,2026-07-28T05:04:04.359141+00:00,2,0,waived,entry,exit,,4e06a5b1-a784-4694-bbe6-84dd5e0ded2c
۶۳د۶۹۹-۱۷,flagged,2026-07-28T05:01:53.205409+00:00,,,0,,entry,,,9e9bd036-2508-452c-97e3-4e81f9d96311
۳۴ق۷۳۴-۱۷,waived,2026-07-28T05:00:03.268256+00:00,2026-07-28T11:45:03.268256+00:00,405,329166,waived,entry,exit,,be22a8e6-e385-49f5-8565-430ed718e2cc
۹۴ل۳۵۳-۱۷,waived,2026-07-28T04:58:19.445918+00:00,2026-07-28T10:53:19.445918+00:00,355,287500,waived,entry,exit,,0ee2f3db-3dda-4931-88ba-72f278458ba6
۶۳ج۸۹۹-۲۷,waived,2026-07-28T04:57:19.765484+00:00,2026-07-28T06:57:19.765484+00:00,120,91666,waived,entry,exit,,917c2047-9fff-44eb-92b5-4fb5b9414488
۵۱و۷۸۶-۱۷,waived,2026-07-28T04:56:29.761599+00:00,2026-07-28T06:24:29.761599+00:00,88,65000,waived,entry,exit,,498dc784-907e-4c70-9118-192e32abe346
۸۷ه۴۴۶-۱۷,flagged,2026-07-28T04:56:27.018722+00:00,,,0,,entry,,,18b4f53e-eaa7-4f98-8c54-b1c25bf0f9d2
۲۹ط۴۷۱-۱۷,waived,2026-07-28T04:55:11.274598+00:00,2026-07-28T07:33:11.274598+00:00,158,123333,waived,entry,exit,,1efd27b7-3670-4f17-8aa7-dbabbe395040
۴۹ن۹۵۵-۱۷,waived,2026-07-28T04:55:01.626691+00:00,2026-07-28T05:26:01.626691+00:00,31,17500,waived,entry,exit,,7728b700-628e-4d49-b3fc-0a6e5ac0e398
۳۵ه۶۳۲-۱۷,waived,2026-07-28T04:52:18.622625+00:00,2026-07-28T11:49:18.622625+00:00,417,339166,waived,entry,exit,,6e2e7f2a-72b3-40d4-83c9-26776c5d679d
۳۷م۸۹۸-۱۷,waived,2026-07-28T04:51:53.548063+00:00,2026-07-28T05:33:53.548063+00:00,42,26666,waived,entry,exit,,ba6e59c1-49cc-49c4-8ffb-213d236ba161
۴۷ی۶۳۵-۱۷,waived,2026-07-28T04:50:46.765840+00:00,2026-07-28T11:10:46.765840+00:00,380,308333,waived,entry,exit,,364b5f24-6229-4f93-abc1-bb46c0cd237b
۶۸س۳۲۲-۱۷,waived,2026-07-28T04:49:58.187633+00:00,2026-07-28T11:00:58.187633+00:00,371,300833,waived,entry,exit,,bf25b958-531b-4f02-bf53-85dc85142eaa
۶۱ه۴۴۶-۱۷,waived,2026-07-28T04:49:06.499077+00:00,2026-07-28T07:42:06.499077+00:00,173,135833,waived,entry,exit,,62656d55-d6a3-4619-a5a6-774680879ce5
۱۹ط۷۸۱-۱۷,waived,2026-07-28T04:47:42.630097+00:00,2026-07-28T11:37:42.630097+00:00,410,333333,waived,entry,exit,,3f61e0e7-5615-42ad-aeb2-440c257cadf3
۴۱ص۸۴۷-۱۷,waived,2026-07-28T04:47:28.017696+00:00,2026-07-28T11:20:28.017696+00:00,393,319166,waived,entry,exit,,e00d6530-1a32-43de-b977-c318d6f013fe
۴۷د۸۱۹-۱۷,flagged,2026-07-28T04:46:43.379963+00:00,,,0,,entry,,,9aff6f91-0661-4e13-aa27-dbb246c049c2
۲۱ل۸۲۱-۱۷,flagged,2026-07-28T04:46:42.965301+00:00,,,0,,entry,,,1593b7e2-06a3-48a9-a26b-8c4a0c7531d4
۳۹ق۵۹۶-۱۷,waived,2026-07-28T04:45:22.611338+00:00,2026-07-28T10:49:22.611338+00:00,364,295000,waived,entry,exit,,72444bfb-f04b-425a-8fe1-28880463a3c3
۳۵و۵۴۶-۱۷,flagged,2026-07-28T04:43:40.799716+00:00,,,0,,entry,,,b4ac407e-034e-40af-afef-e4b30d9e2a77
۴۶ن۴۴۸-۱۷,flagged,2026-07-28T04:42:46.975332+00:00,,,0,,entry,,,772c47ce-e6fc-4620-94fe-2d93e617c39b
۴۷ب۵۷۴-۲۷,flagged,2026-07-28T04:42:43.672915+00:00,,,0,,entry,,,c7daec0e-3cc6-4a4f-aea1-f414c3e41bd1
۷۱ل۱۵۵-۷۷,flagged,2026-07-28T04:40:17.076214+00:00,,,0,,entry,,,b4ff4915-aa26-4602-81af-4a52a2d37140
۵۹و۴۷۴-۱۷,waived,2026-07-28T04:39:25.976658+00:00,2026-07-28T09:57:25.976658+00:00,318,256666,waived,entry,exit,,f54f095e-30c1-4309-829d-d0bef8ff9dda
۷۸ی۲۸۳-۱۷,waived,2026-07-28T04:39:00.706758+00:00,2026-07-28T11:45:00.706758+00:00,426,346666,waived,entry,exit,,cf523e0e-308c-4427-9616-97b28335b176
۴۱س۹۱۲-۱۷,waived,2026-07-28T04:38:57.528960+00:00,2026-07-28T11:22:57.528960+00:00,404,328333,waived,entry,exit,,136cfc76-f5df-42f2-9c59-ca7c58fcbe07
۷۴ه۴۲۴-۱۷,waived,2026-07-28T04:38:10.916541+00:00,2026-07-28T10:00:10.916541+00:00,322,260000,waived,entry,exit,,93b8392d-102d-4f6e-b285-22febb113cd9
۱۱و۷۲۹-۱۷,waived,2026-07-28T04:38:06.946051+00:00,2026-07-28T05:05:06.946051+00:00,27,14166,waived,entry,exit,,cf7e732e-e853-4f31-b5b2-d9e59f3607dd
۱۷م۹۵۲-۱۷,flagged,2026-07-28T04:35:06.047790+00:00,,,0,,entry,,,a67f6ab8-7a83-4189-8d4b-2318707f628c
۶۲ه۸۶۱-۱۷,waived,2026-07-28T04:34:27.532493+00:00,2026-07-28T12:37:27.532493+00:00,483,394166,waived,entry,exit,,f8db39ac-cc9e-462a-ada2-b700f6226456
۵۸ل۶۹۷-۱۷,waived,2026-07-28T04:34:02.891931+00:00,2026-07-28T10:56:02.891931+00:00,382,310000,waived,entry,exit,,a4311fda-14dc-459b-911e-e0a9a444fdc3
۸۹ب۹۴۴-۱۷,waived,2026-07-28T04:32:57.148070+00:00,2026-07-28T10:11:57.148070+00:00,339,274166,waived,entry,exit,,d252f0ad-be12-418e-a445-7af37f1de51f
۲۳ص۱۴۹-۱۷,flagged,2026-07-28T04:32:25.217311+00:00,,,0,,entry,,,1b40557b-e060-404e-aed8-ec0f143680fa
۸۸ج۵۳۴-۳۷,waived,2026-07-28T04:32:05.741531+00:00,2026-07-28T05:49:05.741531+00:00,77,55833,waived,entry,exit,,cd27c131-7694-4544-b09e-7f02f53ddbb4
۴۱ی۵۳۵-۹۱,waived,2026-07-28T04:31:23.129192+00:00,2026-07-28T10:15:23.129192+00:00,344,278333,waived,entry,exit,,6c250add-34cd-491a-a543-719c83c3f766
۷۲ه۳۶۹-۱۷,waived,2026-07-28T04:30:44.948504+00:00,2026-07-28T15:01:44.948504+00:00,631,400000,waived,entry,exit,,1295bb16-a670-4664-ab9b-7b2f0a2b4efc
۵۶ط۲۸۷-۱۷,waived,2026-07-28T04:28:40.726253+00:00,2026-07-28T11:02:40.726253+00:00,394,320000,waived,entry,exit,,1d0e88bb-f1f4-45dc-a302-b37fd39a177d
۸۵ق۷۹۱-۱۷,waived,2026-07-28T04:27:05.623179+00:00,2026-07-28T14:37:05.623179+00:00,610,400000,waived,entry,exit,,6f418f02-4314-464b-8758-9edb0ec34e14
۷۴ل۶۳۶-۱۷,waived,2026-07-28T04:26:43.600345+00:00,2026-07-28T09:29:43.600345+00:00,303,244166,waived,entry,exit,,774ad8dc-faf9-40e6-81d8-7a16b2590ec7
۱۹س۱۷۷-۱۷,waived,2026-07-28T04:26:38.583695+00:00,2026-07-28T11:30:38.583695+00:00,424,345000,waived,entry,exit,,04c86d8a-9ec2-416a-884e-8d4d7ed561f8
۹۷ی۲۷۲-۱۷,flagged,2026-07-28T04:26:02.228357+00:00,,,0,,entry,,,d0e8e717-e35a-45f9-8e9f-aba72af5a8b6
۷۵ی۴۷۱-۱۷,flagged,2026-07-28T04:25:34.108764+00:00,,,0,,entry,,,758fa35e-ce68-4b72-bba9-df53faaff6aa
۱۹ه۳۲۴-۱۷,waived,2026-07-28T04:24:22.358942+00:00,2026-07-28T06:22:22.358942+00:00,118,90000,waived,entry,exit,,1f1acf18-7389-4af1-a133-c29685f136e8
۹۳د۴۸۲-۱۷,waived,2026-07-28T04:22:28.744535+00:00,2026-07-28T14:49:28.744535+00:00,627,400000,waived,entry,exit,,4fd20224-02b2-47d4-a0df-06df4aff90de
۴۸ج۲۱۱-۲۷,flagged,2026-07-28T04:18:49.355500+00:00,,,0,,entry,,,3c0ce840-cc8f-45c7-bce2-bb050a03f3bd
۵۴ب۴۹۲-۱۷,waived,2026-07-28T04:18:42.489281+00:00,2026-07-28T12:34:42.489281+00:00,496,400000,waived,entry,exit,,17392f6b-3ec3-4684-8b10-0a534441913f
۱۲ه۱۷۶-۱۲,flagged,2026-07-28T04:18:40.433788+00:00,,,0,,entry,,,7ab4f698-5760-4860-aa7d-76f312429f84
۴۶س۵۵۴-۱۷,waived,2026-07-28T04:18:03.248613+00:00,2026-07-28T15:05:03.248613+00:00,647,400000,waived,entry,exit,,c5a3692f-e1aa-423b-aa53-d96d31cd97e9
۵۵د۶۹۳-۱۷,flagged,2026-07-28T04:14:59.220752+00:00,,,0,,entry,,,9a6300d4-2157-4282-a075-dff74bd4136d
۷۸ص۳۶۴-۱۷,flagged,2026-07-28T04:14:43.409537+00:00,,,0,,entry,,,5a02d927-b8c7-4a21-a697-52a722ee8a8b
۲۱ج۷۱۷-۱۷,flagged,2026-07-28T04:14:06.884029+00:00,,,0,,entry,,,7e862d3a-04de-40d6-92db-fac143886433
۲۵ل۸۷۹-۱۷,waived,2026-07-28T04:14:02.394533+00:00,2026-07-28T11:24:02.394533+00:00,430,350000,waived,entry,exit,,9399df5e-c708-4682-8ecb-2d4dea041204
۸۸و۲۷۲-۱۷,waived,2026-07-28T04:13:54.681768+00:00,2026-07-28T12:32:54.681768+00:00,499,400000,waived,entry,exit,,783107cd-7154-4b92-b690-8a1c2a85f446
۸۵ق۸۴۹-۱۷,flagged,2026-07-28T04:12:46.811230+00:00,,,0,,entry,,,c7699316-744e-4072-8999-9812858afe6a
۷۲ج۵۷۳-۱۷,waived,2026-07-28T04:11:10.369279+00:00,2026-07-28T11:17:10.369279+00:00,426,346666,waived,entry,exit,,1ecac13f-2560-4880-a88d-1ba07086a1a6
۵۵ص۱۷۸-۲۷,flagged,2026-07-28T04:10:54.500190+00:00,,,0,,entry,,,5fad151a-b904-468e-b66a-c89d940d5f51
۳۹ط۸۴۵-۱۷,waived,2026-07-28T04:10:36.688749+00:00,2026-07-28T14:20:36.688749+00:00,610,400000,waived,entry,exit,,ab009dc7-2351-4b24-b44b-5fe0d063d307
۴۵ی۸۵۶-۱۷,flagged,2026-07-28T04:08:18.346328+00:00,,,0,,entry,,,78b1cda9-7a8d-4249-8072-9f465e3e6470
۴۷د۷۹۵-۱۷,flagged,2026-07-28T04:08:15.303960+00:00,,,0,,entry,,,3df2245e-8169-4531-9a21-f36724bb54b3
۵۴ب۷۳۶-۱۷,waived,2026-07-28T04:08:13.401000+00:00,2026-07-28T11:16:13.401000+00:00,428,348333,waived,entry,exit,,e8d7dc3a-f0cb-4545-b2a9-8e67f67a9cfc
۳۳ب۶۶۵-۱۷,waived,2026-07-28T04:08:02.963889+00:00,2026-07-28T09:29:02.963889+00:00,321,259166,waived,entry,exit,,6c2589d6-216d-4c21-813b-595f680fef3e
۵۴ب۲۶۵-۱۷,waived,2026-07-28T04:07:43.807583+00:00,2026-07-28T10:29:43.807583+00:00,382,310000,waived,entry,exit,,df45550d-462d-4abf-b5c6-4fd7d5659454
۱۵ی۷۲۹-۱۷,waived,2026-07-28T04:07:14.530391+00:00,2026-07-28T09:44:14.530391+00:00,337,272500,waived,entry,exit,,28f1c129-fe53-4146-8724-8a0a24fec75d
۳۶ب۹۸۳-۱۷,waived,2026-07-28T04:06:45.991416+00:00,2026-07-28T10:37:45.991416+00:00,391,317500,waived,entry,exit,,45201678-d4cf-431c-aa39-1801f13a593d
۲۲ب۳۴۵-۱۷,waived,2026-07-28T04:06:05.196920+00:00,2026-07-28T05:54:05.196920+00:00,108,81666,waived,entry,exit,,0b1717f8-df48-4a55-a4b8-82d9edfc6c18
۳۷ب۸۱۳-۱۷,waived,2026-07-28T04:05:41.862454+00:00,2026-07-28T05:31:41.862454+00:00,86,63333,waived,entry,exit,,61e5ae2a-028b-4ef9-8ccd-13e10146b234
۵۵م۳۹۹-۱۵,waived,2026-07-28T04:05:15.433541+00:00,2026-07-28T13:51:15.433541+00:00,586,400000,waived,entry,exit,,becb9dc6-a8db-486f-9984-dfe68213644f
۱۳ه۱۷۶-۱۷,waived,2026-07-28T04:05:04.772810+00:00,2026-07-28T11:58:04.772810+00:00,473,385833,waived,entry,exit,,9c5a19b8-e7af-47a2-a016-6b7aaea3dd19
۷۳ل۲۴۱-۲۵,flagged,2026-07-28T04:03:47.304788+00:00,,,0,,entry,,,fc02783b-188b-4ff9-851d-10ad20406122
۷۷س۹۱۶-۹۷,waived,2026-07-28T04:02:44.879580+00:00,2026-07-28T10:18:44.879580+00:00,376,305000,waived,entry,exit,,055dacef-77ee-4304-99db-3740bbf468cb
۹۱ی۱۷۴-۱۷,waived,2026-07-28T04:01:35.003837+00:00,2026-07-28T14:45:35.003837+00:00,644,400000,waived,entry,exit,,e8f6f21b-f959-4076-8efa-e421ac2d2d7c
۸۲م۳۳۴-۱۷,waived,2026-07-28T04:01:18.562758+00:00,2026-07-28T13:21:18.562758+00:00,560,400000,waived,entry,exit,,31aedbca-4819-49cd-aefa-27b045a8fc9d
۲۵و۸۳۱-۱۷,waived,2026-07-28T04:00:35.872022+00:00,2026-07-28T10:12:35.872022+00:00,372,301666,waived,entry,exit,,6ea89fa2-18c4-4301-8f9d-e3bb493900a8
۳۶ل۴۵۹-۱۷,waived,2026-07-27T14:58:38.649837+00:00,2026-07-27T18:23:56.317541+00:00,205,0,waived,entry,,,c554b951-65f4-4094-9538-3c34b331b384
۹۱ی۱۷۴-۱۷,waived,2026-07-27T14:56:45.977356+00:00,2026-07-27T18:23:56.317541+00:00,207,0,waived,entry,,,46eed440-87ed-444a-8f33-d3c7432ae21c
۲۴س۶۷۱-۲۷,waived,2026-07-27T14:51:56.989073+00:00,2026-07-27T18:23:56.317541+00:00,211,0,waived,entry,,,5ea7ff38-f16f-4520-a7d6-01890abfce62
۲۲ب۳۴۵-۱۷,waived,2026-07-27T14:49:24.668987+00:00,2026-07-27T18:23:56.317541+00:00,214,0,waived,entry,,,95c26c57-9754-4bf5-aeb0-06f239d76dd5
۲۴س۶۷۱-۲۷,waived,2026-07-27T14:48:26.461887+00:00,2026-07-27T18:23:56.317541+00:00,215,0,waived,entry,,,798ea762-4080-4e2e-a086-df07e6b9cb61
۶۲م۴۷۳-۱۷,waived,2026-07-27T14:47:41.685217+00:00,2026-07-27T18:23:56.317541+00:00,216,0,waived,entry,,,a054ac28-9ed7-45af-9620-335ff56ef21e
۱۵ج۲۷۹-۱۷,waived,2026-07-27T14:47:12.542724+00:00,2026-07-27T18:23:56.317541+00:00,216,0,waived,entry,,,a659e014-97ba-472d-8758-c7fccf4ddfb0
۲۲ب۳۴۵-۱۷,flagged,2026-07-27T14:41:54.467310+00:00,,,0,,entry,,,9ee80963-91de-4fe0-9609-369f52ca89fa
۴۶س۵۵۴-۱۷,waived,2026-07-27T14:35:42.608324+00:00,2026-07-27T18:23:56.317541+00:00,228,0,waived,entry,,,f1d10a86-32ed-45c7-b742-0c4cbe7f5eac
۴۴ی۴۲۲-۱۷,waived,2026-07-27T14:29:12.944315+00:00,2026-07-27T18:23:56.317541+00:00,234,0,waived,entry,,,0dc63d80-cf33-4219-8033-2a9bc77e6d30
۶۶ن۹۵۴-۱۷,waived,2026-07-27T14:28:39.272385+00:00,2026-07-27T18:23:56.317541+00:00,235,0,waived,entry,,,d1837aef-15e8-4b53-b6dc-c0c584610ffd
۳۷و۲۲۵-۱۷,waived,2026-07-27T14:24:48.577093+00:00,2026-07-27T18:23:56.317541+00:00,239,0,waived,entry,,,5f246cee-74b9-46bf-97af-8d245ebbfb22
۳۵ص۳۵۳-۱۷,waived,2026-07-27T14:23:50.327535+00:00,2026-07-27T14:52:09.023956+00:00,28,15000,waived,entry,exit,,8f224480-97e5-4eeb-852e-20d89054a73d
۳۸ی۶۱۷-۱۷,waived,2026-07-27T14:16:08.849943+00:00,2026-07-27T18:23:56.317541+00:00,247,0,waived,entry,,,c4b40000-05f1-4315-8c85-4eb645ed044f
۷۴ه۸۶۱-۱۷,waived,2026-07-27T14:14:12.551488+00:00,2026-07-27T18:23:56.317541+00:00,249,0,waived,entry,,,3ac3a903-3e55-402a-b51e-672c8e08d3a2
۳۹ی۸۸۱-۱۷,waived,2026-07-27T14:12:47.296534+00:00,2026-07-27T18:23:56.317541+00:00,251,0,waived,entry,,,a05857c3-9d41-4f96-b7d3-152f329d2d34
۴۴ی۴۲۲-۱۷,flagged,2026-07-27T14:03:24.700158+00:00,,,0,,entry,,,11127b66-581b-4b8b-a40e-ad76e6b22937
۴۲ج۷۹۸-۲۵,waived,2026-07-27T14:03:22.528588+00:00,2026-07-27T18:23:56.317541+00:00,260,0,waived,entry,,,b460a8e9-e0fb-4337-8786-ac6d0e60e8bb
۴۲ج۷۹۸-۲۵,flagged,2026-07-27T14:01:01.339841+00:00,,,0,,entry,,,d27b20c0-5e52-462d-b4c1-16b74650a50c
۷۱ی۳۹۲-۱۷,waived,2026-07-27T13:53:46.840410+00:00,2026-07-27T14:01:16.966161+00:00,7,0,waived,entry,exit,,826ac482-fe18-48a7-b8f6-fd1dbb13c98d
۹۷ه۹۵۷-۱۷,waived,2026-07-27T13:53:44.691215+00:00,2026-07-27T18:23:56.317541+00:00,270,0,waived,entry,,,388e9e38-7395-439f-ac58-cc75c28bb92a
۵۸م۹۳۶-۱۷,waived,2026-07-27T13:45:11.585240+00:00,2026-07-27T13:53:10.331624+00:00,7,0,waived,entry,exit,,c2d9fa6c-ec9f-40d6-a654-24a0e3cd021f
۳۹ی۷۸۷-۲۷,waived,2026-07-27T13:38:12.778731+00:00,2026-07-27T13:46:28.780043+00:00,8,0,waived,entry,exit,,1787f76e-fe97-46a9-b002-b15a4b0fae82
۸۲و۲۳۲-۱۷,waived,2026-07-27T13:30:55.904331+00:00,2026-07-27T18:23:56.317541+00:00,293,0,waived,entry,,,c6797cc6-4ce8-44fe-a00a-4dd68f3b523a
۴۷د۷۹۵-۱۷,waived,2026-07-27T13:29:35.259801+00:00,2026-07-27T18:23:56.317541+00:00,294,0,waived,entry,,,8bfcbd4d-2fdd-4237-a6a4-7ed50d4e6dba
۳۷ق۶۵۸-۱۷,waived,2026-07-27T13:25:19.905286+00:00,2026-07-27T13:28:12.969509+00:00,2,0,waived,entry,exit,,fe6fa0bf-a053-4ec0-abaa-256f4d44f642
۶۲و۱۶۵-۱۷,waived,2026-07-27T13:18:47.925301+00:00,2026-07-27T13:38:01.990189+00:00,19,7500,waived,entry,exit,,4496dd2c-a5ab-413f-88fe-7ce5a022f178
۳۶د۹۵۳-۱۲,waived,2026-07-27T13:05:26.095217+00:00,2026-07-27T18:23:56.317541+00:00,318,0,waived,entry,,,91df1c97-8776-4541-bcd3-2cb94b7b1503
۲۵م۱۳۲-۱۷,waived,2026-07-27T12:57:35.579045+00:00,2026-07-27T13:05:39.358597+00:00,8,0,waived,entry,exit,,e12d1eca-ced4-4ab2-b35f-0522e86927ad
۳۸ن۸۲۶-۱۷,waived,2026-07-27T12:48:53.708179+00:00,2026-07-27T18:23:56.317541+00:00,335,0,waived,entry,,,1cf4f6bc-f71c-4fec-8f78-f1fc2e852eca
۴۲م۵۶۴-۲۷,waived,2026-07-27T12:46:43.767066+00:00,2026-07-27T12:49:19.329244+00:00,2,0,waived,entry,exit,,50eba728-fdc0-4320-98af-6fcacbe0c453
۴۹د۸۴۷-۱۷,waived,2026-07-27T12:34:11.137074+00:00,2026-07-27T18:23:56.317541+00:00,349,0,waived,entry,,,b5846196-6731-4542-bf03-25b05ffb29fd
۲۸ب۶۷۲-۱۷,waived,2026-07-27T12:26:07.299990+00:00,2026-07-27T18:23:56.317541+00:00,357,0,waived,entry,,,cdbe5d65-75ed-4fe7-9c43-f4371b5a2975
۹۹م۹۷۵-۱۷,waived,2026-07-27T12:25:51.600070+00:00,2026-07-27T12:41:02.080520+00:00,15,4166,waived,entry,exit,,f2b9d4e6-4036-47ce-bf8a-a38cb41b4ad4
۳۵ب۵۹۷-۱۷,waived,2026-07-27T12:14:32.864688+00:00,2026-07-27T18:23:56.317541+00:00,369,0,waived,entry,,,1350a8f5-d699-459f-8556-3c39a6c37470
۴۱ب۶۸۸-۱۷,waived,2026-07-27T12:13:57.047845+00:00,2026-07-27T18:23:56.317541+00:00,369,0,waived,entry,,,6c882794-3a1b-44fb-ab94-6223c12e45e5
۸۷و۲۳۵-۱۵,waived,2026-07-27T11:53:43.313230+00:00,2026-07-27T12:05:08.359060+00:00,11,833,waived,entry,exit,,07fcb3c9-59ad-4a63-b823-f5df1109c437
۱۹ط۷۸۱-۱۷,waived,2026-07-27T11:53:25.336487+00:00,2026-07-27T11:59:13.330804+00:00,5,0,waived,entry,exit,,e61bdd12-7b9b-486e-8f72-8f50f7306e48
۷۴ج۴۱۹-۱۷,waived,2026-07-27T11:47:11.255365+00:00,2026-07-27T12:13:12.760683+00:00,26,13333,waived,entry,exit,,9745a34b-27d1-456a-b59d-53cfb8e3e9ce
۵۸و۶۲۵-۱۷,waived,2026-07-27T11:43:54.079179+00:00,2026-07-27T11:48:14.165918+00:00,4,0,waived,entry,exit,,40f72bd6-647d-4cb3-aa88-e8645f9f4792
۲۸ب۶۷۲-۱۷,flagged,2026-07-27T11:36:32.821702+00:00,,,0,,entry,,,5fa75235-0db9-4a09-8cc3-ffe59251edb5
۵۳ص۹۵۱-۱۷,waived,2026-07-27T11:23:51.206932+00:00,2026-07-27T18:23:56.317541+00:00,420,0,waived,entry,,,b74133d9-e124-4400-95ea-d74f2098a55d
۴۵ل۷۹۵-۱۷,waived,2026-07-27T11:20:20.703881+00:00,2026-07-27T18:23:56.317541+00:00,423,0,waived,entry,,,5530fe64-0caf-482a-8681-c628f09cf9c8
۸۶م۲۹۳-۱۷,waived,2026-07-27T11:17:03.529644+00:00,2026-07-27T18:23:56.317541+00:00,426,0,waived,entry,,,c35b2407-b96a-414e-aa8b-bca305263fae
۱۹و۹۸۳-۱۷,waived,2026-07-27T11:14:17.817603+00:00,2026-07-27T18:23:56.317541+00:00,429,0,waived,entry,,,751326b4-026c-4102-bb0d-1b3cd9714c44
۶۲ه۲۲۶-۱۷,waived,2026-07-27T11:14:08.881366+00:00,2026-07-27T11:21:26.976777+00:00,7,0,waived,entry,exit,,7bd8a514-79b9-4997-8787-74c12c22046e
۴۱س۷۲۷-۲۷,waived,2026-07-27T11:13:50.883375+00:00,2026-07-27T11:53:57.415810+00:00,40,25000,waived,entry,exit,,9ecf8f55-98c9-492f-82f4-cc945aebadf6
۱۴د۳۷۱-۱۷,waived,2026-07-27T11:13:30.718558+00:00,2026-07-27T13:41:33.125183+00:00,148,115000,waived,entry,exit,,663eb71d-b7ea-4d75-8bf9-b649b600eec4
۳۷ی۶۵۶-۱۷,waived,2026-07-27T11:12:10.141097+00:00,2026-07-27T18:23:56.317541+00:00,431,0,waived,entry,,,247e2661-30f7-4dc4-9500-1505c7732e4b
۲۵ی۳۹۴-۱۷,waived,2026-07-27T11:08:55.206085+00:00,2026-07-27T18:23:56.317541+00:00,435,0,waived,entry,,,26ed79b9-7358-43de-b053-5e962d86aa4b
۸۸ج۳۷۵-۱۷,waived,2026-07-27T11:06:45.297260+00:00,2026-07-27T18:23:56.317541+00:00,437,0,waived,entry,,,7c4e657d-361f-46b0-961c-30542a6c016d
۳۶د۹۵۳-۱۷,waived,2026-07-27T11:06:18.438296+00:00,2026-07-27T18:23:56.317541+00:00,437,0,waived,entry,,,d05c5af6-08b2-4a09-ad95-45e23fda79d4
۳۶۹۵۳-۱۷,waived,2026-07-27T11:06:16.208843+00:00,2026-07-27T18:23:56.317541+00:00,437,0,waived,entry,,,9bd99ea7-5edd-42d6-a312-7163b31d990f
۵۳س۲۸۶-۱۷,waived,2026-07-27T11:00:42.158495+00:00,2026-07-27T18:23:56.317541+00:00,443,0,waived,entry,,,5da5f25d-258f-43cb-ac2e-c957c4525024
۵۲س۲۸۶-۱۷,waived,2026-07-27T11:00:39.864923+00:00,2026-07-27T18:23:56.317541+00:00,443,0,waived,entry,,,d6b5c324-2b77-4627-bf41-35e63b441062
۳۴م۳۷۸-۱۷,waived,2026-07-27T10:52:38.276975+00:00,2026-07-27T14:38:25.751804+00:00,225,179166,waived,entry,exit,,2985f23d-2169-4fb5-bfcc-6e397a7df478
۴۷ب۵۷۴-۲۷,waived,2026-07-27T10:50:32.825360+00:00,2026-07-27T18:23:56.317541+00:00,453,0,waived,entry,,,0dbcb974-0ac3-4e7e-900b-631d0626e024
۶۸۱۲۴-۴۴,waived,2026-07-27T10:50:10.531047+00:00,2026-07-27T18:23:56.317541+00:00,453,0,waived,entry,,,89ce9126-8bb0-4316-bc6c-61c20004ae88
۴۹ل۶۷۵-۱۷,waived,2026-07-27T10:47:42.718082+00:00,2026-07-27T10:51:26.596543+00:00,3,0,waived,entry,exit,,e201f623-50b5-44df-87c1-ff8d3bddfb88
۳۵ه۹۷۵-۱۷,waived,2026-07-27T10:47:26.913515+00:00,2026-07-27T10:51:19.412683+00:00,3,0,waived,entry,exit,,490b0bb4-8117-418b-90b4-ac506af79ece
۲۵ی۹۲۶-۱۷,waived,2026-07-27T10:46:21.959517+00:00,2026-07-27T12:17:30.298677+00:00,91,67500,waived,entry,exit,,941ab4db-2250-4c19-88f8-12708d72bfd7
۷۶ب۲۴۶-۱۷,waived,2026-07-27T10:42:02.131019+00:00,2026-07-27T18:23:56.317541+00:00,461,0,waived,entry,,,f3614ee9-3449-415c-bb56-1981ef884f75
۹۴م۱۳۱-۱۷,waived,2026-07-27T10:41:35.241316+00:00,2026-07-27T18:23:56.317541+00:00,462,0,waived,entry,,,34a2f6f0-ee31-4282-9431-5af2f2c01de5
۴۶د۷۱۹-۱۷,waived,2026-07-27T10:37:19.894404+00:00,2026-07-27T18:23:56.317541+00:00,466,0,waived,entry,,,cd778093-a1ab-4f47-83ec-9df96469a38b
۴۵ط۸۴۴-۱۷,waived,2026-07-27T10:36:19.414309+00:00,2026-07-27T18:23:56.317541+00:00,467,0,waived,entry,,,c29bd370-baf3-42b7-89d1-d6bdc9909653
۶۱س۸۲۵-۱۷,waived,2026-07-27T10:35:14.470756+00:00,2026-07-27T10:42:42.988583+00:00,7,0,waived,entry,exit,,553cedcf-e680-48af-b3a1-6601086f771c
۹۶ب۱۷۶-۱۷,waived,2026-07-27T10:34:13.983976+00:00,2026-07-27T18:23:56.317541+00:00,469,0,waived,entry,,,5bd5ea95-100d-4cec-998b-ebb59f8389cb
۲۸ن۵۷۲-۱۷,waived,2026-07-27T10:33:51.544423+00:00,2026-07-27T18:23:56.317541+00:00,470,0,waived,entry,,,77471c6a-6401-4d8b-8dcb-bf5d83370e99
۳۴د۹۶۹-۱۷,waived,2026-07-27T10:33:29.151635+00:00,2026-07-27T18:23:56.317541+00:00,470,0,waived,entry,,,b7897504-5e5b-4489-b605-20fb5ddb5e7a
۵۵ص۱۷۸-۲۷,waived,2026-07-27T10:32:46.590710+00:00,2026-07-27T18:23:56.317541+00:00,471,0,waived,entry,,,77cbf3b9-52ff-46f2-a71d-923c7d3eba43
۹۷و۲۳۳-۱۷,waived,2026-07-27T10:32:13.066322+00:00,2026-07-27T18:23:56.317541+00:00,471,0,waived,entry,,,76fd7d17-fd0f-42c6-b276-e35461abc01b
۵۴ط۹۷۹-۱۷,waived,2026-07-27T10:31:43.893415+00:00,2026-07-27T10:35:36.287453+00:00,3,0,waived,entry,exit,,63c36696-db56-422b-88cc-69945a95ad0f
۷۶ن۷۶۲-۱۷,waived,2026-07-27T10:27:10.629132+00:00,2026-07-27T18:23:56.317541+00:00,476,0,waived,entry,,,b9fa9675-f67e-478d-a319-55ec47803ed8
۸۴ل۱۳۲-۱۷,waived,2026-07-27T10:18:55.674977+00:00,2026-07-27T10:44:19.305449+00:00,25,12500,waived,entry,exit,,821541e8-5e1c-471b-a5a5-ce85f3679669
۲۴ی۷۷۹-۱۷,waived,2026-07-27T10:17:21.463438+00:00,2026-07-27T10:19:35.854105+00:00,2,0,waived,entry,exit,,6a2c4110-172b-4674-b401-22d51ebfc9bb
۹۳و۹۵۹-۱۷,waived,2026-07-27T10:16:41.163372+00:00,2026-07-27T18:23:56.317541+00:00,487,0,waived,entry,,,9b0a1fb1-140f-46a7-afbf-85c0f1e767f7
۸۷ه۴۴۶-۱۷,waived,2026-07-27T10:14:40.263181+00:00,2026-07-27T14:18:17.269046+00:00,243,194166,waived,entry,exit,,a086f500-3e49-4b37-bb5c-6c6f775bc9ea
۸۱م۱۹۶-۱۷,waived,2026-07-27T10:13:23.991025+00:00,2026-07-27T18:23:56.317541+00:00,490,0,waived,entry,,,a71db0aa-ef0c-4ecd-b3a0-b6d019759f85
۹۳و۹۵۹-۱۷,flagged,2026-07-27T10:12:52.793383+00:00,,,0,,entry,,,78ee3401-0085-4218-a7e9-4f95f57f181c
۹۴ل۴۱۸-۱۷,waived,2026-07-27T10:12:41.454225+00:00,2026-07-27T18:23:56.317541+00:00,491,0,waived,entry,,,28df29e8-6221-4e6d-9ff2-0b4459b0041b
۹۶ل۶۱۸-۱۷,waived,2026-07-27T10:12:16.938893+00:00,2026-07-27T10:19:24.659443+00:00,7,0,waived,entry,exit,,c2843e1c-1f2c-402b-a9ba-4d1612dcb126
۵۸ی۱۹۵-۱۷,waived,2026-07-27T10:09:35.628284+00:00,2026-07-27T18:23:56.317541+00:00,494,0,waived,entry,,,5e05d199-1403-4d51-a4b9-4456e16107cd
۱۸ی۳۳۲-۱۷,waived,2026-07-27T10:04:30.893232+00:00,2026-07-27T18:23:56.317541+00:00,499,0,waived,entry,,,67ad33ec-e358-4627-8de7-3195f9efe483
۶۲م۲۲۸-۱۷,waived,2026-07-27T10:04:21.912886+00:00,2026-07-27T10:08:34.504804+00:00,4,0,waived,entry,exit,,5b3e456a-cc72-476b-b204-359d8e118d55
۶۳د۹۷۸-۱۷,waived,2026-07-27T10:03:41.631170+00:00,2026-07-27T18:23:56.317541+00:00,500,0,waived,entry,,,860bc29f-21f3-4275-9103-17cf6aad696f
۵۸ه۵۳۲-۱۷,waived,2026-07-27T10:03:32.646030+00:00,2026-07-27T18:23:56.317541+00:00,500,0,waived,entry,,,77b1b38d-18e4-4cdc-b3cf-daa750a100fc
۸۱م۱۹۶-۱۷,flagged,2026-07-27T10:00:20.003606+00:00,,,0,,entry,,,a999b92a-45b0-4ad2-8a1e-ae175cacbcfa
۴۸ت۶۲۷-۱۷,waived,2026-07-27T09:56:58.414201+00:00,2026-07-27T10:31:33.203649+00:00,34,20000,waived,entry,exit,,370b1a92-3367-439f-a7a9-99b77e7f55c4
۶۴ی۷۲۸-۱۷,waived,2026-07-27T09:56:15.876111+00:00,2026-07-27T10:01:01.420504+00:00,4,0,waived,entry,exit,,2c372238-bd41-4988-8a7d-f9c879b7bea8
۳۳س۶۸۹-۱۷,waived,2026-07-27T09:55:06.447433+00:00,2026-07-27T12:12:40.793349+00:00,137,105833,waived,entry,exit,,eabe7303-fd09-4784-a795-f1b48c48d16e
۵۸ه۵۳۲-۱۷,flagged,2026-07-27T09:53:30.096362+00:00,,,0,,entry,,,2e8101f0-15e9-42b9-a4aa-bd430817f2e5
۵۵ه۵۳۲-۱۷,waived,2026-07-27T09:53:27.841694+00:00,2026-07-27T18:23:56.317541+00:00,510,0,waived,entry,,,a4a8aadb-bc80-4d64-a29d-d62907585723
۳۱ن۳۶۷-۱۷,waived,2026-07-27T09:52:09.502202+00:00,2026-07-27T09:55:50.091469+00:00,3,0,waived,entry,exit,,6966f0d4-3751-49e6-b9f0-51c346b03cfc
۸۸ج۳۴۳-۱۷,waived,2026-07-27T09:51:26.899061+00:00,2026-07-27T18:23:56.317541+00:00,512,0,waived,entry,,,f234661c-29b9-4e45-896b-eddd7b712921
۶۲ه۷۲۶-۱۷,waived,2026-07-27T09:50:37.657819+00:00,2026-07-27T18:23:56.317541+00:00,513,0,waived,entry,,,2ad9f7ab-b4e8-4c38-9357-46f1b94e0e79
۵۲ب۴۲۳-۱۷,waived,2026-07-27T09:49:05.755632+00:00,2026-07-27T09:53:22.815669+00:00,4,0,waived,entry,exit,,cdd86a25-53d6-47c4-92e7-69fd666ff7ee
۸۲ق۷۴۲-۳۵,waived,2026-07-27T09:48:32.223083+00:00,2026-07-27T09:59:25.142972+00:00,10,0,waived,entry,exit,,87cb94cc-c5cc-4a99-9d88-8b954b582745
۶۸ه۱۳۱-۳۵,waived,2026-07-27T09:47:31.730266+00:00,2026-07-27T11:23:49.178907+00:00,96,71666,waived,entry,exit,,1dae01a3-a24c-49a8-91de-b0131d3facbf
۱۵ه۸۹۳-۱۷,waived,2026-07-27T09:45:12.878515+00:00,2026-07-27T18:23:56.317541+00:00,518,0,waived,entry,,,77b71616-03fa-4893-b53e-63863ec46679
۳۷ص۶۲۴-۱۷,waived,2026-07-27T09:44:12.484331+00:00,2026-07-27T11:34:04.265500+00:00,109,82500,waived,entry,exit,,90fe87ef-4d1c-4edd-bbec-8c74c4e10941
۴۴ی۳۲۷-۱۷,waived,2026-07-27T09:42:00.275519+00:00,2026-07-27T09:48:31.697043+00:00,6,0,waived,entry,exit,,9a567c1a-d932-4474-a668-00d56ab3d15e
۶۹ق۸۵۵-۳۷,waived,2026-07-27T09:39:50.353566+00:00,2026-07-27T09:43:46.003023+00:00,3,0,waived,entry,exit,,76fae229-92be-4ebe-8067-fb3318a5380a
۷۲ه۳۶۹-۱۷,waived,2026-07-27T09:38:13.691640+00:00,2026-07-27T14:51:26.375013+00:00,313,252500,waived,entry,exit,,7ba3f75b-1fe7-415e-b458-2d9c35b7bd8a
۱۳ج۲۴۶-۱۷,waived,2026-07-27T09:37:06.430595+00:00,2026-07-27T09:40:50.702825+00:00,3,0,waived,entry,exit,,0c6545cd-f1c6-4745-a26f-5084f5acf198
۲۳د۲۸۴-۱۷,waived,2026-07-27T09:36:21.634881+00:00,2026-07-27T09:39:27.832199+00:00,3,0,waived,entry,exit,,39a7455d-1875-4f02-a0bb-6b41c049b58d
۱۷م۶۷۹-۱۷,waived,2026-07-27T09:34:34.142150+00:00,2026-07-27T12:45:55.504406+00:00,191,150833,waived,entry,exit,,254f432c-1ab4-454e-83d5-9f27e57ee0ae
۹۱د۹۸۱-۱۷,waived,2026-07-27T09:27:19.553783+00:00,2026-07-27T14:17:12.287435+00:00,289,232500,waived,entry,exit,,54aeef7d-31e9-4e0c-adba-0ff354f4b303
۸۸ص۷۱۳-۱۷,waived,2026-07-27T09:25:00.582496+00:00,2026-07-27T09:29:09.086360+00:00,4,0,waived,entry,exit,,8f180edd-89d7-495a-a2a3-99791272ac13
۶۲د۹۷۸-۱۷,waived,2026-07-27T09:20:40.584219+00:00,2026-07-27T10:03:44.957444+00:00,43,27500,waived,entry,exit,,16f0a1ee-d51a-49fb-8213-3c63c4951456
۱۳م۴۷۱-۳۷,waived,2026-07-27T09:10:53.681723+00:00,2026-07-27T10:45:51.685121+00:00,94,70000,waived,entry,exit,,88e3ddf4-63bf-459a-8ded-cab0da1199b0
۸۸ج۳۷۵-۱۷,flagged,2026-07-27T09:10:49.211993+00:00,,,0,,entry,,,a3c2318a-e301-4c7e-95ac-45240cbb40ae
۱۵ه۸۹۳-۱۷,flagged,2026-07-27T09:04:37.367605+00:00,,,0,,entry,,,8e76f663-ed09-4a0c-a1d9-573a3cdf9da2
۴۵ل۵۹۱-۱۷,waived,2026-07-27T08:59:41.751654+00:00,2026-07-27T18:23:56.317541+00:00,564,0,waived,entry,,,26d9ec61-5c47-4d5b-8330-aa3c82c42e41
۹۶ی۷۷۹-۱۷,waived,2026-07-27T08:59:34.999311+00:00,2026-07-27T18:23:56.317541+00:00,564,0,waived,entry,,,ef9c00f6-97b7-4354-b1c9-78254cb2f294
۱۸ی۳۸۴-۱۷,waived,2026-07-27T08:58:39.031446+00:00,2026-07-27T11:52:49.668382+00:00,174,136666,waived,entry,exit,,4ea4a4ef-1756-4718-bb08-d1b62fb8f6e3
۵۵ط۸۱۵-۱۷,waived,2026-07-27T08:58:27.763521+00:00,2026-07-27T09:01:32.533575+00:00,3,0,waived,entry,exit,,b5f71203-a46f-472b-8086-98a47dc143f4
۷۶م۲۷۳-۱۷,waived,2026-07-27T08:57:34.008259+00:00,2026-07-27T09:01:27.545912+00:00,3,0,waived,entry,exit,,6cacd8ba-7307-49ca-adeb-64eb0c765e51
۵۱س۶۸۳-۱۷,waived,2026-07-27T08:56:42.505854+00:00,2026-07-27T09:32:35.161032+00:00,35,20833,waived,entry,exit,,46eb713d-8768-4ee3-aa95-ca3f7b4be938
۵۷ی۵۸۹-۱۷,waived,2026-07-27T08:55:59.930545+00:00,2026-07-27T18:23:56.317541+00:00,567,0,waived,entry,,,f39dcb96-64d7-4f7d-be94-8eea9a5972cb
۵۳ص۹۵۱-۱۷,flagged,2026-07-27T08:55:39.819796+00:00,,,0,,entry,,,aff40935-7b16-4b17-9e89-d38f4e0cb77b
۴۱ل۴۴۸-۱۷,waived,2026-07-27T08:52:53.740287+00:00,2026-07-27T18:23:56.317541+00:00,571,0,waived,entry,,,16288b05-f708-4390-b0a4-41a054a86fd0
۴۱ل۶۹۸-۱۷,waived,2026-07-27T08:52:11.198106+00:00,2026-07-27T18:23:56.317541+00:00,571,0,waived,entry,,,25b33c15-d489-43d8-bc3f-2f250a3555be
۹۳ه۸۴۱-۱۷,waived,2026-07-27T08:50:39.395151+00:00,2026-07-27T09:57:06.238156+00:00,66,46666,waived,entry,exit,,c04555fe-abd8-4be6-8442-ab3b56f641a8
۲۱ب۹۶۱-۱۷,waived,2026-07-27T08:50:12.764164+00:00,2026-07-27T18:23:56.317541+00:00,573,0,waived,entry,,,fc8e5821-6eba-4243-8ee5-b694a89efa7d
۱۴ق۴۸۵-۲۲,waived,2026-07-27T08:49:18.924998+00:00,2026-07-27T18:23:56.317541+00:00,574,0,waived,entry,,,31e8bd1c-6b38-4044-9150-6675ae1d3f45
۱۴۲۸۵-۲۲,waived,2026-07-27T08:48:29.649779+00:00,2026-07-27T18:23:56.317541+00:00,575,0,waived,entry,,,507d0016-34f6-4158-927b-1bab5342622e
۱۴۴۸۵-۳۲,waived,2026-07-27T08:48:27.442080+00:00,2026-07-27T18:23:56.317541+00:00,575,0,waived,entry,,,a23a9891-b65a-46c9-94fd-5364e0b4165a
۱۸ب۶۷۴-۵۵,waived,2026-07-27T08:47:38.196587+00:00,2026-07-27T12:58:28.725405+00:00,250,200000,waived,entry,exit,,311966ec-db0d-406a-89e4-8a4cdd25308f
۴۹ج۳۳۸-۱۷,waived,2026-07-27T08:47:26.913185+00:00,2026-07-27T18:23:56.317541+00:00,576,0,waived,entry,,,5b64d5c0-ad88-486c-aea1-66f8b554f26a
۲۱ب۹۶۱-۱۷,flagged,2026-07-27T08:46:46.725093+00:00,,,0,,entry,,,77f8cf86-f025-4f40-a716-dfe98b08a8e8
۲۱ل۸۲۱-۱۷,waived,2026-07-27T08:44:25.537221+00:00,2026-07-27T18:23:56.317541+00:00,579,0,waived,entry,,,d5fca00b-d020-4976-8d36-690f4de7f112
۴۳م۹۴۴-۱۷,waived,2026-07-27T08:41:26.331135+00:00,2026-07-27T18:23:56.317541+00:00,582,0,waived,entry,,,a06f5ef5-2c5f-44bb-8ba8-299a783ef291
۵۸م۶۵۲-۹۷,waived,2026-07-27T08:39:49.976920+00:00,2026-07-27T18:23:56.317541+00:00,584,0,waived,entry,,,44971d97-4b38-4a1c-bef5-42ea21bab356
۸۴ه۳۷۳-۱۷,waived,2026-07-27T08:39:45.480260+00:00,2026-07-27T12:41:24.499614+00:00,241,192500,waived,entry,exit,,1f0035e2-9072-4b7a-b653-87aa23a9c457
۷۹ج۷۲۹-۱۷,waived,2026-07-27T08:39:00.158272+00:00,2026-07-27T18:23:56.317541+00:00,584,0,waived,entry,,,be87d61b-5a78-46d8-a209-78067865b047
۴۹ل۶۷۵-۱۷,waived,2026-07-27T08:37:19.337687+00:00,2026-07-27T09:30:33.014787+00:00,53,35833,waived,entry,exit,,fdaabf20-f810-4bdf-8a43-d928510be55c
۵۴ب۴۹۲-۱۷,waived,2026-07-27T08:35:38.613696+00:00,2026-07-27T12:18:55.418346+00:00,223,177500,waived,entry,exit,,370afdff-96d0-47f4-a414-052c3f1eba6a
۴۶س۵۵۴-۱۷,flagged,2026-07-27T08:35:04.952669+00:00,,,0,,entry,,,2d958613-7181-4f13-806b-96180b939e38
۹۳م۳۹۱-۱۷,waived,2026-07-27T08:33:03.970193+00:00,2026-07-27T09:24:44.809805+00:00,51,34166,waived,entry,exit,,8245fb82-357d-4387-a5fd-9e3250dd5ab8
۴۲م۶۴۵-۱۷,waived,2026-07-27T08:27:24.885982+00:00,2026-07-27T13:18:05.259235+00:00,290,233333,waived,entry,exit,,8deca690-a8f0-40db-83bc-d10435f4317e
۸۸۶۹۹-۱۷,waived,2026-07-27T08:12:11.697662+00:00,2026-07-27T18:23:56.317541+00:00,611,0,waived,entry,,,989a781d-335a-4ca2-baba-2fe18ef39a6b
۸۸د۶۹۹-۹۷,waived,2026-07-27T08:12:09.473044+00:00,2026-07-27T18:23:56.317541+00:00,611,0,waived,entry,,,13a01687-dccc-4e7b-9dd6-61168e587ae0
۶۸و۲۹۹-۱۲,waived,2026-07-27T08:10:42.127621+00:00,2026-07-27T18:23:56.317541+00:00,613,0,waived,entry,,,bac19f5f-74fd-4efe-8648-2f5adafb6ccf
۱۱۷۵۲-۱۷,waived,2026-07-27T08:10:24.210635+00:00,2026-07-27T08:29:01.014310+00:00,18,6666,waived,entry,exit,,f138424c-6602-4cd1-b2d2-7bfbfda881f2
۱۱۷۵۳-۱۷,waived,2026-07-27T08:10:17.499003+00:00,2026-07-27T08:28:58.724008+00:00,18,6666,waived,entry,exit,,8f6d1780-0aa6-4a5a-adac-f01de9614137
۴۷د۵۴۵-۳۷,waived,2026-07-27T08:09:34.896726+00:00,2026-07-27T08:46:40.496725+00:00,37,22500,waived,entry,exit,,b3bf5603-8612-4629-95c0-80ac2a7a8d8f
۴۲د۴۸۳-۱۷,waived,2026-07-27T08:08:12.095308+00:00,2026-07-27T10:05:10.648203+00:00,116,88333,waived,entry,exit,,5e3925d8-efa1-4032-8e4c-9ccb5b08e80a
۵۷ه۶۱۱-۱۷,waived,2026-07-27T08:07:18.265677+00:00,2026-07-27T09:43:19.160194+00:00,96,71666,waived,entry,exit,,32ebb6b5-ce56-4cec-8c84-af43f91fbb05
۵۸د۲۹۷-۲۷,waived,2026-07-27T08:06:15.549124+00:00,2026-07-27T18:23:56.317541+00:00,617,0,waived,entry,,,cdda83c1-baa2-43fc-b653-7c0b11bcc1a5
۷۸ص۸۴۹-۱۷,waived,2026-07-27T08:05:44.180686+00:00,2026-07-27T08:46:35.993115+00:00,40,25000,waived,entry,exit,,1db2357b-2536-4564-9c2d-5db762414aad
۳۹و۸۱۳-۱۷,waived,2026-07-27T08:04:30.256633+00:00,2026-07-27T09:45:58.179391+00:00,101,75833,waived,entry,exit,,149d06c9-1914-48da-9957-7991b3fb5d3c
۴۵ل۵۹۱-۱۷,flagged,2026-07-27T08:00:39.565767+00:00,,,0,,entry,,,7604b124-222e-43a9-9bb4-e97a7e007fa7
۵۵س۹۵۱-۱۷,waived,2026-07-27T08:00:12.737729+00:00,2026-07-27T11:24:58.643998+00:00,204,161666,waived,entry,exit,,2d21c465-17c2-4e09-a0fa-9685438e9594
۴۸د۷۹۲-۱۷,waived,2026-07-27T07:59:05.488117+00:00,2026-07-27T08:25:29.259453+00:00,26,13333,waived,entry,exit,,e540c5e9-dc6a-4bab-bc63-5f537c96ef32
۸۵ی۲۹۸-۱۷,waived,2026-07-27T07:58:45.296581+00:00,2026-07-27T09:32:00.481539+00:00,93,69166,waived,entry,exit,,f76dfead-5d1e-4c89-b06e-855580aa498f
۴۹ج۳۳۸-۱۷,flagged,2026-07-27T07:57:44.812025+00:00,,,0,,entry,,,eda115da-ced7-44f7-8736-ad67765b1508
۷۳ه۳۱۶-۱۷,waived,2026-07-27T07:55:21.449171+00:00,2026-07-27T18:23:56.317541+00:00,628,0,waived,entry,,,eea2b5a6-24e9-4132-bc19-e78ab6bb1ad1
۷۱ب۷۱۸-۱۷,waived,2026-07-27T07:54:41.162847+00:00,2026-07-27T11:28:31.982618+00:00,213,169166,waived,entry,exit,,0b5c2381-f21c-47e6-b5f6-c105fbb83344
۲۲ن۹۴۲-۱۵,waived,2026-07-27T07:49:11.876030+00:00,2026-07-27T09:42:33.789432+00:00,113,85833,waived,entry,exit,,b3b842a6-3521-4373-9998-8f6617b67ac7
۴۸د۸۹۴-۳۷,waived,2026-07-27T07:43:56.101073+00:00,2026-07-27T18:23:56.317541+00:00,640,0,waived,entry,,,73227999-8dfa-46dd-85a6-61428900012f
۶۸ی۱۵۹-۱۷,waived,2026-07-27T07:43:22.418494+00:00,2026-07-27T09:58:31.339568+00:00,135,104166,waived,entry,exit,,4b603736-60e9-49c5-a286-00f64cb154eb
۴۷س۵۲۴-۱۷,waived,2026-07-27T07:40:45.619852+00:00,2026-07-27T18:23:56.317541+00:00,643,0,waived,entry,,,05afbcaa-8432-4742-913a-50af2cfca162
۴۳ت۴۱۸-۱۷,waived,2026-07-27T07:37:50.898671+00:00,2026-07-27T07:55:02.232932+00:00,17,5833,waived,entry,exit,,2403860b-3e01-4862-9efd-21699ba824f7
۸۳ن۹۴۸-۱۷,waived,2026-07-27T07:36:50.492786+00:00,2026-07-27T07:59:13.176873+00:00,22,10000,waived,entry,exit,,127f82fe-df63-4168-8bc4-313e20f78719
۵۸د۲۹۷-۲۷,flagged,2026-07-27T07:36:32.508667+00:00,,,0,,entry,,,dbe776b9-640c-4f87-bf26-6b398676afdd
۳۷ص۶۲۴-۱۷,flagged,2026-07-27T07:35:25.033280+00:00,,,0,,entry,,,223a71c8-658c-4f69-aabc-c75808f75c0c
۱۸ه۵۷۱-۱۷,waived,2026-07-27T07:32:57.160395+00:00,2026-07-27T18:23:56.317541+00:00,650,0,waived,entry,,,dcd3365d-1472-40d1-ad2f-67eb146818f3
۸۵ج۴۸۶-۱۷,waived,2026-07-27T07:18:04.272896+00:00,2026-07-27T07:39:47.746108+00:00,21,9166,waived,entry,exit,,32b2e088-89e3-419f-95ba-ff93a009d741
۲۹ی۹۴۸-۱۷,waived,2026-07-27T07:16:43.906843+00:00,2026-07-27T18:23:56.317541+00:00,667,0,waived,entry,,,483fc639-71c6-4862-9e19-cadda7251ad1
۱۹د۲۵۹-۱۷,waived,2026-07-27T07:12:06.357052+00:00,2026-07-27T18:23:56.317541+00:00,671,0,waived,entry,,,04a4d7aa-1ca1-4ffa-ba75-64e43fd7a843
۹۴م۴۴۸-۱۷,waived,2026-07-27T07:11:01.724969+00:00,2026-07-27T07:16:06.566006+00:00,5,0,waived,entry,exit,,cf798612-26f9-4af7-9fea-9ef13be665de
۷۴ل۶۳۶-۱۷,waived,2026-07-27T07:10:10.241013+00:00,2026-07-27T18:23:56.317541+00:00,673,0,waived,entry,,,3ea8e549-29a6-412f-8bf5-e53b72bb93db
۹۵د۸۸۵-۱۷,waived,2026-07-27T07:07:20.468046+00:00,2026-07-27T07:47:55.511776+00:00,40,25000,waived,entry,exit,,f015d9bf-0701-4bba-a423-ee68b20aeb55
۴۹ل۶۷۵-۱۷,flagged,2026-07-27T07:06:28.964197+00:00,,,0,,entry,,,fd214a2a-c892-4ed8-ae9d-19af55b2b5c5
۴۷س۵۲۴-۱۷,flagged,2026-07-27T07:03:36.534860+00:00,,,0,,entry,,,8a8be9e8-e05d-45e3-adf0-5ff36f9cbfbe
۷۶ب۶۵۹-۳۷,waived,2026-07-27T07:01:42.271577+00:00,2026-07-27T18:23:56.317541+00:00,682,0,waived,entry,,,730ef768-2dc5-4cd2-ab83-4382d35d9392
۸۱ن۴۸۶-۱۷,waived,2026-07-27T06:56:55.524269+00:00,2026-07-27T07:09:35.112284+00:00,12,1666,waived,entry,exit,,e2827888-bcda-4d83-a0fe-05014cb3f634
۵۵د۶۹۳-۱۷,waived,2026-07-27T06:56:30.883202+00:00,2026-07-27T11:13:52.287252+00:00,257,205833,waived,entry,exit,,66ca0bf1-432f-4695-bc39-5b4c4883afd1
۶۳د۹۷۸-۱۷,waived,2026-07-27T06:53:56.595438+00:00,2026-07-27T09:20:35.540228+00:00,146,113333,waived,entry,exit,,dfd8451a-cd99-4442-885c-d20d7149c03e
۹۲ی۶۳۱-۱۷,waived,2026-07-27T06:50:41.705650+00:00,2026-07-27T09:37:46.459800+00:00,167,130833,waived,entry,exit,,4398b52a-3e02-4971-ae3f-069e7767b950
۹۱د۹۸۱-۱۷,waived,2026-07-27T06:49:43.485805+00:00,2026-07-27T06:58:55.612719+00:00,9,0,waived,entry,exit,,553ac322-6a9c-40f9-b0ee-bf49d09c39f0
۵۸م۶۵۲-۱۷,waived,2026-07-27T06:49:25.586667+00:00,2026-07-27T07:12:06.953680+00:00,22,10000,waived,entry,exit,,bc375723-a498-4eb0-8991-c2d79bd44111
۵۷د۳۸۳-۱۷,waived,2026-07-27T06:44:27.626378+00:00,2026-07-27T12:17:12.470296+00:00,332,268333,waived,entry,exit,,980a1131-c663-4794-a7f9-6e685f679f4e
۹۲م۷۷۴-۱۷,waived,2026-07-27T06:40:51.818869+00:00,2026-07-27T18:23:56.317541+00:00,703,0,waived,entry,,,bc7af853-04ff-4e1f-bdd5-9f44033e4e61
۹۳م۷۷۴-۱۷,waived,2026-07-27T06:40:49.526580+00:00,2026-07-27T18:23:56.317541+00:00,703,0,waived,entry,,,7f691980-f1dc-4b78-99c6-927f4c47d2e8
۹۶ی۷۲۵-۱۷,waived,2026-07-27T06:40:27.139653+00:00,2026-07-27T07:59:46.727394+00:00,79,57500,waived,entry,exit,,89af74f4-7d44-430c-92ee-a1907b7ce58e
۴۵ل۲۳۸-۱۷,waived,2026-07-27T06:40:15.944653+00:00,2026-07-27T06:45:55.505496+00:00,5,0,waived,entry,exit,,47b36e94-1807-46a3-a591-c221a90a10c3
۶۱ن۶۵۴-۱۷,waived,2026-07-27T06:39:51.278307+00:00,2026-07-27T07:02:28.959301+00:00,22,10000,waived,entry,exit,,b9b8c129-edba-43c5-bc0f-7ccad2255c13
۵۴ب۴۹۲-۱۷,flagged,2026-07-27T06:39:49.034484+00:00,,,0,,entry,,,c9b2979d-6556-4be9-a0b3-857198fbfbdb
۱۹د۲۵۹-۱۷,flagged,2026-07-27T06:38:30.641214+00:00,,,0,,entry,,,cecdd200-7cc4-4bc4-895f-f8bbab7dee79
۶۹د۱۸۷-۱۷,waived,2026-07-27T06:37:10.300886+00:00,2026-07-27T11:23:55.951879+00:00,286,230000,waived,entry,exit,,5863490d-7113-4dcd-bce9-c6c11dee8128
۴۲ص۷۸۸-۱۷,waived,2026-07-27T06:35:35.686544+00:00,2026-07-27T18:23:56.317541+00:00,708,0,waived,entry,,,c5c2dc48-31b5-45ed-8f66-2ab3c5a6e0b2
۷۵ن۴۵۸-۱۷,waived,2026-07-27T06:34:19.525650+00:00,2026-07-27T18:23:56.317541+00:00,709,0,waived,entry,,,c5c20754-2630-423d-845c-e7f8de437ce1
۸۹ب۷۱۵-۱۷,waived,2026-07-27T06:33:57.094766+00:00,2026-07-27T09:01:20.788215+00:00,147,114166,waived,entry,exit,,4a5c4ae4-c8e9-45fc-b324-bb7bb020a2b7
۷۴ل۴۱۴-۲۴,waived,2026-07-27T06:31:59.145915+00:00,2026-07-27T18:23:56.317541+00:00,711,0,waived,entry,,,43a0bdd2-8d21-45de-8649-c920aa269617
۷۹ل۴۱۴-۱۷,waived,2026-07-27T06:31:52.190401+00:00,2026-07-27T12:52:23.040759+00:00,380,308333,waived,entry,exit,,9312c037-012c-449a-98d4-8bd630c7aef7
۴۴و۴۷۹-۱۷,waived,2026-07-27T06:30:04.760755+00:00,2026-07-27T13:23:32.307587+00:00,413,335833,waived,entry,exit,,fb4a5495-db5f-43a6-8b24-3489bd9e7531
۲۸س۹۴۷-۲۷,waived,2026-07-27T06:28:55.237243+00:00,2026-07-27T06:34:48.557957+00:00,5,0,waived,entry,exit,,f3cf05a9-3283-4182-abef-e53ad0cee1db
۱۵۱۴۴-۴۴,waived,2026-07-27T06:28:28.364336+00:00,2026-07-27T18:23:56.317541+00:00,715,0,waived,entry,,,0dd42c63-85ba-4e79-9bba-f46d4c488cd1
۶۱ه۴۷۴-۱۷,waived,2026-07-27T06:25:49.321882+00:00,2026-07-27T10:33:19.036743+00:00,247,197500,waived,entry,exit,,3d9240aa-0b03-4fd5-9056-faf5f75e0604
۷۵ه۲۹۵-۱۷,waived,2026-07-27T06:24:19.721815+00:00,2026-07-27T18:23:56.317541+00:00,719,0,waived,entry,,,be0eae8f-822b-4a5c-94ab-5f6ea4786db9
۴۱ق۱۸۶-۳۷,waived,2026-07-27T06:19:59.894445+00:00,2026-07-27T06:24:16.904666+00:00,4,0,waived,entry,exit,,05542622-2a23-4958-a459-b4757d665817
۳۷ق۶۵۸-۱۷,flagged,2026-07-27T06:19:48.666494+00:00,,,0,,entry,,,68a1e1f8-5be1-44c7-b685-ddee9cb40f4f
۳۷۶۵۸-۱۷,waived,2026-07-27T06:19:46.417349+00:00,2026-07-27T18:23:56.317541+00:00,724,0,waived,entry,,,6b7f65ec-f8c2-4dc2-8a4a-52abd5852b74
۵۸ی۱۹۵-۱۷,flagged,2026-07-27T06:18:52.645073+00:00,,,0,,entry,,,c3704775-cad1-471a-b774-e453f62f1f04
۲۸ن۵۷۲-۱۷,flagged,2026-07-27T06:15:24.349831+00:00,,,0,,entry,,,f1ae6f6a-fca7-4b36-984d-87476617ef91
۲۵ی۹۲۶-۱۷,waived,2026-07-27T06:14:46.281870+00:00,2026-07-27T08:33:39.318533+00:00,138,106666,waived,entry,exit,,6628e3e0-2976-40ba-9e2c-bba02e31f711
۹۸ب۴۵۹-۲۷,waived,2026-07-27T06:13:34.584014+00:00,2026-07-27T09:02:15.135740+00:00,168,131666,waived,entry,exit,,8ba815ae-8ce0-4897-8c7c-7baa3b703751
۴۱ل۲۹۵-۱۷,waived,2026-07-27T06:12:40.787433+00:00,2026-07-27T18:23:56.317541+00:00,731,0,waived,entry,,,5c541287-4a5a-42de-8b83-130311ec2c58
۱۹د۵۴۴-۱۷,waived,2026-07-27T06:11:51.529771+00:00,2026-07-27T06:29:48.426497+00:00,17,5833,waived,entry,exit,,4d69daa5-97bd-4c72-ba2b-aee6f624a5af
۵۴ق۷۹۳-۱۷,waived,2026-07-27T06:11:08.991122+00:00,2026-07-27T10:51:13.741799+00:00,280,225000,waived,entry,exit,,fe0a87a9-a948-4c2b-a828-5ab30149b9e5
۵۳ص۳۴۷-۱۷,waived,2026-07-27T06:09:37.261544+00:00,2026-07-27T06:53:45.920850+00:00,44,28333,waived,entry,exit,,3f22f8ee-490b-4c49-9564-03698a9bd2ab
۴۳م۹۴۴-۱۷,flagged,2026-07-27T06:08:56.899827+00:00,,,0,,entry,,,f4aa7003-a6a0-44b4-a12a-6dfafcbf8762
۳۳ل۴۲۹-۳۵,waived,2026-07-27T06:08:16.495593+00:00,2026-07-27T09:32:06.042474+00:00,203,160833,waived,entry,exit,,6a71d863-852a-4d19-b9b4-56a8fd985696
۶۷ه۷۴۱-۱۷,waived,2026-07-27T06:03:24.834726+00:00,2026-07-27T07:35:25.253152+00:00,92,68333,waived,entry,exit,,ae534279-ffba-4c1a-a445-c7872a2bb2ee
۲۴ی۷۷۹-۱۷,waived,2026-07-27T06:02:08.701120+00:00,2026-07-27T06:04:18.509292+00:00,2,0,waived,entry,exit,,60753400-7706-4e9b-932a-7d7eebf8d4fe
۹۹ب۳۲۴-۷۷,waived,2026-07-27T06:01:23.843910+00:00,2026-07-27T18:23:56.317541+00:00,742,0,waived,entry,,,f204a399-5173-415e-b450-157cb880f618
۲۲و۳۴۹-۱۷,waived,2026-07-27T06:00:00.891957+00:00,2026-07-27T12:50:01.900347+00:00,410,333333,waived,entry,exit,,0886674d-8c33-4de9-be57-ce0ab08ca23a
۵۵م۳۹۹-۱۵,waived,2026-07-27T05:59:34.290861+00:00,2026-07-27T14:02:42.067464+00:00,483,394166,waived,entry,exit,,62084d15-03d7-4347-ad19-57477ca41d21
۷۳ن۱۳۹-۱۷,waived,2026-07-27T05:59:25.623477+00:00,2026-07-27T18:23:56.317541+00:00,744,0,waived,entry,,,30cdd40b-abbb-4559-ae07-ae7233be92b8
۵۴ن۳۶۹-۱۷,waived,2026-07-27T05:59:12.179338+00:00,2026-07-27T06:10:06.307162+00:00,10,0,waived,entry,exit,,0f0513bf-be2b-48eb-a55c-84d8fc40bae8
۴۵ن۲۶۹-۲۵,waived,2026-07-27T05:58:25.149271+00:00,2026-07-27T18:23:56.317541+00:00,745,0,waived,entry,,,8b5fc1f1-271c-41b2-9fd9-56b27bae453a
۱۲ی۴۱۱-۲۰,waived,2026-07-27T05:55:37.257834+00:00,2026-07-27T18:23:56.317541+00:00,748,0,waived,entry,,,9d1163e3-8b89-4ca9-b5c1-e4cb9e219969
۷۵ن۴۵۸-۱۷,flagged,2026-07-27T05:53:58.565871+00:00,,,0,,entry,,,6961e9b0-8426-4663-ada3-248981b2ad06
۴۹ب۵۶۴-۱۷,waived,2026-07-27T05:53:54.084531+00:00,2026-07-27T12:44:34.879580+00:00,410,333333,waived,entry,exit,,c0d9e441-0616-4a2d-bbd5-04f67e72cae8
۸۹ط۱۹۹-۱۷,waived,2026-07-27T05:53:18.259533+00:00,2026-07-27T10:53:52.700184+00:00,300,241666,waived,entry,exit,,7febb32b-615b-44b0-97a5-d8f0aac5269a
۱۸ی۳۱۷-۱۷,waived,2026-07-27T05:53:07.129049+00:00,2026-07-27T05:58:51.437968+00:00,5,0,waived,entry,exit,,6dca5fc1-d8fe-408f-8a36-88a76af73417
۳۹ط۸۲۸-۱۸,waived,2026-07-27T05:50:05.850620+00:00,2026-07-27T18:23:56.317541+00:00,753,0,waived,entry,,,bbd05bb9-717d-438f-95cf-cb2aba815918
۷۲ب۷۸۴-۱۷,waived,2026-07-27T05:49:29.767265+00:00,2026-07-27T05:55:27.633288+00:00,5,0,waived,entry,exit,,a7a04764-26bf-43a0-a86b-a7a2af0e9bb6
۳۵ق۳۸۲-۱۷,waived,2026-07-27T05:46:55.319619+00:00,2026-07-27T14:33:33.427290+00:00,526,400000,waived,entry,exit,,221482ac-b1bb-4fb8-9c55-d9a473dbd991
۱۲ی۴۱۱-۲۰,flagged,2026-07-27T05:43:49.369527+00:00,,,0,,entry,,,2adb8346-d75f-436d-b8f9-e8307c147a6d
۸۹ی۶۸۷-۱۵,waived,2026-07-27T05:43:27.164753+00:00,2026-07-27T10:39:06.851490+00:00,295,237500,waived,entry,exit,,f9f7317f-a743-4086-a886-ab8278ff704d
۵۷ی۸۳۳-۱۷,waived,2026-07-27T05:42:46.835965+00:00,2026-07-27T18:23:56.317541+00:00,761,0,waived,entry,,,030701cb-98fa-4021-b2e9-6170f381360e
۵۱م۳۶۵-۱۷,waived,2026-07-27T05:42:26.672745+00:00,2026-07-27T18:23:56.317541+00:00,761,0,waived,entry,,,e5726c2f-5cea-4ba1-a01a-afa81c26c6fc
۹۷و۲۵۱-۱۲,waived,2026-07-27T05:39:06.784238+00:00,2026-07-27T18:23:56.317541+00:00,764,0,waived,entry,,,0e663cc2-1dc7-442b-836a-e8f58f5373d5
۲۳ق۲۳۳-۳۷,waived,2026-07-27T05:38:17.482534+00:00,2026-07-27T12:20:30.074980+00:00,402,326666,waived,entry,exit,,b662ba45-375b-441d-ac48-b758af7c0feb
۴۹ل۶۷۵-۱۷,waived,2026-07-27T05:36:40.357808+00:00,2026-07-27T06:10:27.554200+00:00,33,19166,waived,entry,exit,,b15c283f-e807-4e2e-b377-aa887632c1ad
۵۷ن۵۸۸-۱۷,waived,2026-07-27T05:36:33.584653+00:00,2026-07-27T12:01:43.932227+00:00,385,312500,waived,entry,exit,,4af9f3e1-1f2a-4984-9700-18720d6bf019
۵۸د۴۹۵-۱۷,waived,2026-07-27T05:36:09.007541+00:00,2026-07-27T10:44:14.830021+00:00,308,248333,waived,entry,exit,,813c276b-0df2-49c3-a80f-d8bec2b75de6
۱۱ط۹۶۹-۱۷,waived,2026-07-27T05:34:13.088610+00:00,2026-07-27T14:14:37.771527+00:00,520,400000,waived,entry,exit,,74d294fe-e6a4-4b5c-9c93-9fb909b52b19
۲۷ل۲۱۹-۱۷,waived,2026-07-27T05:33:01.340528+00:00,2026-07-27T05:40:33.883543+00:00,7,0,waived,entry,exit,,e493bde2-6c3b-4ecf-805e-54f5fb3b1382
۵۳م۶۲۱-۱۷,waived,2026-07-27T05:32:56.839319+00:00,2026-07-27T10:38:55.593572+00:00,305,245833,waived,entry,exit,,079ebd43-aefb-49e9-9b0b-b97c774d978a
۵۱ق۳۴۴-۱۷,waived,2026-07-27T05:32:43.442035+00:00,2026-07-27T18:23:56.317541+00:00,771,0,waived,entry,,,91c13e00-fa5a-41ee-ac80-6e877ea69c38
۳۶ل۴۵۹-۱۷,flagged,2026-07-27T05:32:09.837742+00:00,,,0,,entry,,,a94dbb7c-cf5a-4c48-a091-9c9e9bcbc227
۵۵۳۴۴-۱۷,waived,2026-07-27T05:31:58.606562+00:00,2026-07-27T18:23:56.317541+00:00,771,0,waived,entry,,,cfae5e78-2c0a-4853-b8bb-21c882b854fa
۵۱۳۴۴-۱۷,waived,2026-07-27T05:31:56.368377+00:00,2026-07-27T18:23:56.317541+00:00,771,0,waived,entry,,,5a3a616b-b6d0-4128-90f6-dbc18dbf57d1
۷۹ل۴۱۴-۱۷,flagged,2026-07-27T05:31:31.721110+00:00,,,0,,entry,,,c9027501-ae37-4d45-b54c-fc21ac3d08fd
۳۳س۶۸۹-۱۷,waived,2026-07-27T05:31:02.717605+00:00,2026-07-27T08:11:32.876575+00:00,160,125000,waived,entry,exit,,112286bf-4f2c-4200-8452-fcca3ab653e4
۵۵م۹۸۲-۱۷,waived,2026-07-27T05:30:53.835585+00:00,2026-07-27T18:23:56.317541+00:00,773,0,waived,entry,,,c59dba06-bb70-47e1-995e-daefb53de3d0
۵۳ص۹۵۱-۱۷,waived,2026-07-27T05:30:35.208446+00:00,2026-07-27T07:16:46.869721+00:00,106,80000,waived,entry,exit,,5ebfab8b-0e85-4974-a225-567ec5f21315
۳۱ل۹۵۱-۱۷,waived,2026-07-27T05:29:48.312329+00:00,2026-07-27T10:47:55.442987+00:00,318,256666,waived,entry,exit,,0cb87ee2-b62d-479c-98af-8f0ff59db384
۷۸ط۴۳۸-۱۷,waived,2026-07-27T05:29:32.484204+00:00,2026-07-27T06:32:11.890350+00:00,62,43333,waived,entry,exit,,b992b5df-4661-4518-a576-589816bea740
۶۸ب۹۴۷-۱۷,waived,2026-07-27T05:29:19.029899+00:00,2026-07-27T08:39:58.397762+00:00,190,150000,waived,entry,exit,,ec48bbf8-4d82-44a0-a25c-80f3f723d557
۵۹ب۵۳۹-۱۷,waived,2026-07-27T05:29:03.351167+00:00,2026-07-27T18:23:56.317541+00:00,774,0,waived,entry,,,35ec1e92-2a3b-47d1-b691-5f75e46ab07d
۶۶م۷۸۵-۱۷,waived,2026-07-27T05:27:44.934741+00:00,2026-07-27T18:23:56.317541+00:00,776,0,waived,entry,,,813cead9-162f-49cb-b17f-c9946cdc9453
۱۹۹۶۲-۴۴,waived,2026-07-27T05:27:40.489159+00:00,2026-07-27T18:23:56.317541+00:00,776,0,waived,entry,,,37405e54-1c92-49ff-b06a-376f0d2d26d6
۴۷د۸۱۹-۱۷,waived,2026-07-27T05:27:29.245271+00:00,2026-07-27T11:01:13.488671+00:00,333,269166,waived,entry,exit,,ba996d48-4722-41fa-a185-0e7747fcc19d
۴۷۸۱۹-۱۷,waived,2026-07-27T05:27:27.055930+00:00,2026-07-27T18:23:56.317541+00:00,776,0,waived,entry,,,12b0abaf-8878-48ec-be0a-360ed89d38f9
۴۶ن۴۴۸-۱۷,waived,2026-07-27T05:27:18.220356+00:00,2026-07-27T18:23:56.317541+00:00,776,0,waived,entry,,,83c06475-0f53-47f9-a98b-2c8a1ad0260c
۴۶ق۴۴۸-۱۷,waived,2026-07-27T05:27:11.342044+00:00,2026-07-27T10:39:25.280351+00:00,312,251666,waived,entry,exit,,320d2ef6-290c-48b1-8432-0534a668e786
۴۷ی۶۳۵-۱۷,waived,2026-07-27T05:26:33.490452+00:00,2026-07-27T11:47:02.456902+00:00,380,308333,waived,entry,exit,,20a44a25-0ce8-4cd5-a839-82d1b3512403
۴۷ب۵۷۴-۲۷,flagged,2026-07-27T05:26:15.611087+00:00,,,0,,entry,,,1f188f0b-7d93-4fce-a047-8ec812d5e637
۳۵و۵۴۶-۱۷,waived,2026-07-27T05:25:50.926193+00:00,2026-07-27T18:23:56.317541+00:00,778,0,waived,entry,,,ec846fb7-36a1-48b0-9729-a7dee793cf9c
۸۶ق۱۷۶-۱۷,waived,2026-07-27T05:25:19.571271+00:00,2026-07-27T10:05:35.278155+00:00,280,225000,waived,entry,exit,,f05a0640-4801-4e51-be59-68a36eb9bdeb
۵۴ب۴۹۲-۱۷,flagged,2026-07-27T05:24:26.092559+00:00,,,0,,entry,,,2f70cb0f-4535-4400-8981-c35ce910ca93
۴۹ن۹۵۵-۱۷,waived,2026-07-27T05:21:22.422351+00:00,2026-07-27T05:52:54.174139+00:00,31,17500,waived,entry,exit,,eddfcf49-4251-4aad-880e-2503f030b255
۷۱ل۱۵۵-۷۷,waived,2026-07-27T05:19:30.428883+00:00,2026-07-27T18:23:56.317541+00:00,784,0,waived,entry,,,b68803ab-1f23-48b5-862e-6d95eba76b2f
۳۷ی۶۵۶-۱۷,flagged,2026-07-27T05:17:04.877913+00:00,,,0,,entry,,,bae5a587-64ad-474b-8ee4-868c30a986c7
۴۵ب۷۲۱-۱۷,waived,2026-07-27T05:16:01.580401+00:00,2026-07-27T07:00:14.564752+00:00,104,78333,waived,entry,exit,,02825831-47d4-4cf7-8ab8-0cb945d10b16
۵۹و۴۷۴-۱۷,waived,2026-07-27T05:15:52.593212+00:00,2026-07-27T10:34:49.199810+00:00,318,256666,waived,entry,exit,,6f8f275e-8be5-4e61-ba3b-4d7ab4ed9a5b
۴۹ل۶۷۵-۱۷,waived,2026-07-27T05:15:34.704472+00:00,2026-07-27T05:20:57.878082+00:00,5,0,waived,entry,exit,,f57b2f40-7de0-481b-a253-a42077f347c2
۳۱ی۴۶۵-۱۷,waived,2026-07-27T05:15:25.703615+00:00,2026-07-27T06:54:32.965515+00:00,99,74166,waived,entry,exit,,f4f29205-ce91-4485-8be1-25872587bd14
۷۶ب۲۴۶-۴۷,waived,2026-07-27T05:14:54.379231+00:00,2026-07-27T18:23:56.317541+00:00,789,0,waived,entry,,,3d3fc80b-d643-4dd1-8114-88dbd594cc85
۳۶د۹۶۹-۱۷,waived,2026-07-27T05:14:27.479554+00:00,2026-07-27T18:23:56.317541+00:00,789,0,waived,entry,,,70860d9e-4049-4b26-ad67-a350e30cc96f
۶۸س۳۲۲-۱۷,waived,2026-07-27T05:14:18.519356+00:00,2026-07-27T18:23:56.317541+00:00,789,0,waived,entry,,,41942c29-5023-48f0-80f0-f57d16789130
۴۴ط۶۷۹-۱۷,waived,2026-07-27T05:13:40.439176+00:00,2026-07-27T07:09:26.201072+00:00,115,87500,waived,entry,exit,,51ddcc0f-287e-42dc-8338-bf304b47104d
۵۷ی۸۳۳-۱۷,flagged,2026-07-27T05:12:53.428983+00:00,,,0,,entry,,,8d262dc7-f22e-42fe-b51f-b35cc539a1c0
۵۱و۷۸۶-۱۷,waived,2026-07-27T05:12:37.789098+00:00,2026-07-27T06:40:41.893672+00:00,88,65000,waived,entry,exit,,18e8880a-0e6c-45ea-8c24-cf42c8a53f9b
۷۲د۸۳۶-۱۷,waived,2026-07-27T05:12:24.270367+00:00,2026-07-27T06:56:16.591712+00:00,103,77500,waived,entry,exit,,5107e9d0-ce71-4ee6-9ab9-c4a266ce7bc4
۶۴ه۵۵۷-۱۷,waived,2026-07-27T05:11:48.505346+00:00,2026-07-27T05:30:51.995885+00:00,19,7500,waived,entry,exit,,bb680a4d-97a5-4cce-abf9-2209bba06612
۸۹ب۹۴۴-۱۷,waived,2026-07-27T05:10:54.672636+00:00,2026-07-27T10:50:09.887616+00:00,339,274166,waived,entry,exit,,aefa2248-f99b-4558-a3a8-312d47269a06
۹۸و۷۶۷-۱۷,waived,2026-07-27T05:10:25.548930+00:00,2026-07-27T07:05:28.160161+00:00,115,87500,waived,entry,exit,,ae4f013c-9fdc-4659-af18-80d51187b392
۸۶ص۵۹۳-۳۷,waived,2026-07-27T05:09:49.726820+00:00,2026-07-27T10:39:59.482435+00:00,330,266666,waived,entry,exit,,1e37af26-325f-4bdc-a77c-0aedd2691186
۸۷ه۴۴۶-۱۷,flagged,2026-07-27T05:09:29.563489+00:00,,,0,,entry,,,6828c65c-9fa1-4948-a14e-cfe957422ed6
۱۹و۹۸۳-۱۷,flagged,2026-07-27T05:08:53.772310+00:00,,,0,,entry,,,791a2967-d2c9-46ac-a68c-376db2e895fb
۴۵ط۸۴۴-۱۷,flagged,2026-07-27T05:08:49.242807+00:00,,,0,,entry,,,093dc76f-96bb-4e16-bb9c-aaf2699bd0ae
۹۴د۷۶۹-۱۷,waived,2026-07-27T05:06:12.440080+00:00,2026-07-27T05:26:49.029511+00:00,20,8333,waived,entry,exit,,10c8769b-2aa7-42df-8802-2c289c0aa350
۴۶و۴۷۷-۱۷,waived,2026-07-27T05:03:26.682475+00:00,2026-07-27T11:06:18.679516+00:00,362,293333,waived,entry,exit,,2c5d6670-696a-4e76-a726-71ac35232fbb
۶۳س۵۳۵-۱۷,waived,2026-07-27T05:02:48.273369+00:00,2026-07-27T18:23:56.317541+00:00,801,0,waived,entry,,,c2f529a7-94c2-42a5-a7f7-03333246f317
۳۳ص۷۲۷-۴۷,waived,2026-07-27T04:59:31.169838+00:00,2026-07-27T18:23:56.317541+00:00,804,0,waived,entry,,,dabe77cd-cbf3-448a-9d46-152e1d745c25
۷۱ل۱۵۵-۷۷,flagged,2026-07-27T04:58:19.492918+00:00,,,0,,entry,,,50657306-3d07-4971-ba0b-f40091e02aae
۴۹س۵۲۲-۱۷,waived,2026-07-27T04:57:25.728873+00:00,2026-07-27T14:28:28.777811+00:00,571,400000,waived,entry,exit,,e96d6c56-2f65-42cd-b046-df2728fb12cc
۱۷ج۸۹۶-۱۵,waived,2026-07-27T04:57:19.004843+00:00,2026-07-27T12:32:35.819282+00:00,455,370833,waived,entry,exit,,7c9872dd-6bfa-4a20-907a-d8b460493992
۸۹ه۹۱۶-۱۷,waived,2026-07-27T04:57:10.044209+00:00,2026-07-27T05:03:18.311868+00:00,6,0,waived,entry,exit,,1b9aef76-4b0e-4f9c-ae73-2bb4bd412ae3
۷۸ی۸۵۸-۱۷,waived,2026-07-27T04:55:47.167682+00:00,2026-07-27T10:51:28.783426+00:00,355,287500,waived,entry,exit,,99a25079-c2cd-4c1b-aa3c-cf22dab6590e
۲۵ی۳۹۴-۱۷,flagged,2026-07-27T04:55:42.893313+00:00,,,0,,entry,,,815bdb78-99e9-40ba-9066-dfba70358093
۷۴ه۴۲۴-۱۷,waived,2026-07-27T04:55:31.504469+00:00,2026-07-27T18:23:56.317541+00:00,808,0,waived,entry,,,1bd1c6ea-38f5-4e62-8afb-d0cceb935009
۹۱ن۸۲۲-۱۷,waived,2026-07-27T04:54:33.258326+00:00,2026-07-27T18:23:56.317541+00:00,809,0,waived,entry,,,fa447792-ea3e-45ac-aec2-d4973e59c067
۷۲ج۵۷۳-۱۷,waived,2026-07-27T04:54:15.347082+00:00,2026-07-27T11:16:34.071128+00:00,382,310000,waived,entry,exit,,4b1b26d5-8141-4824-a5a8-0915b30cc5e9
۵۱ن۹۹۷-۱۷,waived,2026-07-27T04:53:10.761563+00:00,2026-07-27T05:30:47.525574+00:00,37,22500,waived,entry,exit,,9303dbce-95d8-4efe-b8db-87ba8d0f958c
۱۲و۵۷۸-۱۷,waived,2026-07-27T04:52:57.545024+00:00,2026-07-27T18:23:56.317541+00:00,810,0,waived,entry,,,17e4e15c-492b-4d1d-8b3f-c2db67b732f2
۲۹ط۸۲۸-۱۸,waived,2026-07-27T04:52:48.908771+00:00,2026-07-27T05:49:59.436907+00:00,57,39166,waived,entry,exit,,222e959b-d6ea-43b0-afb7-9aed362d4197
۳۶ب۹۸۳-۱۷,waived,2026-07-27T04:51:11.082079+00:00,2026-07-27T18:23:56.317541+00:00,812,0,waived,entry,,,99f13fc1-4dbe-4a90-89ed-b9700547749c
۳۴ق۷۳۴-۱۷,waived,2026-07-27T04:50:33.617997+00:00,2026-07-27T11:35:54.399817+00:00,405,329166,waived,entry,exit,,960e46bb-5c99-47ac-86ee-fd5d71bb2d7d
۲۹ی۹۴۸-۱۷,flagged,2026-07-27T04:50:17.892186+00:00,,,0,,entry,,,c578a87b-cd43-4161-8889-97391e73fee6
۷۶ط۹۷۸-۱۷,waived,2026-07-27T04:49:53.835037+00:00,2026-07-27T04:53:44.336613+00:00,3,0,waived,entry,exit,,57f57754-b05b-4bb3-8781-229b2ab12197
۹۸ی۲۱۴-۱۷,waived,2026-07-27T04:49:40.963912+00:00,2026-07-27T18:23:56.317541+00:00,814,0,waived,entry,,,1a589622-3cac-4442-8f8c-aea3484e7bf7
۴۹ل۱۵۳-۱۷,waived,2026-07-27T04:48:41.033924+00:00,2026-07-27T14:40:56.357529+00:00,592,400000,waived,entry,exit,,0261bddc-b706-4faa-9e40-0755a8cb9687
۸۱ج۸۸۱-۱۵,waived,2026-07-27T04:47:32.138933+00:00,2026-07-27T08:58:23.857671+00:00,250,200000,waived,entry,exit,,f61d20cd-8fcd-463b-9827-579b9e9f296f
۹۴ل۳۵۳-۱۷,waived,2026-07-27T04:47:23.532712+00:00,2026-07-27T10:42:31.744278+00:00,355,287500,waived,entry,exit,,9b3370e2-99d2-4e88-9f74-731fb8fc2c0b
۴۶ل۶۶۵-۱۷,waived,2026-07-27T04:47:12.633887+00:00,2026-07-27T10:47:59.913824+00:00,360,291666,waived,entry,exit,,08b97260-f38c-446e-9868-e96e3568b7ba
۹۶ه۶۸۹-۱۷,waived,2026-07-27T04:46:34.777553+00:00,2026-07-27T10:36:56.888148+00:00,350,283333,waived,entry,exit,,5ec6db81-edfa-45c3-90e6-3cd94830cfaf
۴۷ی۵۲۶-۱۷,waived,2026-07-27T04:46:26.080425+00:00,2026-07-27T10:44:05.846693+00:00,357,289166,waived,entry,exit,,de3f60c6-fb8c-4766-93d4-889770e53ab7
۱۸ه۵۷۱-۱۷,waived,2026-07-27T04:45:37.374012+00:00,2026-07-27T05:29:42.632850+00:00,44,28333,waived,entry,exit,,67606e8e-6d1a-4b02-9928-d2f1037a7927
۶۲و۶۴۲-۱۷,waived,2026-07-27T04:44:46.409240+00:00,2026-07-27T18:23:56.317541+00:00,819,0,waived,entry,,,9771d8b2-6cc4-4d13-a592-c3a0328423fd
۲۱ل۸۲۱-۱۷,flagged,2026-07-27T04:44:22.305662+00:00,,,0,,entry,,,55addb96-d975-478d-997a-f6dc26f72c47
۱۹ط۷۸۱-۱۷,waived,2026-07-27T04:44:02.703523+00:00,2026-07-27T11:34:48.847671+00:00,410,333333,waived,entry,exit,,b01ce2b3-09b6-464a-9d24-3b593642816b
۳۷ص۶۲۴-۱۷,flagged,2026-07-27T04:43:45.373685+00:00,,,0,,entry,,,867f7da6-85dc-490a-9cbd-81c2ad1d47c6
۶۱ه۴۴۶-۱۷,waived,2026-07-27T04:42:25.245825+00:00,2026-07-27T07:35:43.205701+00:00,173,135833,waived,entry,exit,,94f882a9-72dc-4993-8f69-703d63b89c64
۳۹ن۳۵۶-۱۷,waived,2026-07-27T04:41:29.866346+00:00,2026-07-27T10:25:25.838380+00:00,343,277500,waived,entry,exit,,4c85c8b8-21ed-41fd-a0d4-33cf22839178
۶۵ه۱۷۶-۱۷,waived,2026-07-27T04:41:25.372284+00:00,2026-07-27T18:23:56.317541+00:00,822,0,waived,entry,,,99616718-df12-442e-9415-0f8930ceb583
۹۴ج۸۸۳-۱۷,waived,2026-07-27T04:39:24.686943+00:00,2026-07-27T10:41:20.060949+00:00,361,292500,waived,entry,exit,,5c8bc723-42c1-467e-8e1a-0b7d47a4550b
۴۱ص۸۴۷-۱۷,waived,2026-07-27T04:38:27.012583+00:00,2026-07-27T18:23:56.317541+00:00,825,0,waived,entry,,,887b7387-24e3-4698-b333-5b257ef8665b
۱۳ی۴۶۸-۱۷,waived,2026-07-27T04:37:31.604566+00:00,2026-07-27T18:23:56.317541+00:00,826,0,waived,entry,,,c4d9cedf-c095-4067-b707-e8a8eaa8d5bd
۳۳ل۹۸۱-۱۷,waived,2026-07-27T04:37:07.237053+00:00,2026-07-27T14:06:24.391263+00:00,569,400000,waived,entry,exit,,8ec301fb-abf8-47ee-9142-dd8fea458d00
۸۴ب۶۲۹-۱۷,waived,2026-07-27T04:36:58.524409+00:00,2026-07-27T09:25:13.851368+00:00,288,231666,waived,entry,exit,,45d9d791-eaeb-4b78-9149-0b9beba6b6ee
۷۳ط۱۸۴-۱۷,waived,2026-07-27T04:36:23.544192+00:00,2026-07-27T18:23:56.317541+00:00,827,0,waived,entry,,,0d0fdf5e-3121-4f73-8fc3-d38fd481d56a
۷۳د۳۴۳-۱۷,waived,2026-07-27T04:36:12.789539+00:00,2026-07-27T11:04:01.991685+00:00,387,314166,waived,entry,exit,,d25565d0-1955-461c-8885-e9f776b3193b
۳۷و۲۲۵-۱۷,flagged,2026-07-27T04:35:39.384065+00:00,,,0,,entry,,,0428af9e-5c54-4ab3-afd5-f6b1ea04f7ee
۷۹س۵۲۴-۱۷,waived,2026-07-27T04:35:32.850350+00:00,2026-07-27T09:35:36.046521+00:00,300,241666,waived,entry,exit,,30a71f85-f807-45e0-a85a-466ae21e61d3
۵۸د۲۹۷-۲۷,waived,2026-07-27T04:35:08.248954+00:00,2026-07-27T05:57:42.049506+00:00,82,60000,waived,entry,exit,,5ca47764-4daf-4afc-b8f8-457d447a3c22
۴۱س۹۱۲-۱۷,waived,2026-07-27T04:34:37.549737+00:00,2026-07-27T11:19:14.854974+00:00,404,328333,waived,entry,exit,,65ea00c2-f6d0-47b5-b7cd-a5571985a818
۵۲س۴۳۳-۱۷,waived,2026-07-27T04:34:17.261536+00:00,2026-07-27T10:43:38.936387+00:00,369,299166,waived,entry,exit,,e1ee11f5-cbee-465c-a148-76ef3f973e8a
۶۳د۶۹۹-۱۷,waived,2026-07-27T04:33:41.938145+00:00,2026-07-27T18:23:56.317541+00:00,830,0,waived,entry,,,011a86c4-b137-481a-84ab-18263da6ef19
۶۲ه۸۶۱-۱۷,waived,2026-07-27T04:33:30.776210+00:00,2026-07-27T12:37:23.671969+00:00,483,394166,waived,entry,exit,,5cee9e20-9c05-432e-83af-4770179fc01c
۱۴د۳۷۱-۱۷,waived,2026-07-27T04:33:24.057936+00:00,2026-07-27T09:17:38.562582+00:00,284,228333,waived,entry,exit,,b2d3288f-5676-409d-9a80-71ae5667affd
۷۳و۴۹۴-۱۷,waived,2026-07-27T04:33:15.127632+00:00,2026-07-27T13:06:46.549859+00:00,513,400000,waived,entry,exit,,0afa0a16-612d-4f44-b7e0-2f6a31992d3b
۱۹ه۳۲۴-۹۷,waived,2026-07-27T04:32:55.209038+00:00,2026-07-27T18:23:56.317541+00:00,831,0,waived,entry,,,752b2587-2423-40ca-ad36-92fe0ed70256
۱۳ی۴۶۸-۱۷,flagged,2026-07-27T04:32:41.971861+00:00,,,0,,entry,,,622a230f-1e3a-4ebe-b00b-4e90f651bdda
۳۲ه۸۶۴-۱۷,waived,2026-07-27T04:32:35.071688+00:00,2026-07-27T14:17:36.921659+00:00,585,400000,waived,entry,exit,,72bb7b4d-7131-4a6b-9b8a-2443a329e612
۳۹ق۵۹۶-۱۷,waived,2026-07-27T04:32:32.805443+00:00,2026-07-27T10:36:47.941978+00:00,364,295000,waived,entry,exit,,8f02ece6-81ea-4fb6-acc4-1f343856cf6b
۲۸ط۹۷۱-۱۷,waived,2026-07-27T04:32:28.323037+00:00,2026-07-27T18:23:56.317541+00:00,831,0,waived,entry,,,4432f457-c375-4b98-8a01-dd4e0e862ec3
۲۶م۴۸۱-۱۷,waived,2026-07-27T04:32:13.048724+00:00,2026-07-27T11:14:03.431513+00:00,401,325833,waived,entry,exit,,e65dee85-155b-4e34-9651-f1b4f826ef76
۱۷ل۳۵۴-۳۷,waived,2026-07-27T04:32:08.737565+00:00,2026-07-27T05:37:25.130866+00:00,65,45833,waived,entry,exit,,8ac92f7d-ffbd-4de2-9fa3-88ed52e4861d
۴۲ج۷۹۸-۲۵,flagged,2026-07-27T04:32:06.487807+00:00,,,0,,entry,,,05c54097-de17-4695-be7a-bc0cd947b6aa
۴۶د۷۱۹-۱۷,flagged,2026-07-27T04:31:41.829635+00:00,,,0,,entry,,,a2699c7e-8359-4302-b32c-0239e82c78e4
۱۳ج۱۸۲-۱۷,waived,2026-07-27T04:30:59.604523+00:00,2026-07-27T18:23:56.317541+00:00,832,0,waived,entry,,,cb81e671-91bf-4571-a3d9-730d41e0f44d
۹۳د۴۸۷-۱۷,waived,2026-07-27T04:30:48.605662+00:00,2026-07-27T18:23:56.317541+00:00,833,0,waived,entry,,,fa749d38-25a1-40ea-8b73-4a2e4235c056
۴۳ج۷۹۸-۲۵,waived,2026-07-27T04:30:44.153931+00:00,2026-07-27T18:23:56.317541+00:00,833,0,waived,entry,,,b72f617d-b2d0-4f38-84ef-e592468651ed
۷۱ل۶۷۶-۱۷,waived,2026-07-27T04:30:37.502498+00:00,2026-07-27T14:40:29.511899+00:00,609,400000,waived,entry,exit,,e68a2a9f-a376-4468-9ed3-0f3f1144e1d0
۱۵ی۷۲۹-۱۷,waived,2026-07-27T04:30:17.303273+00:00,2026-07-27T10:33:57.149925+00:00,363,294166,waived,entry,exit,,11700413-04d7-4af8-9a6b-aa6ff87be228
۴۶س۵۵۴-۱۷,flagged,2026-07-27T04:29:43.686316+00:00,,,0,,entry,,,2d975b89-572f-4d53-9110-f14c611603e1
۳۳ب۶۶۵-۱۷,waived,2026-07-27T04:29:24.055907+00:00,2026-07-27T09:51:19.619602+00:00,321,259166,waived,entry,exit,,b7707474-07ef-499c-a9c0-1c8d210c9bf5
۸۵ق۷۹۱-۱۷,waived,2026-07-27T04:29:17.384071+00:00,2026-07-27T14:39:49.216828+00:00,610,400000,waived,entry,exit,,e553cefe-5ede-4b97-9aee-aae013cc0dc1
۱۳ه۱۷۶-۱۷,waived,2026-07-27T04:28:28.542212+00:00,2026-07-27T10:43:52.387265+00:00,375,304166,waived,entry,exit,,c935e8f9-f1d1-4321-bb83-407162807e4d
۵۶ب۵۱۸-۱۷,waived,2026-07-27T04:28:15.214354+00:00,2026-07-27T13:20:54.384489+00:00,532,400000,waived,entry,exit,,a74b2dff-6a82-447d-8634-433d27b89218
۸۸و۲۷۲-۱۷,waived,2026-07-27T04:28:10.724216+00:00,2026-07-27T12:47:20.633349+00:00,499,400000,waived,entry,exit,,3da42c16-36fa-403d-b693-e50702decf83
۵۴ب۷۳۶-۱۷,waived,2026-07-27T04:27:57.578252+00:00,2026-07-27T18:23:56.317541+00:00,835,0,waived,entry,,,d79dec7d-cae2-4ae3-ab1f-87984afd23fe
۶۲م۴۷۳-۱۷,flagged,2026-07-27T04:27:55.339384+00:00,,,0,,entry,,,06817690-d6b3-4884-9c86-abdbee58cf2c
۹۷ط۳۴۱-۹۷,waived,2026-07-27T04:27:53.085398+00:00,2026-07-27T18:23:56.317541+00:00,836,0,waived,entry,,,228e1146-7b2f-4abb-9ad8-9035306049da
۱۹س۱۷۷-۱۷,waived,2026-07-27T04:27:19.484578+00:00,2026-07-27T11:31:20.541861+00:00,424,345000,waived,entry,exit,,dbd6fce8-1e5f-414e-9000-127f8cf0ca53
۲۵ل۸۷۹-۱۷,waived,2026-07-27T04:27:06.089073+00:00,2026-07-27T11:37:22.303102+00:00,430,350000,waived,entry,exit,,a1e10ba0-e362-4c18-a276-b44e30bdeedf
۷۶ن۷۶۲-۱۷,flagged,2026-07-27T04:26:10.046983+00:00,,,0,,entry,,,d583ce6d-39cc-4e5e-8eb0-167608594d18
۴۱ب۵۷۵-۱۷,waived,2026-07-27T04:25:16.326492+00:00,2026-07-27T18:23:56.317541+00:00,838,0,waived,entry,,,a1e9a9a6-a501-4af4-bc14-03758daa54ad
۷۳د۳۳۹-۱۷,waived,2026-07-27T04:23:49.486509+00:00,2026-07-27T11:24:54.121794+00:00,421,342500,waived,entry,exit,,27d7af00-c76b-4cbd-a83f-9020c60380fd
۸۵ق۸۴۹-۱۷,waived,2026-07-27T04:23:40.807441+00:00,2026-07-27T18:23:56.317541+00:00,840,0,waived,entry,,,a211522a-8e64-4227-80ab-38bec4254c6d
۷۸ص۳۶۴-۱۷,waived,2026-07-27T04:22:40.908377+00:00,2026-07-27T18:23:56.317541+00:00,841,0,waived,entry,,,9239e125-ff10-40ec-ab88-540a3ac0058a
۹۳ن۳۲۳-۱۷,waived,2026-07-27T04:22:34.183805+00:00,2026-07-27T12:19:16.190843+00:00,476,388333,waived,entry,exit,,0eb0861d-c4bc-4b15-bcdd-fff3542efe52
۵۶م۱۲۹-۱۷,waived,2026-07-27T04:21:58.857689+00:00,2026-07-27T10:34:22.316871+00:00,372,301666,waived,entry,exit,,217a0fc3-28e9-4872-b45c-af10eff79647
۲۲ط۹۹۳-۳۵,waived,2026-07-27T04:21:52.220206+00:00,2026-07-27T14:37:21.365525+00:00,615,400000,waived,entry,exit,,00ca6eea-727b-4878-ad94-4de82151da14
۳۸ن۸۲۶-۱۷,flagged,2026-07-27T04:21:36.967838+00:00,,,0,,entry,,,f88424f1-69f7-4e30-910d-da4a99b52ed3
۷۲ه۳۶۹-۱۷,flagged,2026-07-27T04:21:09.880935+00:00,,,0,,entry,,,54a4ac08-c954-484e-a4a3-4ec5986f1657
۴۷د۷۹۵-۱۷,flagged,2026-07-27T04:20:23.444639+00:00,,,0,,entry,,,676455d0-7bda-4d63-ba2a-8d867f3596e6
۵۶ط۲۸۷-۱۷,waived,2026-07-27T04:20:18.999973+00:00,2026-07-27T10:54:31.364937+00:00,394,320000,waived,entry,exit,,82d29012-dfed-497e-bc46-911ec80e3622
۲۲ب۳۴۵-۱۷,flagged,2026-07-27T04:20:14.506143+00:00,,,0,,entry,,,e3d3529f-dcb1-4b42-b63e-911c2e44f914
۲۵ق۳۴۶-۱۷,waived,2026-07-27T04:18:16.021761+00:00,2026-07-27T10:35:56.418332+00:00,377,305833,waived,entry,exit,,b6f490d7-97ef-43a2-b4ce-e16048247041
۴۱ب۶۸۸-۱۷,waived,2026-07-27T04:17:58.483162+00:00,2026-07-27T11:25:03.117338+00:00,427,347500,waived,entry,exit,,4ba3d431-508a-4f86-8d10-fc0b3d4cf168
۳۴م۳۷۸-۱۷,waived,2026-07-27T04:17:54.044764+00:00,2026-07-27T09:52:31.270373+00:00,334,270000,waived,entry,exit,,06e542b1-fd73-41c3-94b8-d41693504580
۹۶ی۷۷۹-۱۷,flagged,2026-07-27T04:17:49.690992+00:00,,,0,,entry,,,e4b05528-5042-4846-8343-aa96b32ae23a
۴۲ب۸۳۹-۳۷,waived,2026-07-27T04:17:47.484282+00:00,2026-07-27T09:26:23.373297+00:00,308,248333,waived,entry,exit,,8a72a950-5261-426a-a370-cc1fbc4d5cf6
۹۷ی۲۷۲-۹۷,waived,2026-07-27T04:17:43.021889+00:00,2026-07-27T18:23:56.317541+00:00,846,0,waived,entry,,,b26bcffb-d9c0-4f90-aa60-a2e13260c1a3
۹۴ط۳۲۷-۶۷,waived,2026-07-27T04:17:21.426186+00:00,2026-07-27T18:23:56.317541+00:00,846,0,waived,entry,,,2a12bd12-0cdf-4bea-a787-5603a9fa9d46
۲۳ص۱۴۹-۱۷,waived,2026-07-27T04:17:07.706555+00:00,2026-07-27T05:49:00.633105+00:00,91,67500,waived,entry,exit,,c66249e7-bea6-4b04-95a5-6c22b588fa59
۲۷ج۷۴۵-۱۷,waived,2026-07-27T04:16:14.202967+00:00,2026-07-27T04:21:27.396610+00:00,5,0,waived,entry,exit,,c7726e94-2b48-4c90-a1bb-4fff3f17ca48
۷۷س۹۱۶-۹۷,waived,2026-07-27T04:15:47.600531+00:00,2026-07-27T10:32:35.909209+00:00,376,305000,waived,entry,exit,,2075cc22-aff2-4bcc-add9-7fb902a7a526
۳۷ب۸۱۳-۱۷,waived,2026-07-27T04:15:36.460751+00:00,2026-07-27T05:41:45.526627+00:00,86,63333,waived,entry,exit,,389fd035-0f1a-493b-bb40-9d14ee7583f0
۷۸ی۲۸۳-۱۷,waived,2026-07-27T04:15:31.912905+00:00,2026-07-27T12:12:00.490010+00:00,476,388333,waived,entry,exit,,5f2693e2-7252-474d-b980-905e150a5b93
۸۶م۲۹۳-۱۷,flagged,2026-07-27T04:14:04.577805+00:00,,,0,,entry,,,05352c34-c94f-4454-b636-73dcb079f3d6
۸۳د۴۸۶-۱۷,waived,2026-07-27T04:13:36.310253+00:00,2026-07-27T18:23:56.317541+00:00,850,0,waived,entry,,,2a216859-fde2-4183-a7ba-fc3a2bb5bf05
۴۸ج۲۱۱-۲۷,waived,2026-07-27T04:13:20.623056+00:00,2026-07-27T18:23:56.317541+00:00,850,0,waived,entry,,,60c77b43-1db7-446d-baee-8717c0963b5a
۳۵ه۶۳۲-۱۷,waived,2026-07-27T04:13:13.923519+00:00,2026-07-27T07:48:33.589265+00:00,215,170833,waived,entry,exit,,84d56c97-94da-49d0-9c90-15e1fb359354
۸۲م۳۳۴-۱۷,waived,2026-07-27T04:13:07.206104+00:00,2026-07-27T13:40:20.848213+00:00,567,400000,waived,entry,exit,,5f712584-bf15-4e01-94c2-9bdc8f23f611
۷۵ی۴۷۱-۱۷,waived,2026-07-27T04:13:02.738434+00:00,2026-07-27T18:23:56.317541+00:00,850,0,waived,entry,,,1bb91019-7c5a-4a03-85c5-4476ab08e19c
۲۱ج۷۱۷-۱۷,waived,2026-07-27T04:10:30.926731+00:00,2026-07-27T18:23:56.317541+00:00,853,0,waived,entry,,,2132bdf3-f846-4d8c-a5e8-b993a04b71e4
۴۲م۶۴۵-۱۷,waived,2026-07-27T04:10:21.949296+00:00,2026-07-27T05:53:03.960754+00:00,102,76666,waived,entry,exit,,2be5ca4f-856f-43f7-b446-1b5f780d4837
۶۳د۶۹۹-۱۷,waived,2026-07-26T15:44:17.761004+00:00,2026-07-26T19:42:42.550886+00:00,238,0,waived,entry,,,4258acb0-0886-46c2-918b-8976803edc7c
۴۶ه۲۱۳-۱۷,waived,2026-07-26T15:38:41.696501+00:00,2026-07-26T15:42:18.242103+00:00,3,0,waived,entry,exit,,41cf6ebd-46bf-4c6b-8e8f-4eadb9182533
۸۱ق۸۸۱-۳۷,waived,2026-07-26T15:37:25.513430+00:00,2026-07-26T19:42:42.550886+00:00,245,0,waived,entry,,,c5bf7057-5230-4f1e-832f-89a79ca8d258
۶۵ت۶۱۴-۱۷,waived,2026-07-26T15:14:52.549767+00:00,2026-07-26T15:18:44.850187+00:00,3,0,waived,entry,exit,,771d61c0-f346-4480-8d1d-42e7d025bf24
۶۵۶۱۴-۱۷,waived,2026-07-26T15:14:50.316038+00:00,2026-07-26T19:42:42.550886+00:00,267,0,waived,entry,,,26d4c977-088c-4d7f-9b13-8e6c33544108
۱۵ج۲۷۹-۱۷,waived,2026-07-26T15:11:24.242039+00:00,2026-07-26T19:42:42.550886+00:00,271,0,waived,entry,,,76ba3952-5651-4105-ace5-558fb83ed63e
۴۹ج۳۳۸-۱۷,waived,2026-07-26T15:09:23.277169+00:00,2026-07-26T15:11:36.999684+00:00,2,0,waived,entry,exit,,bed0fe21-c005-4df2-a7ea-caea9da72ad3
۹۲ی۶۳۱-۱۷,waived,2026-07-26T15:03:58.464849+00:00,2026-07-26T19:42:42.550886+00:00,278,0,waived,entry,,,e842bccd-986f-4ea2-b3e2-331397ef7fda
۵۸و۶۲۳-۱۷,waived,2026-07-26T14:59:38.664545+00:00,2026-07-26T15:02:34.899649+00:00,2,0,waived,entry,exit,,e942a098-77ba-4834-972b-c81d90272cb5
۳۶د۹۵۳-۱۷,waived,2026-07-26T14:26:44.934738+00:00,2026-07-26T19:42:42.550886+00:00,315,0,waived,entry,,,42a97510-132c-44fb-9f91-a1144e9763e5
۵۹ن۸۹۲-۱۷,waived,2026-07-26T14:15:09.152403+00:00,2026-07-26T14:18:48.208285+00:00,3,0,waived,entry,exit,,5de7a42b-346e-4a9e-8684-8ed0cbb9072c
۳۳س۶۸۹-۱۷,waived,2026-07-26T14:10:07.966312+00:00,2026-07-26T19:42:42.550886+00:00,332,0,waived,entry,,,3d8d1b7a-38be-4e28-a069-2062c088d4ba
۴۱ب۶۸۸-۱۷,waived,2026-07-26T14:08:08.496714+00:00,2026-07-26T19:42:42.550886+00:00,334,0,waived,entry,,,0fc8bf9d-3301-42c5-8e5f-2d23ea5a2b21
۷۵ق۶۱۶-۳۷,waived,2026-07-26T14:07:24.045705+00:00,2026-07-26T14:19:00.650378+00:00,11,833,waived,entry,exit,,bc2304cc-c42c-4d4e-8204-99cefda5a859
۴۶س۵۵۴-۱۷,waived,2026-07-26T13:58:30.722320+00:00,2026-07-26T19:42:42.550886+00:00,344,0,waived,entry,,,a588b269-6cd7-470f-bfed-10f951d33ee0
۸۲و۳۸۴-۱۷,waived,2026-07-26T13:57:51.723337+00:00,2026-07-26T19:42:42.550886+00:00,344,0,waived,entry,,,8f8284f6-c78e-4662-b9c2-12638ff847cb
۴۹س۵۲۲-۱۷,waived,2026-07-26T13:54:28.160164+00:00,2026-07-26T19:42:42.550886+00:00,348,0,waived,entry,,,8b94f77e-5033-4d01-bd55-bc4ba253a6c6
۷۵ی۴۷۱-۱۷,waived,2026-07-26T13:53:46.780967+00:00,2026-07-26T19:42:42.550886+00:00,348,0,waived,entry,,,8952e7ef-4633-44cc-9e7a-57ad090052f3
۸۵ق۱۵۷-۱۷,waived,2026-07-26T13:48:21.835297+00:00,2026-07-26T19:42:42.550886+00:00,354,0,waived,entry,,,e1e9d4da-5ce3-4c50-a2bc-faf5ee33a4ae
۳۶ه۴۹۴-۱۷,waived,2026-07-26T13:43:47.550730+00:00,2026-07-26T13:47:23.893307+00:00,3,0,waived,entry,exit,,afec9396-b13c-490b-8bb6-da6a7b8208d3
۲۲ی۳۷۷-۱۷,waived,2026-07-26T13:38:08.671091+00:00,2026-07-26T13:43:01.733922+00:00,4,0,waived,entry,exit,,7ed95e2c-8a53-4013-81fb-41916c770ed1
۷۱ه۳۱۱-۱۷,waived,2026-07-26T13:37:57.556555+00:00,2026-07-26T13:41:36.588849+00:00,3,0,waived,entry,exit,,02090285-1e7a-4e5b-a45f-f44f3db0c66a
۱۷ج۸۹۶-۱۵,waived,2026-07-26T13:37:02.363989+00:00,2026-07-26T19:42:42.550886+00:00,365,0,waived,entry,,,dfcaf236-766d-4111-8ac3-1cfc069219d9
۷۲ط۵۲۶-۹۹,waived,2026-07-26T13:24:39.171142+00:00,2026-07-26T13:53:55.854182+00:00,29,15833,waived,entry,exit,,7cd17109-473b-4489-a334-ecae8a500936
۹۸ب۶۴۱-۱۷,waived,2026-07-26T13:24:37.073810+00:00,2026-07-26T19:42:42.550886+00:00,378,0,waived,entry,,,e8744b85-68c8-4cf6-8744-1fb2663a5ca9
۴۷د۷۹۵-۱۷,waived,2026-07-26T13:23:02.572934+00:00,2026-07-26T19:42:42.550886+00:00,379,0,waived,entry,,,65214202-88e4-4eef-95e4-a20e08c08b5d
۷۸د۹۶۷-۱۷,waived,2026-07-26T13:21:11.467981+00:00,2026-07-26T13:28:50.420273+00:00,7,0,waived,entry,exit,,de2ce8dc-bc14-4a27-9f4c-421530f4b085
۶۲و۶۴۲-۱۷,waived,2026-07-26T13:21:05.148866+00:00,2026-07-26T19:42:42.550886+00:00,381,0,waived,entry,,,6b0b6a7e-be8d-4e11-80b0-6c4b6b74a3af
۵۳س۲۸۶-۱۷,waived,2026-07-26T13:19:36.451939+00:00,2026-07-26T13:22:33.174132+00:00,2,0,waived,entry,exit,,d8020d2b-0920-493e-a596-68ff9d455ca9
۹۸ب۶۴۱-۱۷,flagged,2026-07-26T13:17:07.664922+00:00,,,0,,entry,,,87dc16fd-9c7c-4dc1-8ae8-a734d955212d
۲۲و۳۴۹-۱۷,waived,2026-07-26T13:08:13.666664+00:00,2026-07-26T19:42:42.550886+00:00,394,0,waived,entry,,,48a965bc-b0c2-4809-beca-4561281f3079
۲۳ن۸۲۸-۱۷,waived,2026-07-26T12:53:00.858185+00:00,2026-07-26T19:42:42.550886+00:00,409,0,waived,entry,,,8b2bdc81-deae-4e02-beb7-fccc2fe7a30e
۵۳ج۱۸۷-۱۷,waived,2026-07-26T12:51:00.465541+00:00,2026-07-26T13:27:16.691753+00:00,36,21666,waived,entry,exit,,f6f6106f-3d30-4563-837b-225b6df5fd13
۶۸ج۹۷۶-۱۷,waived,2026-07-26T12:27:22.197007+00:00,2026-07-26T19:42:42.550886+00:00,435,0,waived,entry,,,2fdcae36-7019-42d7-b458-4d7e0a69233f
۷۷ن۶۶۱-۱۷,waived,2026-07-26T12:26:17.268266+00:00,2026-07-26T12:57:54.670856+00:00,31,17500,waived,entry,exit,,ece3fc77-08b1-4ebd-b0fa-d954659efcd9
۹۹م۹۷۵-۱۷,waived,2026-07-26T12:23:47.153053+00:00,2026-07-26T19:42:42.550886+00:00,438,0,waived,entry,,,4f9b29c8-a2eb-4d42-84e1-d7666a8abe43
۲۱ع۴۵۶-۱۷,waived,2026-07-26T12:22:17.014432+00:00,2026-07-26T12:25:58.761836+00:00,3,0,waived,entry,exit,,322700c1-e769-4edf-8eca-04fdfc492ab7
۹۸ب۱۴۹-۱۷,waived,2026-07-26T12:15:18.118352+00:00,2026-07-26T19:42:42.550886+00:00,447,0,waived,entry,,,80447fd2-59a3-4a02-b0c9-fe9d0e732b53
۵۴ب۴۹۲-۱۷,waived,2026-07-26T12:07:21.110444+00:00,2026-07-26T14:14:00.342082+00:00,126,96666,waived,entry,exit,,bf6743f2-0da0-474f-bba7-ae8d0adaf541
۴۹ل۶۷۵-۱۷,waived,2026-07-26T11:49:01.145195+00:00,2026-07-26T12:02:02.897603+00:00,13,2500,waived,entry,exit,,bf6f4572-3705-480c-8add-30e5f370cc6e
۹۹م۸۸۲-۱۷,waived,2026-07-26T11:47:42.800209+00:00,2026-07-26T11:51:07.177233+00:00,3,0,waived,entry,exit,,a952e13f-8e3d-46fb-962b-7cd825f4fba4
۴۱ب۶۸۸-۱۷,waived,2026-07-26T11:39:36.669913+00:00,2026-07-26T12:02:36.634676+00:00,22,10000,waived,entry,exit,,de76ed0e-79d8-45b6-99ed-e12c09458a28
۷۹ل۴۱۴-۱۷,waived,2026-07-26T11:36:17.326512+00:00,2026-07-26T19:42:42.550886+00:00,486,0,waived,entry,,,a90bcb62-8bc0-48e2-bd9b-d7e63a8a9950
۴۱م۹۴۳-۱۷,waived,2026-07-26T11:33:33.833518+00:00,2026-07-26T19:42:42.550886+00:00,489,0,waived,entry,,,d3d9ead9-03ed-41cc-9cd0-43c23bb3e1f1
۹۶ن۲۷۳-۱۷,waived,2026-07-26T11:25:32.199898+00:00,2026-07-26T11:35:06.754029+00:00,9,0,waived,entry,exit,,493943b5-f661-42e5-bbe8-fa174c48f238
۷۵ی۲۱۴-۲۷,waived,2026-07-26T11:24:31.712781+00:00,2026-07-26T11:44:50.288174+00:00,20,8333,waived,entry,exit,,c7f9c242-4395-48c3-ab24-45fe4fb3420d
۳۴م۳۷۸-۱۷,waived,2026-07-26T11:22:50.929432+00:00,2026-07-26T13:29:53.400681+00:00,127,97500,waived,entry,exit,,3c1a23c8-5247-4f2b-bbee-adc96593e8ca
۴۸و۲۲۱-۱۷,waived,2026-07-26T11:22:30.769533+00:00,2026-07-26T19:42:42.550886+00:00,500,0,waived,entry,,,8f691082-cea8-4457-83c8-c44af69ab447
۷۵ی۲۱۴-۲۷,flagged,2026-07-26T11:21:23.551644+00:00,,,0,,entry,,,614f6432-c006-4231-865c-751cdb7269a1
۱۹س۱۷۷-۱۷,waived,2026-07-26T11:12:39.401552+00:00,2026-07-26T19:42:42.550886+00:00,510,0,waived,entry,,,6197b05a-db59-4cd8-b4d1-7e05d1b3f60e
۲۴ل۷۲۴-۱۷,waived,2026-07-26T11:09:00.015944+00:00,2026-07-26T11:27:49.373823+00:00,18,6666,waived,entry,exit,,78ec7a7e-23a2-414c-ae54-58bcbe38d43b
۳۷ی۶۵۶-۱۷,waived,2026-07-26T11:08:04.317024+00:00,2026-07-26T19:42:42.550886+00:00,514,0,waived,entry,,,421b61cd-5073-4b27-a06c-c87311dc31ce
۴۱ص۸۴۷-۱۷,waived,2026-07-26T11:07:08.087808+00:00,2026-07-26T19:42:42.550886+00:00,515,0,waived,entry,,,a4f4df1b-892d-400e-9417-8a9ccb4e499e
۱۹ی۷۲۷-۱۷,waived,2026-07-26T11:01:54.497821+00:00,2026-07-26T19:42:42.550886+00:00,520,0,waived,entry,,,f93ca5c0-1b5d-4701-b5e1-32edc7cabaf5
۳۳ن۹۳۳-۱۷,waived,2026-07-26T10:59:40.144272+00:00,2026-07-26T11:09:04.969161+00:00,9,0,waived,entry,exit,,1180e7ad-6641-45a0-91f6-8d13f605e268
۲۵ی۳۹۴-۱۷,waived,2026-07-26T10:58:32.903761+00:00,2026-07-26T19:42:42.550886+00:00,524,0,waived,entry,,,5b1d4026-6ca7-4d92-96b7-9c6f7ddda70d
۸۹ی۶۸۷-۱۵,waived,2026-07-26T10:55:22.505948+00:00,2026-07-26T19:42:42.550886+00:00,527,0,waived,entry,,,4f1fa4de-e618-46f6-ba7b-0f84aae34da1
۹۴ج۸۸۳-۱۷,waived,2026-07-26T10:52:30.011384+00:00,2026-07-26T19:42:42.550886+00:00,530,0,waived,entry,,,ac54c9b0-cd1a-4f2f-a00c-56cc93b49161
۵۸د۴۹۵-۱۷,waived,2026-07-26T10:51:49.694280+00:00,2026-07-26T19:42:42.550886+00:00,530,0,waived,entry,,,fbf3b44a-992c-4b3b-b8e9-e16c0eafad67
۴۷ب۵۷۴-۲۷,waived,2026-07-26T10:51:16.139862+00:00,2026-07-26T19:42:42.550886+00:00,531,0,waived,entry,,,979b8343-627d-431d-9faa-1ff1fd8ed8d7
۵۵ه۶۶۸-۱۷,waived,2026-07-26T10:49:24.127370+00:00,2026-07-26T19:42:42.550886+00:00,533,0,waived,entry,,,57103295-7182-4bed-bd1a-d0ffc704fb62
۱۴ج۷۹۸-۱۷,waived,2026-07-26T10:49:19.629211+00:00,2026-07-26T19:42:42.550886+00:00,533,0,waived,entry,,,35a891f3-a967-4f33-80b3-89b35e3e1ede
۵۳ص۹۵۱-۱۷,waived,2026-07-26T10:48:52.779254+00:00,2026-07-26T19:42:42.550886+00:00,533,0,waived,entry,,,fa4a5b9b-db16-41c2-99f5-e00cc766bbe1
۷۲ل۲۴۱-۲۵,waived,2026-07-26T10:46:47.304246+00:00,2026-07-26T19:42:42.550886+00:00,535,0,waived,entry,,,8f3a7ce9-6db3-4511-af11-461787216b4b
۴۷د۸۱۹-۱۷,waived,2026-07-26T10:46:38.365878+00:00,2026-07-26T19:42:42.550886+00:00,536,0,waived,entry,,,3c2ed4cf-0d91-47d5-a4fb-1144e518ea5f
۸۴ل۱۳۲-۱۷,waived,2026-07-26T10:30:38.488837+00:00,2026-07-26T19:42:42.550886+00:00,552,0,waived,entry,,,79a127df-e193-4a9f-aa5b-b1215f902345
۴۸ق۹۷۵-۱۷,waived,2026-07-26T10:28:23.945547+00:00,2026-07-26T19:42:42.550886+00:00,554,0,waived,entry,,,627b3d24-856c-40ea-8299-71fa9301d8f2
۳۶ل۴۵۹-۱۷,waived,2026-07-26T10:28:06.036932+00:00,2026-07-26T19:42:42.550886+00:00,554,0,waived,entry,,,2c82bd14-a298-4560-a139-d8a214840905
۲۸م۸۸۳-۲۳,waived,2026-07-26T10:27:46.051139+00:00,2026-07-26T19:42:42.550886+00:00,554,0,waived,entry,,,07ce1858-5841-4bd0-8761-099e218455b2
۶۷ه۸۳۲-۱۷,waived,2026-07-26T10:27:39.485968+00:00,2026-07-26T19:42:42.550886+00:00,555,0,waived,entry,,,be1e6e4c-8e69-436d-9752-dc542102a5a0
۳۷ب۸۱۳-۱۷,waived,2026-07-26T10:27:23.501038+00:00,2026-07-26T11:14:58.846511+00:00,47,30833,waived,entry,exit,,28865a9b-f4e0-478f-9ee1-0dd82a5bf7f7
۲۱ج۲۸۶-۱۷,waived,2026-07-26T10:27:12.326018+00:00,2026-07-26T19:42:42.550886+00:00,555,0,waived,entry,,,8add033c-9842-414a-abba-2e50f3559040
۶۱ی۳۵۱-۱۷,waived,2026-07-26T10:25:16.378884+00:00,2026-07-26T19:42:42.550886+00:00,557,0,waived,entry,,,659e4854-32a4-4402-966a-5ccba2c270b3
۵۸ع۵۷۲-۱۷,waived,2026-07-26T10:21:05.625120+00:00,2026-07-26T19:42:42.550886+00:00,561,0,waived,entry,,,b2638b68-92ec-469d-9f0b-561d2ef11481
۶۱ه۴۷۴-۱۷,waived,2026-07-26T10:19:42.626944+00:00,2026-07-26T19:42:42.550886+00:00,562,0,waived,entry,,,29187eff-7253-4bf1-91ed-52185f32c98a
۸۷ی۷۸۸-۱۷,waived,2026-07-26T10:18:48.850158+00:00,2026-07-26T19:42:42.550886+00:00,563,0,waived,entry,,,246e86df-1c2c-43ca-a212-8cd3861946ec
۵۴ق۷۹۳-۱۷,waived,2026-07-26T10:17:55.021996+00:00,2026-07-26T19:42:42.550886+00:00,564,0,waived,entry,,,c1451d1d-8e14-4a41-9a44-83b0ee1ed3a6
۲۲ق۳۸۴-۳۷,waived,2026-07-26T10:15:13.799923+00:00,2026-07-26T19:42:42.550886+00:00,567,0,waived,entry,,,e4f2c5d7-ecba-44d9-9699-7d175a05e99e
۹۹ل۷۸۱-۳۵,waived,2026-07-26T10:14:46.891104+00:00,2026-07-26T19:42:42.550886+00:00,567,0,waived,entry,,,c6e39050-7c84-4912-8170-0eee8db6546b
۱۸ق۲۲۷-۱۵,waived,2026-07-26T10:12:21.242554+00:00,2026-07-26T19:42:42.550886+00:00,570,0,waived,entry,,,f8952eba-1356-483f-9cf2-babd096fed78
۹۶ج۴۹۳-۱۷,waived,2026-07-26T10:11:29.755391+00:00,2026-07-26T19:42:42.550886+00:00,571,0,waived,entry,,,2eddb8ba-dd9f-4248-b9ce-41d2b72ba8f2
۲۲ق۳۸۴-۲۷,waived,2026-07-26T10:11:20.786198+00:00,2026-07-26T19:42:42.550886+00:00,571,0,waived,entry,,,1dc32666-bc4e-49e7-9d41-1ad77f72cc7e
۳۱ن۱۲۶-۱۷,waived,2026-07-26T10:08:46.224751+00:00,2026-07-26T19:42:42.550886+00:00,573,0,waived,entry,,,46cd059d-0d19-4156-8bc7-9bfa25efd2c5
۴۹ل۶۷۵-۱۷,waived,2026-07-26T10:08:35.054424+00:00,2026-07-26T10:13:34.794306+00:00,4,0,waived,entry,exit,,c906856b-b560-4469-9209-1adb7efd31ad
۵۴ب۵۱۴-۱۷,waived,2026-07-26T10:06:09.627403+00:00,2026-07-26T19:42:42.550886+00:00,576,0,waived,entry,,,cba38c26-a670-476e-9bd6-2becd2a311fb
۵۴ب۵۱۴-۱۷,flagged,2026-07-26T10:02:45.825919+00:00,,,0,,entry,,,498ae8d1-2dfe-42b1-be6a-28c5a40193c9
۳۱ن۱۲۶-۱۷,flagged,2026-07-26T10:02:38.125525+00:00,,,0,,entry,,,3d4628cf-efaa-4467-9fe0-a3a2d8d40568
۷۳ه۳۱۶-۱۷,waived,2026-07-26T10:02:13.433360+00:00,2026-07-26T11:20:09.108892+00:00,77,55833,waived,entry,exit,,a132a675-0c7d-41da-8d75-d4f3dc428175
۵۹و۴۷۴-۱۷,waived,2026-07-26T09:59:18.967597+00:00,2026-07-26T19:42:42.550886+00:00,583,0,waived,entry,,,f85e8b0c-4f2f-47f6-9c61-6da8bed6aa11
۴۱ب۶۸۸-۱۷,flagged,2026-07-26T09:58:36.387929+00:00,,,0,,entry,,,6087db6f-e878-4a43-8a0f-dfe3babf6d76
۵۸ه۵۳۲-۱۷,waived,2026-07-26T09:57:58.312100+00:00,2026-07-26T19:42:42.550886+00:00,584,0,waived,entry,,,6574bc20-054e-47f4-b230-d3d932d54e2a
۷۹د۷۲۶-۱۷,waived,2026-07-26T09:57:17.990478+00:00,2026-07-26T19:42:42.550886+00:00,585,0,waived,entry,,,677772e5-c1fa-431c-b8aa-869716270a79
۷۵و۵۱۱-۱۷,waived,2026-07-26T09:55:39.933891+00:00,2026-07-26T10:01:18.735216+00:00,5,0,waived,entry,exit,,9894916c-bfb3-4bb2-a3b7-99c730feda07
۸۶ط۲۴۸-۱۰,waived,2026-07-26T09:53:35.144659+00:00,2026-07-26T19:42:42.550886+00:00,589,0,waived,entry,,,db98eb90-827f-4944-823a-b48b33e751a4
۶۶و۷۹۵-۱۷,waived,2026-07-26T09:51:18.505008+00:00,2026-07-26T19:42:42.550886+00:00,591,0,waived,entry,,,7b56f231-0b06-47f8-abec-911c52305a34
۸۸ج۳۴۳-۱۷,waived,2026-07-26T09:50:25.462338+00:00,2026-07-26T19:42:42.550886+00:00,592,0,waived,entry,,,49f147c8-8b7b-4faf-b9e1-b08de2f92c0e
۷۱و۹۶۶-۱۷,waived,2026-07-26T09:50:18.742214+00:00,2026-07-26T19:42:42.550886+00:00,592,0,waived,entry,,,aa6d9263-9cd1-463e-bcb4-4985a0a6c8d7
۶۶ن۲۸۷-۱۷,waived,2026-07-26T09:50:09.477624+00:00,2026-07-26T13:14:37.073028+00:00,204,161666,waived,entry,exit,,4c5f11b7-4b29-4b4c-8480-b914d1aca9bd
۱۹ه۳۲۴-۱۷,waived,2026-07-26T09:50:02.346272+00:00,2026-07-26T19:42:42.550886+00:00,592,0,waived,entry,,,c7516ff6-e0d8-41c7-8a9e-89c9b82b1eb7
۲۵ی۹۲۶-۱۷,waived,2026-07-26T09:49:01.885449+00:00,2026-07-26T13:13:04.721273+00:00,204,161666,waived,entry,exit,,03a57161-8078-4bca-9ec0-95a4a05aa6c9
۳۷ص۶۲۴-۱۷,waived,2026-07-26T09:48:39.758997+00:00,2026-07-26T12:02:49.941000+00:00,134,103333,waived,entry,exit,,a2c7b906-477a-4d77-a7ed-3e235f1ae785
۵۸ه۵۳۲-۱۷,flagged,2026-07-26T09:45:42.818610+00:00,,,0,,entry,,,bc9f56b7-b0bb-48bf-98a2-d2200d70fccc
۵۳ص۴۲۷-۱۷,waived,2026-07-26T09:44:34.805264+00:00,2026-07-26T19:42:42.550886+00:00,598,0,waived,entry,,,fa6d140c-c2a0-4cd0-a95c-0fa59cf292ae
۲۸ن۵۷۲-۱۷,waived,2026-07-26T09:43:56.699091+00:00,2026-07-26T19:42:42.550886+00:00,598,0,waived,entry,,,f10a3bc0-58ff-42ad-82e2-eaf8d5a0e779
۲۷ط۶۵۷-۱۷,waived,2026-07-26T09:41:09.199452+00:00,2026-07-26T19:42:42.550886+00:00,601,0,waived,entry,,,8d664aa3-c907-498c-b116-85693ab8cc66
۷۹د۷۲۶-۱۷,flagged,2026-07-26T09:39:59.749371+00:00,,,0,,entry,,,77f4197c-70b0-4fbd-8d7b-569320446ecd
۱۸ق۲۲۷-۱۵,flagged,2026-07-26T09:39:20.315242+00:00,,,0,,entry,,,80164d68-61b8-4717-8cba-a036c7f8a276
۸۸ج۳۴۳-۱۷,flagged,2026-07-26T09:39:02.753452+00:00,,,0,,entry,,,ab5f2201-d2a7-4866-ba7e-d4812fd3c325
۸۴ب۶۲۹-۱۷,waived,2026-07-26T09:38:49.202001+00:00,2026-07-26T19:42:42.550886+00:00,603,0,waived,entry,,,ff3eda01-50a2-4909-8838-09375afbdda9
۱۴و۶۸۱-۱۷,waived,2026-07-26T09:38:13.790444+00:00,2026-07-26T10:06:21.687502+00:00,28,15000,waived,entry,exit,,2357bcc5-9e90-4fe3-87ce-b0c59a70fc94
۵۴ب۲۶۵-۱۷,waived,2026-07-26T09:37:43.161301+00:00,2026-07-26T19:42:42.550886+00:00,604,0,waived,entry,,,92ac548d-9702-4cf2-99a7-a26842c15fc9
۶۹س۸۸۶-۱۷,waived,2026-07-26T09:33:10.492390+00:00,2026-07-26T19:42:42.550886+00:00,609,0,waived,entry,,,e6d702b2-cb24-4db4-8643-3e770c03b64a
۹۹ل۷۸۱-۳۵,waived,2026-07-26T09:32:24.060323+00:00,2026-07-26T19:42:42.550886+00:00,610,0,waived,entry,,,f0328d07-5209-422c-9ed1-712411beb108
۳۶د۹۵۳-۱۷,waived,2026-07-26T09:32:13.079555+00:00,2026-07-26T19:42:42.550886+00:00,610,0,waived,entry,,,a752b7da-1d9c-4efa-b36a-0bff63b60326
۷۷ه۶۵۸-۹۷,waived,2026-07-26T09:29:39.867368+00:00,2026-07-26T19:42:42.550886+00:00,613,0,waived,entry,,,4a4da023-7536-4eac-8aec-0ba28a18b993
۱۲س۸۷۲-۱۷,waived,2026-07-26T09:28:28.702170+00:00,2026-07-26T19:42:42.550886+00:00,614,0,waived,entry,,,adabbb5b-abf9-4acc-a772-8ce816ed70b8
۷۳ه۹۶۵-۱۷,waived,2026-07-26T09:27:05.826923+00:00,2026-07-26T19:42:42.550886+00:00,615,0,waived,entry,,,0221169e-eb68-4d41-bb95-78cf7f6ee30f
۵۷د۳۸۳-۱۷,waived,2026-07-26T09:26:30.047212+00:00,2026-07-26T12:22:32.698103+00:00,176,138333,waived,entry,exit,,349e0b34-bc55-4252-aa05-9e2e4ff65136
۵۷۳۸۳-۱۷,waived,2026-07-26T09:26:27.719539+00:00,2026-07-26T19:42:42.550886+00:00,616,0,waived,entry,,,f88fe302-e616-4c9a-9066-55c29aca5cdf
۲۵ی۳۹۴-۱۷,waived,2026-07-26T09:23:13.125158+00:00,2026-07-26T19:42:42.550886+00:00,619,0,waived,entry,,,d6337105-8f9c-4db3-a7aa-d205fb325926
۹۸ب۶۴۱-۱۷,waived,2026-07-26T09:17:18.376075+00:00,2026-07-26T11:12:24.259987+00:00,115,87500,waived,entry,exit,,8c589f5f-fb0b-4b06-bb33-ea1dee000ae1
۵۲ج۳۷۵-۱۷,waived,2026-07-26T09:16:38.088336+00:00,2026-07-26T19:42:42.550886+00:00,626,0,waived,entry,,,64092320-d7ba-403d-91f3-8650903c7fda
۶۶و۷۹۵-۱۷,waived,2026-07-26T09:12:49.508476+00:00,2026-07-26T19:42:42.550886+00:00,629,0,waived,entry,,,f77bca6f-8ecc-47ca-bee4-369a06e6be24
۷۱ب۵۶۳-۱۷,waived,2026-07-26T09:12:38.948911+00:00,2026-07-26T11:27:29.245338+00:00,134,103333,waived,entry,exit,,5691b268-99c7-41c2-95ff-4c38d1b06c8a
۲۷ه۳۱۴-۱۷,waived,2026-07-26T09:12:18.754718+00:00,2026-07-26T19:42:42.550886+00:00,630,0,waived,entry,,,fdc6a54a-a866-40e7-88c2-e2f03b09dfc0
۲۶ط۲۸۲-۲۵,waived,2026-07-26T09:10:18.590109+00:00,2026-07-26T09:48:01.275109+00:00,37,22500,waived,entry,exit,,f0e5e844-2a0b-4736-8a54-d3a13dbebbdb
۶۹ج۸۳۵-۱۷,waived,2026-07-26T09:09:43.587067+00:00,2026-07-26T10:30:52.826158+00:00,81,59166,waived,entry,exit,,c887ce86-2e77-4a68-acc1-53be968175b9
۱۷م۱۷۷-۱۷,waived,2026-07-26T09:09:08.730773+00:00,2026-07-26T11:09:16.139102+00:00,120,91666,waived,entry,exit,,e47b90b9-391b-4a34-8c18-f1d80aff83b5
۷۳ق۶۸۲-۱۷,waived,2026-07-26T09:09:06.214785+00:00,2026-07-26T19:42:42.550886+00:00,633,0,waived,entry,,,f7788eda-3b6a-4e6b-8797-cf038e6aca48
۵۴ی۵۶۹-۱۷,waived,2026-07-26T09:04:34.514525+00:00,2026-07-26T19:42:42.550886+00:00,638,0,waived,entry,,,909e7c90-0e1e-4d49-9a06-1f5dc14597be
۶۹س۸۸۶-۱۷,waived,2026-07-26T09:03:32.587359+00:00,2026-07-26T19:42:42.550886+00:00,639,0,waived,entry,,,c0837b38-43f4-4ca6-bdc5-9cc562dd2356
۲۹ه۵۷۵-۱۷,waived,2026-07-26T09:03:19.434935+00:00,2026-07-26T19:42:42.550886+00:00,639,0,waived,entry,,,adca77d8-fc73-417c-b44d-e16499a14c18
۵۳س۲۸۶-۱۷,waived,2026-07-26T08:57:34.181300+00:00,2026-07-26T19:42:42.550886+00:00,645,0,waived,entry,,,dba02c8c-fde7-423b-97a5-b770921f9597
۴۵ب۲۱۶-۱۷,waived,2026-07-26T08:52:52.246186+00:00,2026-07-26T08:58:44.530452+00:00,5,0,waived,entry,exit,,8228bbef-26ef-4567-b64c-d070cc0ad0ee
۵۳د۴۱۵-۱۷,waived,2026-07-26T08:51:56.824334+00:00,2026-07-26T19:42:42.550886+00:00,650,0,waived,entry,,,3a17facb-50ba-48a1-9b2e-861a7326e563
۶۹ی۶۸۳-۱۷,waived,2026-07-26T08:50:56.882359+00:00,2026-07-26T09:48:12.510358+00:00,57,39166,waived,entry,exit,,eec840da-f5a1-4aef-9616-d8b25ffacc3d
۷۶و۹۴۸-۱۷,waived,2026-07-26T08:49:41.283609+00:00,2026-07-26T19:42:42.550886+00:00,653,0,waived,entry,,,11f7a068-e1e3-4f54-8f6f-aab322f36e01
۱۶ت۷۱۸-۱۷,waived,2026-07-26T08:45:54.494454+00:00,2026-07-26T08:49:27.821852+00:00,3,0,waived,entry,exit,,c2596402-1a59-46bd-b41e-ff71e880068e
۱۱ج۹۲۶-۱۷,waived,2026-07-26T08:45:27.864958+00:00,2026-07-26T19:42:42.550886+00:00,657,0,waived,entry,,,f5215cd1-594c-41ba-a8f4-e2455409411f
۸۸ج۳۴۳-۱۷,waived,2026-07-26T08:43:47.940864+00:00,2026-07-26T19:42:42.550886+00:00,658,0,waived,entry,,,0a7d0540-453f-4ee7-b895-f56674e84c08
۵۹ب۵۳۹-۱۷,waived,2026-07-26T08:41:11.684088+00:00,2026-07-26T19:42:42.550886+00:00,661,0,waived,entry,,,2d56f203-ed1d-4f50-9325-99b7667ebc2e
۳۴ی۵۴۹-۱۷,waived,2026-07-26T08:40:51.523048+00:00,2026-07-26T11:05:58.574670+00:00,145,112500,waived,entry,exit,,3074069d-e619-4908-8f82-9c456a46b8f4
۲۱م۴۳۵-۱۷,waived,2026-07-26T08:35:46.896206+00:00,2026-07-26T08:59:54.674022+00:00,24,11666,waived,entry,exit,,88f27815-95d7-4047-9707-db166942d383
۴۱ه۲۴۶-۱۷,waived,2026-07-26T08:35:11.335474+00:00,2026-07-26T19:42:42.550886+00:00,667,0,waived,entry,,,8a921d39-3934-4c09-93f6-19ba55e2702c
۸۸ه۲۷۸-۸۸,waived,2026-07-26T08:34:18.917641+00:00,2026-07-26T19:42:42.550886+00:00,668,0,waived,entry,,,f6ad97d8-d448-499c-9903-84e87184f6f0
۷۶ط۹۳۹-۱۷,waived,2026-07-26T08:32:14.328171+00:00,2026-07-26T11:04:28.836751+00:00,152,118333,waived,entry,exit,,3ffec1b1-20da-40e0-a74b-f177dea4f3a3
۵۳ص۴۲۷-۱۷,waived,2026-07-26T08:31:37.899862+00:00,2026-07-26T19:42:42.550886+00:00,671,0,waived,entry,,,50a2c33d-92b0-4a28-99b0-e8137f39a3bc
۵۲ص۴۲۷-۱۷,waived,2026-07-26T08:31:35.603962+00:00,2026-07-26T19:42:42.550886+00:00,671,0,waived,entry,,,3379505e-8a30-4e1b-bd4e-aa47a5039465
۱۸و۵۵۱-۱۷,waived,2026-07-26T08:30:48.587082+00:00,2026-07-26T11:06:02.915574+00:00,155,120833,waived,entry,exit,,65285ae5-8437-49b5-bb27-bff3c5e13083
۴۶ی۹۷۳-۱۷,waived,2026-07-26T08:30:46.213995+00:00,2026-07-26T19:42:42.550886+00:00,671,0,waived,entry,,,30fc8191-05c4-4550-8691-7471ca57559c
۴۵ی۲۸۶-۱۷,waived,2026-07-26T08:29:22.426064+00:00,2026-07-26T09:07:44.819938+00:00,38,23333,waived,entry,exit,,99e52c4f-de1f-45a0-aaf7-5a2f10cbd340
۷۲و۴۸۳-۱۷,waived,2026-07-26T08:28:00.454436+00:00,2026-07-26T11:06:41.014407+00:00,158,123333,waived,entry,exit,,4fc0591f-52b8-42f9-8b7d-e75950c701e3
۴۵ی۸۵۶-۱۷,waived,2026-07-26T08:27:33.661248+00:00,2026-07-26T08:41:19.745706+00:00,13,2500,waived,entry,exit,,981aaea4-eb52-4491-8724-c2cf896c3353
۴۵۴۲۴-۱۷,waived,2026-07-26T08:26:11.250994+00:00,2026-07-26T19:42:42.550886+00:00,676,0,waived,entry,,,fd1e37b8-99cd-4fc3-bed0-5e8e5593db39
۴۵ج۴۲۴-۱۷,waived,2026-07-26T08:25:53.836970+00:00,2026-07-26T19:42:42.550886+00:00,676,0,waived,entry,,,10fc425e-77e1-4f79-bb9b-7cda47e5b938
۶۳ط۳۷۹-۱۷,waived,2026-07-26T08:25:06.524083+00:00,2026-07-26T08:50:58.599395+00:00,25,12500,waived,entry,exit,,c3a53614-32dc-4fc9-af7f-ab9dc8c3966c
۴۳ص۴۱۹-۱۷,waived,2026-07-26T08:24:13.703776+00:00,2026-07-26T19:42:42.550886+00:00,678,0,waived,entry,,,582adbbd-8034-4663-b02c-92d1e913898c
۴۵ن۳۴۱-۱۷,waived,2026-07-26T08:22:39.555323+00:00,2026-07-26T11:07:12.622503+00:00,164,128333,waived,entry,exit,,1fb446ce-4285-434b-a66e-9aac5e6ee7e4
۲۹ه۸۶۱-۱۷,waived,2026-07-26T08:21:37.478620+00:00,2026-07-26T11:02:16.755609+00:00,160,125000,waived,entry,exit,,38b1cf90-0b5b-4691-bb9f-74cf128bc82a
۸۹م۲۷۸-۱۷,waived,2026-07-26T08:19:12.333342+00:00,2026-07-26T08:39:25.239968+00:00,20,8333,waived,entry,exit,,ccb198ab-6786-4bc0-9344-6a40c91a3620
۵۴۵۶۹-۱۷,waived,2026-07-26T08:18:32.855346+00:00,2026-07-26T19:42:42.550886+00:00,684,0,waived,entry,,,189559ce-e892-42b2-9ed0-c0b62b9ad4f4
۶۶م۴۴۲-۱۷,waived,2026-07-26T08:17:59.237597+00:00,2026-07-26T11:04:57.985621+00:00,166,130000,waived,entry,exit,,657666df-407b-4d2f-9dcb-e0f4c14f98e4
۲۹ق۴۷۵-۱۷,waived,2026-07-26T08:16:02.002938+00:00,2026-07-26T09:06:28.403996+00:00,50,33333,waived,entry,exit,,06114e9e-a825-4942-a41e-113b7dc6537b
۳۶د۴۴۹-۱۷,waived,2026-07-26T08:15:50.740216+00:00,2026-07-26T19:42:42.550886+00:00,686,0,waived,entry,,,fe90be53-8629-4e10-b218-6a0850589415
۳۷ص۱۲۸-۱۴,waived,2026-07-26T08:15:39.833118+00:00,2026-07-26T19:42:42.550886+00:00,687,0,waived,entry,,,943605f1-7c87-4ed9-ab60-7eb28dc083cd
۲۴ه۱۳۱-۱۷,waived,2026-07-26T08:14:51.379537+00:00,2026-07-26T08:30:32.715756+00:00,15,4166,waived,entry,exit,,9807d9b1-8bda-4ddc-8a67-16d5a44c7333
۲۸ق۱۲۸-۳۷,waived,2026-07-26T08:12:09.257972+00:00,2026-07-26T08:17:42.137519+00:00,5,0,waived,entry,exit,,6a937872-2f46-4e22-a067-8e93e6fc6b69
۶۴ب۷۲۱-۱۷,waived,2026-07-26T08:09:16.544577+00:00,2026-07-26T19:42:42.550886+00:00,693,0,waived,entry,,,e494360a-f113-4ee5-ac2c-06d8f0b7b1a1
۸۸ه۲۷۸-۸۸,waived,2026-07-26T08:08:19.094242+00:00,2026-07-26T19:42:42.550886+00:00,694,0,waived,entry,,,65bdceac-ea93-487c-85b1-5c1259a7b735
۳۳ل۹۸۱-۱۷,waived,2026-07-26T08:07:30.352675+00:00,2026-07-26T19:42:42.550886+00:00,695,0,waived,entry,,,64f9b49a-d36b-4b4b-8a98-6809d2d9bf11
۸۱م۲۱۴-۱۷,waived,2026-07-26T08:06:21.764311+00:00,2026-07-26T08:12:32.471063+00:00,6,0,waived,entry,exit,,4c7aae30-48e8-4a21-a96f-aae176aa1b02
۵۹ه۱۲۷-۹۷,waived,2026-07-26T08:05:54.893208+00:00,2026-07-26T19:42:42.550886+00:00,696,0,waived,entry,,,7feaeb7e-9a38-4323-8ca1-224a0843f651
۶۸و۲۱۸-۱۷,waived,2026-07-26T08:04:56.656570+00:00,2026-07-26T11:06:12.051776+00:00,181,142500,waived,entry,exit,,3f2d801f-1f47-4729-ba49-debbf1aee356
۱۱ج۹۲۶-۱۷,waived,2026-07-26T08:02:34.433261+00:00,2026-07-26T19:42:42.550886+00:00,700,0,waived,entry,,,b27532be-61aa-4baa-b009-9eba65b03409
۴۱ه۸۳۵-۱۷,waived,2026-07-26T07:59:04.988961+00:00,2026-07-26T19:42:42.550886+00:00,703,0,waived,entry,,,923f3294-4575-41e4-80a8-22ccbadc53ae
۶۳ب۸۱۱-۱۷,waived,2026-07-26T07:58:56.267423+00:00,2026-07-26T08:14:28.952965+00:00,15,4166,waived,entry,exit,,f67fc240-c763-4f89-a2ca-207b284b6529
۳۸ی۲۷۵-۲۷,waived,2026-07-26T07:58:00.601322+00:00,2026-07-26T09:05:27.065915+00:00,67,47500,waived,entry,exit,,fe36fa65-f682-4acb-afdd-8f823c9d70b2
۵۳ب۱۶۸-۱۷,waived,2026-07-26T07:56:36.028904+00:00,2026-07-26T08:03:05.171179+00:00,6,0,waived,entry,exit,,08efa832-f63d-4234-bd53-8bfceb749b91
۹۱ج۷۵۷-۱۷,waived,2026-07-26T07:52:08.673836+00:00,2026-07-26T19:42:42.550886+00:00,710,0,waived,entry,,,96ebb013-7fbb-47d4-8ad6-779c14ebfc89
۶۸ه۱۳۱-۳۵,waived,2026-07-26T07:51:42.154581+00:00,2026-07-26T11:21:33.647834+00:00,209,165833,waived,entry,exit,,523f61e8-cc27-4bf8-991a-e75ec80eba9b
۴۵ی۵۲۹-۱۷,waived,2026-07-26T07:49:19.803938+00:00,2026-07-26T19:42:42.550886+00:00,713,0,waived,entry,,,e1007b5c-9e29-4d73-970c-92447c8f3a19
۶۳ج۸۹۹-۲۷,waived,2026-07-26T07:48:57.421798+00:00,2026-07-26T11:17:28.923146+00:00,208,165000,waived,entry,exit,,cd9d37db-fd76-4713-b9a4-7bfb56b286fa
۹۶ن۹۴۴-۱۷,waived,2026-07-26T07:48:52.903471+00:00,2026-07-26T08:08:41.743061+00:00,19,7500,waived,entry,exit,,5d569e84-55e8-4067-b460-2b70f1061e94
۷۳ق۶۸۲-۱۷,waived,2026-07-26T07:48:33.106840+00:00,2026-07-26T19:42:42.550886+00:00,714,0,waived,entry,,,94d7d0ff-1bc2-4be8-8d11-7c7e8d16b53b
۷۳ن۶۸۲-۱۷,waived,2026-07-26T07:48:22.137608+00:00,2026-07-26T09:08:52.601625+00:00,80,58333,waived,entry,exit,,4d75a3f2-8861-4a54-9b9b-6bf12ee77c83
۳۲ص۴۸۸-۱۷,waived,2026-07-26T07:47:03.775873+00:00,2026-07-26T19:42:42.550886+00:00,715,0,waived,entry,,,83304ab7-588d-4ea0-817f-cc719928e5e7
۵۳س۲۸۶-۱۷,waived,2026-07-26T07:46:39.206719+00:00,2026-07-26T19:42:42.550886+00:00,716,0,waived,entry,,,761d44ff-2113-4703-93b7-b01a00cc94e3
۳۴د۱۸۹-۱۷,waived,2026-07-26T07:43:34.882340+00:00,2026-07-26T09:30:20.699483+00:00,106,80000,waived,entry,exit,,ba4f45c0-cf7a-426b-afa1-11300c2eb247
۸۷ی۷۸۸-۱۷,waived,2026-07-26T07:43:26.124139+00:00,2026-07-26T19:42:42.550886+00:00,719,0,waived,entry,,,9f78f3f9-e76e-4ade-be26-17dd4f678f07
۴۹ل۶۷۵-۱۷,waived,2026-07-26T07:42:17.549521+00:00,2026-07-26T08:31:30.950056+00:00,49,32500,waived,entry,exit,,bf91b089-8c8a-4356-adc6-e7890c24d9e3
۲۶ص۶۲۸-۱۷,waived,2026-07-26T07:41:41.964500+00:00,2026-07-26T19:42:42.550886+00:00,721,0,waived,entry,,,865fe5ed-e0a5-473c-ad53-abc1defb47a1
۸۳ق۵۹۸-۱۷,waived,2026-07-26T07:39:57.571975+00:00,2026-07-26T08:15:18.756472+00:00,35,20833,waived,entry,exit,,f62e20e1-70a3-499d-8638-fb3cee590228
۵۸ج۴۴۱-۲۷,waived,2026-07-26T07:38:22.051786+00:00,2026-07-26T09:08:09.750812+00:00,89,65833,waived,entry,exit,,bf14eee8-05c6-45c7-b68f-119a64f037b7
۱۸ی۳۸۴-۱۷,waived,2026-07-26T07:36:53.022288+00:00,2026-07-26T11:36:20.673517+00:00,239,190833,waived,entry,exit,,4f73b455-4f6c-47f1-99ea-ab917da6b92f
۱۹ی۷۲۷-۱۷,waived,2026-07-26T07:36:18.077394+00:00,2026-07-26T19:42:42.550886+00:00,726,0,waived,entry,,,b637d87d-4284-4e86-b730-8bbaacebb6cb
۷۱و۹۶۶-۱۷,waived,2026-07-26T07:36:09.203479+00:00,2026-07-26T07:42:29.833750+00:00,6,0,waived,entry,exit,,b42f08ea-550e-4d4c-81b6-c075c81592bb
۵۵م۱۷۶-۱۷,waived,2026-07-26T07:35:51.178762+00:00,2026-07-26T07:45:26.767187+00:00,9,0,waived,entry,exit,,c9f6c7d1-4e44-430f-9e75-28f88c685eec
۵۸ی۹۶۲-۱۷,waived,2026-07-26T07:34:17.191324+00:00,2026-07-26T09:24:42.359360+00:00,110,83333,waived,entry,exit,,63584d32-a2d0-4d2a-8e4e-8b6d7ae70a3a
۷۱س۴۱۵-۱۷,waived,2026-07-26T07:31:51.533815+00:00,2026-07-26T07:38:36.912229+00:00,6,0,waived,entry,exit,,850383fa-4405-462a-8d86-b5a76277156b
۵۷م۵۳۳-۳۷,waived,2026-07-26T07:30:44.313479+00:00,2026-07-26T19:42:42.550886+00:00,731,0,waived,entry,,,19d8dd7e-95ce-4f8c-a764-86f8e8c58e7b
۴۱ل۷۷۵-۱۷,waived,2026-07-26T07:30:24.157896+00:00,2026-07-26T19:42:42.550886+00:00,732,0,waived,entry,,,1dab8100-659a-4c42-bd93-e03c605d1db2
۸۸ج۳۴۳-۱۷,waived,2026-07-26T07:28:17.242664+00:00,2026-07-26T08:25:45.977014+00:00,57,39166,waived,entry,exit,,4b980b7a-0c69-4ed6-8788-e1ef8031b45f
۲۱ل۲۱۱-۱۷,waived,2026-07-26T07:27:08.183984+00:00,2026-07-26T07:42:36.899835+00:00,15,4166,waived,entry,exit,,2be63bdb-f625-4c44-abfe-fe57acabf5a9
۴۵ی۵۲۹-۱۷,waived,2026-07-26T07:24:39.317547+00:00,2026-07-26T19:42:42.550886+00:00,738,0,waived,entry,,,baa551c3-2a7b-4137-b3ec-ef6fe6cfb845
۴۵ل۵۹۱-۱۷,waived,2026-07-26T07:23:00.592972+00:00,2026-07-26T19:42:42.550886+00:00,739,0,waived,entry,,,afcba23a-116d-4fed-90cd-595bbbdd3c48
۴۲د۴۸۳-۱۷,waived,2026-07-26T07:22:34.275056+00:00,2026-07-26T10:49:23.356112+00:00,206,163333,waived,entry,exit,,066f1938-87b5-4c81-b324-11ba7028aa60
۶۵ط۶۶۸-۱۷,waived,2026-07-26T07:19:35.951408+00:00,2026-07-26T09:03:45.760573+00:00,104,78333,waived,entry,exit,,74058936-5218-4277-870a-1427ed3a4d0e
۳۳ص۴۴۹-۱۷,waived,2026-07-26T07:17:33.464696+00:00,2026-07-26T19:42:42.550886+00:00,745,0,waived,entry,,,451785d3-513b-4cf6-8e89-3a99a5e4520b
۲۳ص۴۴۹-۱۷,waived,2026-07-26T07:17:26.313916+00:00,2026-07-26T08:56:33.994546+00:00,99,74166,waived,entry,exit,,d7d3372b-4e8a-467c-9743-228e27378a24
۹۱ل۷۶۹-۱۷,waived,2026-07-26T07:16:26.102069+00:00,2026-07-26T07:49:52.243290+00:00,33,19166,waived,entry,exit,,7d069f4f-71f4-4aa8-a8b0-6dc7711f878f
۵۵ق۵۹۹-۲۷,waived,2026-07-26T07:13:01.417773+00:00,2026-07-26T19:42:42.550886+00:00,749,0,waived,entry,,,17dc46c2-002d-4763-8b71-57fd7871801a
۳۹ق۵۹۶-۱۷,waived,2026-07-26T07:12:54.399734+00:00,2026-07-26T19:42:42.550886+00:00,749,0,waived,entry,,,4e94d7fd-6d79-4457-91bb-c9bca1587eb6
۷۴ل۶۳۶-۱۷,waived,2026-07-26T07:11:29.868849+00:00,2026-07-26T09:43:54.902250+00:00,152,118333,waived,entry,exit,,cd8cd037-638d-4f38-9057-9090e3114b0e
۱۸ل۷۸۳-۱۷,waived,2026-07-26T07:09:07.602850+00:00,2026-07-26T08:10:57.255071+00:00,61,42500,waived,entry,exit,,fddc5cc5-e307-4568-8c20-6c4f898e10a3
۹۷ه۹۵۷-۱۷,waived,2026-07-26T07:08:43.650365+00:00,2026-07-26T13:55:39.401906+00:00,406,330000,waived,entry,exit,,c86bbee6-cc7c-47ec-83dc-7201c9af44d6
۱۱ل۳۴۷-۱۷,waived,2026-07-26T07:08:30.354106+00:00,2026-07-26T07:16:01.157871+00:00,7,0,waived,entry,exit,,d9ef351f-ae50-4b22-ac0a-34b5e38fe067
۸۵ب۶۴۸-۱۷,waived,2026-07-26T07:08:10.850516+00:00,2026-07-26T08:45:16.917668+00:00,97,72500,waived,entry,exit,,ec93b800-4427-41d5-a238-4f2919291458
۴۹م۸۲۵-۱۷,waived,2026-07-26T07:06:04.756701+00:00,2026-07-26T19:42:42.550886+00:00,756,0,waived,entry,,,aeb38ce8-6119-4288-bf44-08ec6dff9006
۱۳ن۱۳۱-۱۷,waived,2026-07-26T07:04:42.571468+00:00,2026-07-26T10:10:05.687215+00:00,185,145833,waived,entry,exit,,a9add148-75ba-4d9d-9999-a9ac6bfeb631
۷۸ل۳۳۵-۲۷,waived,2026-07-26T07:04:16.134726+00:00,2026-07-26T07:49:40.473012+00:00,45,29166,waived,entry,exit,,116b69e4-dcf2-4aa4-a192-c0db4205c2ec
۷۳و۵۸۹-۱۷,waived,2026-07-26T07:04:05.238271+00:00,2026-07-26T07:06:19.929171+00:00,2,0,waived,entry,exit,,5633262b-f7b8-45e4-b24a-27d149234dbc
۱۲د۲۵۲-۱۷,waived,2026-07-26T07:02:07.529350+00:00,2026-07-26T19:42:42.550886+00:00,760,0,waived,entry,,,465e426d-3d28-485f-b81a-a41aefbef997
۱۲۲۵۲-۱۷,waived,2026-07-26T07:02:05.152625+00:00,2026-07-26T19:42:42.550886+00:00,760,0,waived,entry,,,18ac665b-2184-441a-99ff-e7aad9a4d951
۲۹ن۸۲۹-۲۷,waived,2026-07-26T07:01:51.979296+00:00,2026-07-26T07:08:02.866454+00:00,6,0,waived,entry,exit,,97d85498-2767-4595-b944-6dc33d232690
۷۲ج۵۷۳-۱۷,waived,2026-07-26T07:00:56.188466+00:00,2026-07-26T12:58:49.410702+00:00,357,289166,waived,entry,exit,,0e7140ae-6140-4181-86db-55c31135081e
۸۶ق۱۷۶-۱۷,waived,2026-07-26T07:00:40.790312+00:00,2026-07-26T11:54:35.062036+00:00,293,235833,waived,entry,exit,,aaf06dbe-a42a-421f-9cee-bddf396066f5
۸۲م۸۹۶-۱۷,waived,2026-07-26T06:59:20.679887+00:00,2026-07-26T07:57:44.870947+00:00,58,40000,waived,entry,exit,,5f699089-cb2c-4bf8-bdb0-14936d2017af
۸۱م۱۹۶-۱۷,waived,2026-07-26T06:58:12.084231+00:00,2026-07-26T19:42:42.550886+00:00,764,0,waived,entry,,,79e129b2-ca52-4f09-9e1b-29ad8ae66d40
۱۹ه۳۲۴-۱۷,waived,2026-07-26T06:57:03.243545+00:00,2026-07-26T19:42:42.550886+00:00,765,0,waived,entry,,,56ad033b-2837-45cd-83e8-145789eb7be1
۲۷ه۳۱۴-۱۷,waived,2026-07-26T06:55:49.482313+00:00,2026-07-26T19:42:42.550886+00:00,766,0,waived,entry,,,0fe38617-d330-443d-ae94-274a9ee88a44
۴۹ل۶۷۵-۱۷,waived,2026-07-26T06:55:34.171373+00:00,2026-07-26T07:13:42.233731+00:00,18,6666,waived,entry,exit,,da2c86fb-7f03-41cd-b6d2-41640330b27e
۸۹ط۱۹۹-۱۷,waived,2026-07-26T06:53:02.697805+00:00,2026-07-26T10:28:54.090462+00:00,215,170833,waived,entry,exit,,a1237931-4094-42e9-b8e7-9ed42e1f4ae5
۵۳س۲۸۶-۱۷,waived,2026-07-26T06:49:56.236064+00:00,2026-07-26T19:42:42.550886+00:00,772,0,waived,entry,,,2ed62783-7dff-4512-b9ca-56acda8cbe35
۴۱ل۷۷۵-۱۷,waived,2026-07-26T06:48:14.047248+00:00,2026-07-26T19:42:42.550886+00:00,774,0,waived,entry,,,cc27ca05-f14a-4da0-85d0-e3a23682c86c
۸۱ن۴۸۶-۱۷,waived,2026-07-26T06:48:03.111961+00:00,2026-07-26T07:27:58.473219+00:00,39,24166,waived,entry,exit,,c88e7d19-38a1-42fb-9be4-2126d29130fd
۹۳و۶۵۳-۱۷,waived,2026-07-26T06:47:23.651337+00:00,2026-07-26T09:41:53.351394+00:00,174,136666,waived,entry,exit,,45b44e4a-aa86-44ef-949b-05681d21b8d6
۱۱م۷۷۵-۱۷,waived,2026-07-26T06:46:25.367088+00:00,2026-07-26T08:37:53.403265+00:00,111,84166,waived,entry,exit,,b2c13252-ab56-4807-a5fc-16fbffc58ea4
۶۳د۹۷۸-۱۷,waived,2026-07-26T06:46:03.666335+00:00,2026-07-26T19:42:42.550886+00:00,776,0,waived,entry,,,4c8309a1-42f2-470c-ab52-9fccadb97267
۶۲۹۷۸-۱۷,waived,2026-07-26T06:46:01.320880+00:00,2026-07-26T19:42:42.550886+00:00,776,0,waived,entry,,,00a693c8-47c2-4f45-9030-c4302f55f377
۴۸س۷۸۳-۱۷,waived,2026-07-26T06:45:39.186153+00:00,2026-07-26T06:50:11.086213+00:00,4,0,waived,entry,exit,,d8622d38-b947-4dc8-b0a1-ee28c774ebaf
۲۱۱۵۸-۴۴,waived,2026-07-26T06:44:31.657112+00:00,2026-07-26T19:42:42.550886+00:00,778,0,waived,entry,,,ce7fadf0-cf0d-4444-b6c9-e8d3a87fe9d7
۲۵ی۹۲۶-۱۷,waived,2026-07-26T06:40:15.749128+00:00,2026-07-26T07:39:12.713262+00:00,58,40000,waived,entry,exit,,44d01b90-222b-4059-a084-6e9b36fdc6a4
۶۸ب۷۲۱-۳۷,waived,2026-07-26T06:39:55.895105+00:00,2026-07-26T08:09:52.289752+00:00,89,65833,waived,entry,exit,,e30bb8c5-0469-403e-b675-f16cb43a18e8
۳۵ق۳۸۲-۱۷,waived,2026-07-26T06:39:20.605880+00:00,2026-07-26T19:42:42.550886+00:00,783,0,waived,entry,,,746e9840-8a74-4b17-adf9-af5de4a05b1f
۱۹ط۷۸۱-۱۷,waived,2026-07-26T06:39:01.012879+00:00,2026-07-26T10:58:24.276650+00:00,259,207500,waived,entry,exit,,0e35f2d8-60fd-4d13-9194-92954ef4f58c
۴۶س۵۵۴-۱۷,waived,2026-07-26T06:36:56.400788+00:00,2026-07-26T19:42:42.550886+00:00,785,0,waived,entry,,,9fbe1ee6-3124-4025-ab15-9871afe31f28
۷۲ب۲۴۹-۱۷,waived,2026-07-26T06:36:38.531423+00:00,2026-07-26T06:40:28.108052+00:00,3,0,waived,entry,exit,,a3bc2539-8dd6-4a76-8f9d-afb8303c9ece
۷۱س۴۱۵-۱۷,waived,2026-07-26T06:34:56.550086+00:00,2026-07-26T19:42:42.550886+00:00,787,0,waived,entry,,,f2712cb8-2da2-456e-bb98-8d22b971ee16
۸۷ج۵۳۷-۱۷,waived,2026-07-26T06:34:39.222359+00:00,2026-07-26T19:42:42.550886+00:00,788,0,waived,entry,,,ac8ebcd5-2c59-413e-9ccb-351bc93e2649
۳۶ل۴۵۹-۱۷,waived,2026-07-26T06:34:05.907581+00:00,2026-07-26T19:42:42.550886+00:00,788,0,waived,entry,,,cded9b93-6670-4aaa-8126-da0c901dff22
۳۱ل۹۵۱-۱۷,waived,2026-07-26T06:31:54.562948+00:00,2026-07-26T10:47:24.052175+00:00,255,204166,waived,entry,exit,,6ff7d4cd-7995-4c6e-b658-a1769f3f8bbd
۸۸ج۳۷۵-۱۷,waived,2026-07-26T06:29:34.566319+00:00,2026-07-26T19:42:42.550886+00:00,793,0,waived,entry,,,f026ef98-1d64-42c4-8e05-9d832cac4db7
۵۲د۵۴۲-۱۷,waived,2026-07-26T06:28:52.558186+00:00,2026-07-26T06:31:26.140486+00:00,2,0,waived,entry,exit,,1f6b496f-66aa-4d63-8882-bf69c3f7c71f
۲۸س۶۶۴-۱۵,waived,2026-07-26T06:26:43.437055+00:00,2026-07-26T09:16:29.013541+00:00,169,132500,waived,entry,exit,,a6a720d3-25b6-40bc-a701-0621710cd8d8
۸۱م۲۱۴-۱۷,waived,2026-07-26T06:24:54.311711+00:00,2026-07-26T19:42:42.550886+00:00,797,0,waived,entry,,,25faa90e-36a4-4f91-bca7-3a0493b8fee3
۴۳ج۹۳۱-۱۷,waived,2026-07-26T06:22:07.734703+00:00,2026-07-26T06:47:40.483293+00:00,25,12500,waived,entry,exit,,ffdb9260-ed40-4521-97cd-7d0a4d644af5
۴۹ب۵۶۴-۱۷,waived,2026-07-26T06:18:13.923138+00:00,2026-07-26T11:08:42.523653+00:00,290,233333,waived,entry,exit,,4515daf3-70d4-44e2-a811-64d579cef878
۲۲ب۱۹۹-۱۷,waived,2026-07-26T06:14:37.855884+00:00,2026-07-26T10:51:26.539925+00:00,276,221666,waived,entry,exit,,82954093-5e97-43cf-805a-c022d260358c
۲۷م۳۶۴-۱۷,waived,2026-07-26T06:13:31.125067+00:00,2026-07-26T08:19:29.653348+00:00,125,95833,waived,entry,exit,,f136b39e-ef01-4c87-922e-a14c9073c27b
۵۴ق۷۹۳-۱۷,waived,2026-07-26T06:12:44.576143+00:00,2026-07-26T19:42:42.550886+00:00,809,0,waived,entry,,,91b528ca-708d-4570-b64c-4a7147b6b64e
۹۲ی۶۳۱-۱۷,waived,2026-07-26T06:12:02.580954+00:00,2026-07-26T09:44:57.619265+00:00,212,168333,waived,entry,exit,,edcfe15b-eb0e-4300-865f-811433c3d9cd
۵۸د۴۹۵-۱۷,waived,2026-07-26T06:10:44.753027+00:00,2026-07-26T19:42:42.550886+00:00,811,0,waived,entry,,,baf57503-e54f-4acd-8213-51659fcd5684
۷۶ن۷۶۲-۱۷,waived,2026-07-26T06:10:16.209380+00:00,2026-07-26T19:42:42.550886+00:00,812,0,waived,entry,,,d05b0c27-8dad-4ec9-af73-9259ade65f8b
۶۳س۳۳۷-۲۷,waived,2026-07-26T06:09:38.477274+00:00,2026-07-26T06:15:06.642926+00:00,5,0,waived,entry,exit,,e92f3202-cfcb-455c-b51c-feb3be2dd049
۳۷ی۶۵۶-۱۷,waived,2026-07-26T06:09:09.587291+00:00,2026-07-26T19:42:42.550886+00:00,813,0,waived,entry,,,c9b492dd-c084-4c05-8b5f-f4c62e78551c
۳۳ل۴۸۷-۱۷,waived,2026-07-26T06:07:56.434427+00:00,2026-07-26T19:42:42.550886+00:00,814,0,waived,entry,,,abe42af1-1f5c-4f7e-91b4-86ce0cdec759
۳۳ل۹۸۲-۱۷,waived,2026-07-26T06:07:49.489873+00:00,2026-07-26T06:29:45.859575+00:00,21,9166,waived,entry,exit,,ab7446cf-b3e1-4666-b20e-a8d28695e7d4
۷۳ن۱۳۹-۱۷,waived,2026-07-26T06:05:57.805086+00:00,2026-07-26T09:15:49.226751+00:00,189,149166,waived,entry,exit,,8e6f6322-6bb4-49e3-ac26-4cfaea700b9d
۵۹ج۴۷۹-۱۷,waived,2026-07-26T06:05:37.932740+00:00,2026-07-26T07:44:06.132808+00:00,98,73333,waived,entry,exit,,70d136e8-fac9-4083-95c3-0de52266958e
۵۷د۳۸۳-۱۷,waived,2026-07-26T06:02:55.469564+00:00,2026-07-26T19:42:42.550886+00:00,819,0,waived,entry,,,a76afec8-7081-449a-a058-227bd724edfc
۵۷۳۸۳-۹۷,waived,2026-07-26T06:02:53.235351+00:00,2026-07-26T19:42:42.550886+00:00,819,0,waived,entry,,,c715cae6-a2b1-4091-b79d-925b7510d70c
۸۶ب۵۸۶-۲۵,waived,2026-07-26T06:02:22.183654+00:00,2026-07-26T06:05:56.698282+00:00,3,0,waived,entry,exit,,6d3eed38-2f3d-4ea0-81ee-cdd1d0800e17
۹۵ب۸۲۸-۱۷,waived,2026-07-26T06:01:53.314666+00:00,2026-07-26T19:42:42.550886+00:00,820,0,waived,entry,,,087c801f-7590-45f6-904b-2aa03798ced9
۳۶ل۴۵۹-۱۷,waived,2026-07-26T06:01:44.702624+00:00,2026-07-26T19:42:42.550886+00:00,820,0,waived,entry,,,5c4531a8-d225-4421-b9e7-02b66656d219
۵۸م۶۵۲-۱۷,waived,2026-07-26T06:00:55.946730+00:00,2026-07-26T11:02:25.637530+00:00,301,242500,waived,entry,exit,,9197a39e-d906-4597-a94c-3579248f64c7
۷۸ل۳۳۵-۲۷,waived,2026-07-26T05:59:51.795629+00:00,2026-07-26T06:40:32.627713+00:00,40,25000,waived,entry,exit,,e4123ca8-4a15-4298-a3f2-2917e05d0db5
۱۷ج۸۹۶-۱۵,waived,2026-07-26T05:56:42.571358+00:00,2026-07-26T19:42:42.550886+00:00,825,0,waived,entry,,,c98799c2-014d-4560-a3bd-8290b5f4184f
۳۳س۶۸۹-۱۷,waived,2026-07-26T05:55:49.110102+00:00,2026-07-26T12:40:35.911681+00:00,404,328333,waived,entry,exit,,a9cc1bc8-01d4-4b23-ac55-cd9159e89bee
۳۳۶۸۹-۱۷,waived,2026-07-26T05:55:46.863457+00:00,2026-07-26T19:42:42.550886+00:00,826,0,waived,entry,,,d2c5043d-c88b-4a63-93f1-713682c3d907
۴۷ی۵۲۶-۱۷,waived,2026-07-26T05:55:07.132694+00:00,2026-07-26T10:56:45.759562+00:00,301,242500,waived,entry,exit,,98a469f9-27e7-4691-9239-363a2f17bf68
۵۵س۹۵۱-۱۷,waived,2026-07-26T05:54:34.076327+00:00,2026-07-26T11:05:42.853314+00:00,311,250833,waived,entry,exit,,f82ed10d-4ffd-4c45-b03a-37b8b1c54a10
۴۷س۵۲۴-۱۷,waived,2026-07-26T05:51:51.132185+00:00,2026-07-26T06:32:22.032907+00:00,40,25000,waived,entry,exit,,355697bb-4b42-44dc-bf29-9d269f2ce714
۳۴ی۵۴۹-۱۷,waived,2026-07-26T05:50:22.040088+00:00,2026-07-26T06:02:34.551002+00:00,12,1666,waived,entry,exit,,c9b00b96-6bc7-4b0c-86e9-63bf17cc0213
۹۹م۳۹۷-۱۷,waived,2026-07-26T05:50:13.698320+00:00,2026-07-26T19:42:42.550886+00:00,832,0,waived,entry,,,c51eb6f4-bb28-4c5b-ba04-8edafb93e09d
۸۹ی۶۸۷-۱۵,waived,2026-07-26T05:49:13.790402+00:00,2026-07-26T19:42:42.550886+00:00,833,0,waived,entry,,,82199622-1f21-4ff8-a538-4411f6f23af2
۷۱س۲۴۳-۱۷,waived,2026-07-26T05:48:13.915335+00:00,2026-07-26T19:42:42.550886+00:00,834,0,waived,entry,,,f27097ce-ff09-4459-8eae-9be3ee7bf0dc
۹۶ی۷۷۹-۱۷,waived,2026-07-26T05:47:51.702537+00:00,2026-07-26T08:59:43.476550+00:00,191,150833,waived,entry,exit,,9851ac45-a1cf-4b7a-b52f-606874cc5a06
۴۱ل۳۹۵-۹۷,waived,2026-07-26T05:41:36.518965+00:00,2026-07-26T19:42:42.550886+00:00,841,0,waived,entry,,,84522355-1044-4f0a-862d-99def81673e9
۲۹ه۵۷۵-۱۷,waived,2026-07-26T05:41:03.480735+00:00,2026-07-26T19:42:42.550886+00:00,841,0,waived,entry,,,7aa2df25-3c08-416f-a3c2-ce58b1b363b2
۴۱ج۳۴۳-۳۷,waived,2026-07-26T05:40:50.323468+00:00,2026-07-26T09:42:43.237885+00:00,241,192500,waived,entry,exit,,25153e68-8981-447a-91cb-36763dd2314c
۶۶د۵۵۳-۱۷,waived,2026-07-26T05:34:29.581705+00:00,2026-07-26T19:42:42.550886+00:00,848,0,waived,entry,,,49e67d79-17d5-4670-89b1-2bc81ca8afaf
۱۷م۲۸۴-۳۷,waived,2026-07-26T05:29:15.404420+00:00,2026-07-26T19:42:42.550886+00:00,853,0,waived,entry,,,fb3fe088-3674-4227-a50c-4f604a268790
۵۳م۶۲۱-۱۷,waived,2026-07-26T05:28:37.858365+00:00,2026-07-26T05:48:31.776265+00:00,19,7500,waived,entry,exit,,215bcf4b-a749-42ee-b0e3-9c91e02323e5
۴۹ل۶۷۵-۹۷,waived,2026-07-26T05:28:24.660339+00:00,2026-07-26T19:42:42.550886+00:00,854,0,waived,entry,,,c8436be2-db38-4427-a719-25611ff49aaf
۳۲ص۱۲۷-۱۷,waived,2026-07-26T05:27:36.307999+00:00,2026-07-26T19:42:42.550886+00:00,855,0,waived,entry,,,931d6b7e-4792-4442-8216-dce65f1bf511
۹۶ب۱۷۶-۱۷,waived,2026-07-26T05:26:14.231325+00:00,2026-07-26T19:42:42.550886+00:00,856,0,waived,entry,,,290d3e6b-0ef6-492f-872f-3dc1ac858db9
۹۳ب۴۵۷-۱۷,waived,2026-07-26T05:26:03.008571+00:00,2026-07-26T19:42:42.550886+00:00,856,0,waived,entry,,,23dad7f6-264d-4653-a463-004e6fbec01e
۹۸ل۴۱۹-۱۷,waived,2026-07-26T05:25:22.978912+00:00,2026-07-26T10:03:28.645772+00:00,278,223333,waived,entry,exit,,fa647b9b-d9fa-4e56-b810-561f66508e4a
۴۹ج۳۳۸-۱۷,waived,2026-07-26T05:24:53.911668+00:00,2026-07-26T19:42:42.550886+00:00,857,0,waived,entry,,,d24b5453-7f0d-4fcd-9ead-9474b8a3d5af
۴۱ی۵۳۵-۹۱,waived,2026-07-26T05:24:49.387746+00:00,2026-07-26T11:09:27.289999+00:00,344,278333,waived,entry,exit,,e2fbbc84-7f17-4417-849d-dd4feb213e96
۳۷م۸۹۸-۱۷,waived,2026-07-26T05:24:29.808453+00:00,2026-07-26T06:07:21.819967+00:00,42,26666,waived,entry,exit,,144fa0d9-e182-4ef5-90f8-8b62140064f3
۱۲ج۶۹۴-۱۷,waived,2026-07-26T05:23:16.729088+00:00,2026-07-26T19:42:42.550886+00:00,859,0,waived,entry,,,33852306-58f0-425e-84e9-0593166407c4
۳۱ی۴۶۵-۱۷,waived,2026-07-26T05:21:29.758368+00:00,2026-07-26T07:53:07.126308+00:00,151,117500,waived,entry,exit,,9a6de9b7-f562-4f63-91f8-dc5104589d0e
۳۳ص۷۲۷-۱۷,waived,2026-07-26T05:19:02.769868+00:00,2026-07-26T13:29:35.298340+00:00,490,400000,waived,entry,exit,,6dfb7b8f-51c9-42b9-87a6-bbbc511ea2af
۲۳ص۱۴۹-۱۷,waived,2026-07-26T05:16:57.628199+00:00,2026-07-26T19:42:42.550886+00:00,865,0,waived,entry,,,51cbc7c9-e725-4dc8-a0f5-8e8430cdb4fe
۶۱ه۴۷۴-۱۷,waived,2026-07-26T05:14:06.015912+00:00,2026-07-26T19:42:42.550886+00:00,868,0,waived,entry,,,531564a7-3a2d-4196-9cd9-1e99b7847042
۶۳ج۸۹۹-۲۷,waived,2026-07-26T05:09:49.572605+00:00,2026-07-26T07:09:57.100478+00:00,120,91666,waived,entry,exit,,3854aeee-dc16-4203-a1d3-fe522a7eb201
۸۳د۴۸۶-۱۷,waived,2026-07-26T05:08:38.780072+00:00,2026-07-26T19:42:42.550886+00:00,874,0,waived,entry,,,81b85c02-4c88-402d-8476-1331581a0720
۴۱ص۸۴۷-۱۷,waived,2026-07-26T05:07:34.047589+00:00,2026-07-26T19:42:42.550886+00:00,875,0,waived,entry,,,a608e3ea-fcf8-4ecb-8ec1-9273f038913a
۹۴ل۳۵۳-۱۷,waived,2026-07-26T05:07:23.213485+00:00,2026-07-26T11:03:12.708292+00:00,355,287500,waived,entry,exit,,1999afe1-c301-4960-ba3e-11d8e9f845ad
۱۹ق۴۷۵-۳۷,waived,2026-07-26T05:07:08.043051+00:00,2026-07-26T10:27:28.383078+00:00,320,258333,waived,entry,exit,,ef2dcb58-dd3e-4e8e-857c-28a3bbb5aa2a
۴۱ب۵۷۵-۱۷,waived,2026-07-26T05:06:34.758849+00:00,2026-07-26T19:42:42.550886+00:00,876,0,waived,entry,,,3eb1c5aa-1763-4f89-ad71-bf8c6c699b10
۷۴ه۴۲۴-۱۷,waived,2026-07-26T05:05:34.275955+00:00,2026-07-26T10:27:44.800814+00:00,322,260000,waived,entry,exit,,ae28fc3a-5f40-4408-875e-ac95fd94b4f8
۵۸ل۶۹۷-۱۷,waived,2026-07-26T05:04:18.661118+00:00,2026-07-26T11:26:54.532451+00:00,382,310000,waived,entry,exit,,cfcb223d-3e93-40ac-94b0-2702de1ab439
۴۵ط۸۴۴-۱۷,waived,2026-07-26T05:03:50.368981+00:00,2026-07-26T19:42:42.550886+00:00,878,0,waived,entry,,,08ba2443-712a-4c2c-8ae7-c3d82276e039
۴۷د۸۱۹-۱۷,waived,2026-07-26T05:03:30.507936+00:00,2026-07-26T19:42:42.550886+00:00,879,0,waived,entry,,,b98ae2a8-a0bf-48d7-9785-f00bf5689c23
۳۷ق۵۶۵-۱۷,waived,2026-07-26T05:03:10.920232+00:00,2026-07-26T05:06:42.356635+00:00,3,0,waived,entry,exit,,cd7e3754-b14d-4bd0-a969-afd292da3cd9
۲۳ن۸۲۸-۱۷,waived,2026-07-26T05:03:04.211541+00:00,2026-07-26T19:42:42.550886+00:00,879,0,waived,entry,,,2e7d2852-efb9-41b9-8d51-754403796ef7
۵۹و۴۷۴-۱۷,waived,2026-07-26T05:01:57.801435+00:00,2026-07-26T19:42:42.550886+00:00,880,0,waived,entry,,,98e0460f-08cd-4556-a23a-67b61a5dc692
۷۲ه۸۸۸-۱۷,waived,2026-07-26T05:00:40.015466+00:00,2026-07-26T19:42:42.550886+00:00,882,0,waived,entry,,,7e288902-ff93-4739-8645-5c9550c53dfb
۳۹ص۲۳۶-۱۷,waived,2026-07-26T05:00:17.581459+00:00,2026-07-26T06:50:35.736633+00:00,110,83333,waived,entry,exit,,6de35f27-e257-4f43-b935-1ce271abae7b
۹۸ی۲۱۴-۱۷,waived,2026-07-26T04:59:04.001474+00:00,2026-07-26T19:42:42.550886+00:00,883,0,waived,entry,,,51cbb574-4f64-422a-aa53-39496e0911f3
۸۶م۲۹۳-۱۷,waived,2026-07-26T04:57:50.583198+00:00,2026-07-26T08:39:40.959259+00:00,221,175833,waived,entry,exit,,049a3a69-b94d-401b-96c2-6825e25e64f7
۲۸ن۵۷۲-۱۷,waived,2026-07-26T04:57:01.895846+00:00,2026-07-26T19:42:42.550886+00:00,885,0,waived,entry,,,45938383-0dd6-4872-95dd-dda383c9dee0
۴۳م۹۴۴-۱۷,waived,2026-07-26T04:55:17.201321+00:00,2026-07-26T04:58:03.598628+00:00,2,0,waived,entry,exit,,5626bc43-ca07-49a3-8e07-8f3159947123
۱۷م۴۹۱-۳۵,waived,2026-07-26T04:54:55.063216+00:00,2026-07-26T08:34:11.660464+00:00,219,174166,waived,entry,exit,,26e9bc0c-9571-440c-a1d7-26ab9505e0c5
۵۸د۲۹۷-۲۷,waived,2026-07-26T04:54:37.686095+00:00,2026-07-26T07:44:39.746003+00:00,170,133333,waived,entry,exit,,31bf048e-4585-4714-90c5-28f397af77dd
۶۸س۳۲۲-۱۷,waived,2026-07-26T04:54:22.340404+00:00,2026-07-26T11:05:38.340056+00:00,371,300833,waived,entry,exit,,5703ad40-70bb-4041-98de-9cafe8f2afc4
۱۷م۹۵۲-۱۷,waived,2026-07-26T04:54:17.822403+00:00,2026-07-26T19:42:42.550886+00:00,888,0,waived,entry,,,b552193b-f031-4ca8-939f-f4663ae1f968
۳۳ب۶۶۵-۱۷,waived,2026-07-26T04:53:51.532846+00:00,2026-07-26T11:22:43.076217+00:00,388,315000,waived,entry,exit,,0f831fe3-d1bf-421f-a18d-2fa938d227ca
۶۲م۴۷۳-۱۷,waived,2026-07-26T04:53:40.596942+00:00,2026-07-26T19:42:42.550886+00:00,889,0,waived,entry,,,2894f5a4-ccc3-4da3-bcd4-848a60d1e1c4
۴۶ل۶۶۵-۱۷,waived,2026-07-26T04:51:58.115472+00:00,2026-07-26T10:46:50.434891+00:00,354,286666,waived,entry,exit,,179d3536-56d0-47a9-bbed-ea276dd1f578
۹۱ن۸۲۲-۱۷,waived,2026-07-26T04:51:17.811228+00:00,2026-07-26T05:02:09.963413+00:00,10,0,waived,entry,exit,,e9475c75-d2c3-4945-aa1d-aefaa6dbe860
۸۴ب۶۲۹-۱۷,waived,2026-07-26T04:50:30.786194+00:00,2026-07-26T19:42:42.550886+00:00,892,0,waived,entry,,,a0f282de-5bbf-42d3-9162-50d0fb18052b
۴۹ل۱۵۳-۱۷,waived,2026-07-26T04:49:30.863650+00:00,2026-07-26T19:42:42.550886+00:00,893,0,waived,entry,,,5fc5a478-601b-48bb-86ff-f174c9d012fc
۱۷م۹۵۲-۱۷,waived,2026-07-26T04:48:32.714207+00:00,2026-07-26T19:42:42.550886+00:00,894,0,waived,entry,,,700f9d22-811b-4b7d-8f81-e765b25d8283
۴۸ق۹۷۵-۱۷,waived,2026-07-26T04:48:21.440960+00:00,2026-07-26T19:42:42.550886+00:00,894,0,waived,entry,,,8fff4f20-6ffd-4363-b172-0ca800b6a2b5
۸۸و۲۷۲-۲۲,waived,2026-07-26T04:47:34.423231+00:00,2026-07-26T19:42:42.550886+00:00,895,0,waived,entry,,,58fc67fc-593c-4382-91ae-0af2842319a0
۹۵ل۵۲۴-۱۷,waived,2026-07-26T04:47:21.265659+00:00,2026-07-26T06:05:04.644196+00:00,77,55833,waived,entry,exit,,905523bb-967c-4a2e-b725-12a1cf7e89d9
۷۱ب۷۱۸-۱۷,waived,2026-07-26T04:46:52.728383+00:00,2026-07-26T12:03:08.002926+00:00,436,355000,waived,entry,exit,,39668f1b-835e-4119-9dae-d6a9b260625a
۶۹د۱۸۷-۱۷,waived,2026-07-26T04:45:17.224563+00:00,2026-07-26T19:42:42.550886+00:00,897,0,waived,entry,,,f1c5e775-c90d-4db1-802e-b5e8adbdb9a7
۷۹س۵۲۴-۱۷,waived,2026-07-26T04:45:06.335547+00:00,2026-07-26T10:50:40.075934+00:00,365,295833,waived,entry,exit,,509c160f-1ee6-4754-88c4-5c91490d3a6e
۱۱۱۱۲-۴۱,waived,2026-07-26T04:45:04.136512+00:00,2026-07-26T19:42:42.550886+00:00,897,0,waived,entry,,,67b369e3-d04c-42f5-ae2c-41649c94e961
۲۴ن۲۷۷-۱۷,waived,2026-07-26T04:44:37.500561+00:00,2026-07-26T19:42:42.550886+00:00,898,0,waived,entry,,,638d21c8-6d56-420e-87ce-0ed6e0cf5620
۹۹ی۵۱۳-۱۷,waived,2026-07-26T04:44:28.839260+00:00,2026-07-26T19:42:42.550886+00:00,898,0,waived,entry,,,ff5aae46-d287-478e-aa3b-9af6de0f62d1
۲۵ی۳۹۴-۱۷,waived,2026-07-26T04:43:49.077462+00:00,2026-07-26T08:11:44.321685+00:00,207,164166,waived,entry,exit,,bad284cd-fa1f-48a4-86ea-b4c6130d747c
۸۲م۳۳۴-۱۷,waived,2026-07-26T04:43:22.534181+00:00,2026-07-26T19:42:42.550886+00:00,899,0,waived,entry,,,3c1772a3-db8c-478e-ab8f-ceb7cb4c4037
۴۲ج۷۹۸-۲۵,waived,2026-07-26T04:43:16.025854+00:00,2026-07-26T19:42:42.550886+00:00,899,0,waived,entry,,,050e0ee6-9a3d-4633-9c75-8b0ef9fd20af
۲۱ل۸۲۹-۱۷,waived,2026-07-26T04:42:47.178514+00:00,2026-07-26T19:42:42.550886+00:00,899,0,waived,entry,,,44d31139-3b47-4641-832b-07ae5bc33e56
۲۴ن۲۷۷-۱۷,waived,2026-07-26T04:40:28.890301+00:00,2026-07-26T19:42:42.550886+00:00,902,0,waived,entry,,,5efa96ee-86bb-4279-b84d-1b1a63c5eb52
۹۲ه۱۴۷-۱۷,waived,2026-07-26T04:40:04.816274+00:00,2026-07-26T19:42:42.550886+00:00,902,0,waived,entry,,,2bfea04a-979e-4bbf-9f8f-e8affd6adcd4
۳۵ه۶۳۲-۱۷,waived,2026-07-26T04:39:36.018812+00:00,2026-07-26T11:37:18.911000+00:00,417,339166,waived,entry,exit,,2e68d47f-53ee-42ed-aa97-0c329792b753
۳۹ن۳۵۶-۱۷,waived,2026-07-26T04:39:27.297532+00:00,2026-07-26T10:56:12.151180+00:00,376,305000,waived,entry,exit,,5ffe6dd4-edfc-481b-9be4-3625fae162ae
۶۲و۶۴۲-۱۷,waived,2026-07-26T04:38:36.347066+00:00,2026-07-26T19:42:42.550886+00:00,904,0,waived,entry,,,30e2f9bc-d1f8-4b41-84b9-6f9f401350d7
۳۸ی۶۱۷-۱۷,waived,2026-07-26T04:37:56.615215+00:00,2026-07-26T19:42:42.550886+00:00,904,0,waived,entry,,,d1f02fd2-2432-4512-9470-cb87d607da2d
۴۵ن۲۶۹-۷۵,waived,2026-07-26T04:37:09.568897+00:00,2026-07-26T19:42:42.550886+00:00,905,0,waived,entry,,,214c936b-febd-4e6b-9aef-bf14226e256e
۳۳ل۹۸۱-۱۷,waived,2026-07-26T04:36:56.131284+00:00,2026-07-26T19:42:42.550886+00:00,905,0,waived,entry,,,ed0e23d5-1473-4d02-9d90-69acd60ca57a
۹۴ج۸۸۳-۱۷,waived,2026-07-26T04:35:42.462576+00:00,2026-07-26T19:42:42.550886+00:00,907,0,waived,entry,,,55a752f2-0b36-4c9c-a396-dc90477214c8
۷۸ی۸۵۸-۱۷,waived,2026-07-26T04:35:36.048953+00:00,2026-07-26T19:42:42.550886+00:00,907,0,waived,entry,,,05b9c62c-d6e3-4c50-a94d-46f78177f196
۴۶س۵۵۴-۱۷,waived,2026-07-26T04:35:29.434332+00:00,2026-07-26T05:08:34.090214+00:00,33,19166,waived,entry,exit,,889730e4-ac1e-4b75-8a85-85306bcb4377
۷۸ی۲۸۳-۱۷,waived,2026-07-26T04:35:14.241325+00:00,2026-07-26T11:41:42.213491+00:00,426,346666,waived,entry,exit,,4cad3ba1-253b-4b7b-a2e2-7e476d3ac36b
۱۲و۵۷۸-۱۷,waived,2026-07-26T04:34:56.310384+00:00,2026-07-26T19:42:42.550886+00:00,907,0,waived,entry,,,122387ea-017f-4063-95c0-448ab5cdb6ac
۱۴د۳۷۱-۱۷,waived,2026-07-26T04:33:45.483620+00:00,2026-07-26T19:42:42.550886+00:00,908,0,waived,entry,,,16b736d4-6467-4608-a72c-bc87b1f29979
۳۷ص۶۲۴-۱۷,waived,2026-07-26T04:33:43.246490+00:00,2026-07-26T07:42:38.920798+00:00,188,148333,waived,entry,exit,,abf1d46d-4e64-4c14-a87b-d5b7c3788df1
۳۴ق۷۳۴-۱۷,waived,2026-07-26T04:33:09.883491+00:00,2026-07-26T11:18:45.655890+00:00,405,329166,waived,entry,exit,,02c47ce6-4c35-4b0a-82af-3f46029129fe
۹۶ه۶۸۹-۱۷,waived,2026-07-26T04:33:03.262190+00:00,2026-07-26T19:42:42.550886+00:00,909,0,waived,entry,,,51cf6649-db90-4f28-8012-cbfa756059a5
۱۱ی۷۲۶-۱۷,waived,2026-07-26T04:32:52.016335+00:00,2026-07-26T19:42:42.550886+00:00,909,0,waived,entry,,,b6be1b7c-3f97-4343-99d8-8bf1a02b8beb
۲۵و۵۴۴-۱۷,waived,2026-07-26T04:32:36.392993+00:00,2026-07-26T19:42:42.550886+00:00,910,0,waived,entry,,,78d06170-6dbe-4646-9605-bc89b8674db1
۵۶ط۲۸۷-۱۷,waived,2026-07-26T04:31:56.032202+00:00,2026-07-26T19:42:42.550886+00:00,910,0,waived,entry,,,902e0dd6-4f62-41d3-abe3-9e2411f89464
۱۷س۵۸۱-۱۷,waived,2026-07-26T04:31:51.590063+00:00,2026-07-26T19:42:42.550886+00:00,910,0,waived,entry,,,7430fa83-8f44-4fa2-a095-9cf70452d551
۵۲س۴۳۳-۱۷,waived,2026-07-26T04:31:29.171398+00:00,2026-07-26T19:42:42.550886+00:00,911,0,waived,entry,,,23414d67-7c4e-4b83-8da5-eaf2f6732c20
۷۲ه۳۶۹-۱۷,waived,2026-07-26T04:30:08.631833+00:00,2026-07-26T12:04:35.367936+00:00,454,370000,waived,entry,exit,,9b0dd586-a638-469c-bace-42bbcc071612
۶۵ن۳۸۸-۱۷,waived,2026-07-26T04:29:52.877786+00:00,2026-07-26T06:05:16.374328+00:00,95,70833,waived,entry,exit,,5b001a34-0201-48e6-aafe-25a6482c3cf7
۵۳د۵۴۲-۱۷,waived,2026-07-26T04:29:34.959830+00:00,2026-07-26T19:42:42.550886+00:00,913,0,waived,entry,,,7f0acab7-1b1e-4184-93c4-82e576273a27
۱۳ه۱۷۶-۱۷,waived,2026-07-26T04:29:05.945501+00:00,2026-07-26T12:23:01.788427+00:00,473,385833,waived,entry,exit,,fe47e825-da80-449e-8deb-2dbb8192e780
۱۲ه۱۷۶-۱۲,waived,2026-07-26T04:29:03.622036+00:00,2026-07-26T19:42:42.550886+00:00,913,0,waived,entry,,,77c81350-d6d3-474d-92e3-d88ec87c78dd
۴۶د۷۱۹-۱۷,waived,2026-07-26T04:29:01.388399+00:00,2026-07-26T19:42:42.550886+00:00,913,0,waived,entry,,,ea7368b7-0b94-412a-973a-e7df5f7933cc
۱۹ه۳۲۴-۱۷,waived,2026-07-26T04:28:59.144329+00:00,2026-07-26T06:27:22.451089+00:00,118,90000,waived,entry,exit,,a5263d59-f7ff-4ede-a08b-f8e7f975242a
۱۵ی۷۲۹-۱۷,waived,2026-07-26T04:27:38.494939+00:00,2026-07-26T10:04:45.344084+00:00,337,272500,waived,entry,exit,,2a02edca-3eaa-4477-a12f-ad3b57d3a0fd
۲۲ب۳۴۵-۱۷,waived,2026-07-26T04:27:11.615946+00:00,2026-07-26T06:15:44.755506+00:00,108,81666,waived,entry,exit,,92756570-18a8-4017-ac6f-5462d03b74fe
۵۹ب۵۳۹-۱۷,waived,2026-07-26T04:26:53.699202+00:00,2026-07-26T19:42:42.550886+00:00,915,0,waived,entry,,,bf241296-2a46-43a9-89fa-682a9e467eef
۲۷م۳۱۱-۱۷,waived,2026-07-26T04:26:06.766698+00:00,2026-07-26T19:42:42.550886+00:00,916,0,waived,entry,,,56fe52fa-868c-489d-b625-a4cb4ed16cab
۵۵د۶۹۳-۱۷,waived,2026-07-26T04:25:55.535284+00:00,2026-07-26T10:56:59.169677+00:00,391,317500,waived,entry,exit,,c1742a20-1728-43c1-a5c8-42d119256664
۴۷د۷۹۵-۱۷,waived,2026-07-26T04:25:01.756586+00:00,2026-07-26T19:42:42.550886+00:00,917,0,waived,entry,,,da048469-46bf-43fe-8c12-5546f771e784
۷۳د۳۳۹-۱۷,waived,2026-07-26T04:24:55.067784+00:00,2026-07-26T11:30:19.467296+00:00,425,345833,waived,entry,exit,,3e1d347a-ead0-4dc9-9135-7f5f63198aa6
۷۹ل۴۱۴-۱۷,waived,2026-07-26T04:24:52.777820+00:00,2026-07-26T19:42:42.550886+00:00,917,0,waived,entry,,,ac265ed7-382e-4083-9cc9-a4028b8a14fa
۸۷ب۱۴۷-۲۷,waived,2026-07-26T04:24:46.047992+00:00,2026-07-26T11:47:11.999367+00:00,442,360000,waived,entry,exit,,a2ee76e1-97b0-41c4-b03d-d337bbbd1515
۵۴ب۷۳۶-۱۷,waived,2026-07-26T04:24:05.782641+00:00,2026-07-26T11:32:52.339136+00:00,428,348333,waived,entry,exit,,dd087e4e-5334-430b-a917-b736ab9411f6
۹۳د۴۸۲-۱۷,waived,2026-07-26T04:23:03.185955+00:00,2026-07-26T14:50:51.547174+00:00,627,400000,waived,entry,exit,,63b8ea9b-0288-4cb1-ba6e-f74fc3790ac6
۷۱ل۶۷۶-۱۷,waived,2026-07-26T04:22:58.608573+00:00,2026-07-26T19:42:42.550886+00:00,919,0,waived,entry,,,6af0dd6d-439a-4adc-8948-cc2119bf724f
۸۲ق۷۴۲-۳۵,waived,2026-07-26T04:22:54.370205+00:00,2026-07-26T10:25:33.839443+00:00,362,293333,waived,entry,exit,,71af48c4-8053-4830-8863-8489e8edd55c
۴۱س۹۱۲-۱۷,waived,2026-07-26T04:22:47.635351+00:00,2026-07-26T19:42:42.550886+00:00,919,0,waived,entry,,,c2cc00b1-ff5c-4f78-afc9-4a66b2e7a006
۳۲ه۸۶۴-۱۷,waived,2026-07-26T04:22:43.147349+00:00,2026-07-26T14:08:12.086557+00:00,585,400000,waived,entry,exit,,97371875-453d-405d-809f-25d8e5d3289e
۵۶م۱۲۹-۱۷,waived,2026-07-26T04:22:00.882832+00:00,2026-07-26T19:42:42.550886+00:00,920,0,waived,entry,,,f2c98691-4787-4725-b31e-00e8cbc3398c
۳۶ب۹۸۳-۱۷,waived,2026-07-26T04:21:56.406140+00:00,2026-07-26T10:53:01.174516+00:00,391,317500,waived,entry,exit,,fc746fbf-add6-463e-9bce-bde69897f8ef
۵۵م۳۹۹-۱۵,waived,2026-07-26T04:21:22.811547+00:00,2026-07-26T14:33:05.940526+00:00,611,400000,waived,entry,exit,,9d6c00f7-7483-4dcc-8c83-8b7c95319524
۲۹ص۶۴۷-۳۵,waived,2026-07-26T04:20:53.694642+00:00,2026-07-26T14:16:37.751958+00:00,595,400000,waived,entry,exit,,7de3b7ca-fcd6-4985-ac9c-74c1fafbcd01
۹۳ن۳۲۳-۱۷,waived,2026-07-26T04:20:20.366593+00:00,2026-07-26T19:42:42.550886+00:00,922,0,waived,entry,,,89187e53-70b1-4e79-a7cc-7fac24d0c990
۷۸ص۳۶۴-۱۷,waived,2026-07-26T04:20:15.919532+00:00,2026-07-26T19:42:42.550886+00:00,922,0,waived,entry,,,7564a949-ef7a-480b-8e97-4a59abbd524a
۶۳د۶۹۹-۱۷,waived,2026-07-26T04:20:13.697784+00:00,2026-07-26T19:42:42.550886+00:00,922,0,waived,entry,,,b4da5db7-7c1b-41cd-aa74-cf9ed07a72ff
۴۷ی۶۳۵-۱۷,waived,2026-07-26T04:20:09.233512+00:00,2026-07-26T08:31:08.601892+00:00,250,200000,waived,entry,exit,,ca0228b3-1f10-4362-831c-441bb648e4ee
۳۸ن۸۲۶-۱۷,waived,2026-07-26T04:19:56.075763+00:00,2026-07-26T14:59:53.630135+00:00,639,400000,waived,entry,exit,,5a7e8363-6a20-4062-84ff-bfd41f5b607d
۹۷ی۲۷۲-۱۷,waived,2026-07-26T04:18:42.669689+00:00,2026-07-26T10:44:58.416048+00:00,386,313333,waived,entry,exit,,f5d2a2da-4236-48de-a16d-e296f4b3bb19
۲۵ل۸۷۹-۱۷,waived,2026-07-26T04:18:28.946449+00:00,2026-07-26T19:42:42.550886+00:00,924,0,waived,entry,,,1a1afbcb-49e5-41a7-a84f-10c6415039fd
۹۹ن۳۳۲-۱۷,waived,2026-07-26T04:18:22.373690+00:00,2026-07-26T09:11:18.217669+00:00,292,235000,waived,entry,exit,,4ea9f47b-e5d0-41a0-9754-fe5394a005f4
۲۲ط۹۹۳-۳۵,waived,2026-07-26T04:18:13.372457+00:00,2026-07-26T13:55:49.099152+00:00,577,400000,waived,entry,exit,,9062c9ae-a7de-4581-8fcb-0f2c8b253097
۴۴ه۷۵۵-۱۷,waived,2026-07-26T04:18:06.902167+00:00,2026-07-26T19:42:42.550886+00:00,924,0,waived,entry,,,354227b6-cbed-4f89-ac99-78e799dcea69
۳۳و۸۵۲-۱۷,waived,2026-07-26T04:17:24.528318+00:00,2026-07-26T19:42:42.550886+00:00,925,0,waived,entry,,,cd4f3a33-2b15-43e7-a835-3c0b37b3327c
۷۷س۹۱۶-۱۷,waived,2026-07-26T04:17:06.696741+00:00,2026-07-26T19:42:42.550886+00:00,925,0,waived,entry,,,63f8fca5-74a8-4aff-a3c5-a9caab2492c1
۵۷ن۵۸۸-۱۷,waived,2026-07-26T04:16:26.578396+00:00,2026-07-26T11:26:14.214389+00:00,429,349166,waived,entry,exit,,317ad6b4-b381-4e87-966d-d6df6d1f4825
۲۵ق۳۴۶-۱۷,waived,2026-07-26T04:16:17.619428+00:00,2026-07-26T19:42:42.550886+00:00,926,0,waived,entry,,,37c66bb3-c52e-479b-a34f-91cf75c0a031
۸۲و۳۸۴-۱۷,waived,2026-07-26T04:15:52.971638+00:00,2026-07-26T19:42:42.550886+00:00,926,0,waived,entry,,,ebf8975d-3628-45e1-95fc-5738cfe581d7
۴۸ج۲۱۱-۲۷,waived,2026-07-26T04:15:23.859186+00:00,2026-07-26T10:46:59.376287+00:00,391,317500,waived,entry,exit,,38092741-9dc4-48f5-9e44-204df50beb2f
۳۷و۷۲۵-۱۷,waived,2026-07-26T04:14:48.011718+00:00,2026-07-26T19:42:42.550886+00:00,927,0,waived,entry,,,2d09665b-e60f-4327-9494-5a5ec6c69448
۸۵ق۱۵۷-۱۷,waived,2026-07-26T04:14:43.524408+00:00,2026-07-26T19:42:42.550886+00:00,927,0,waived,entry,,,6a48e38f-c2fa-4384-9799-548517eb6aa4
۵۴ب۲۶۵-۹۷,waived,2026-07-26T04:14:30.114324+00:00,2026-07-26T19:42:42.550886+00:00,928,0,waived,entry,,,72750acb-0fa3-446e-86c3-11e4ee72ef8d
۲۵ل۵۹۹-۱۷,waived,2026-07-26T04:14:25.643290+00:00,2026-07-26T19:42:42.550886+00:00,928,0,waived,entry,,,77dfd31e-f2ab-4dc9-8541-f7540370a035
۷۳ل۲۴۱-۲۵,waived,2026-07-26T04:13:56.493102+00:00,2026-07-26T19:42:42.550886+00:00,928,0,waived,entry,,,efb835cb-bb33-4795-9ac2-47a5a33493d8
۹۱ی۱۷۴-۱۷,waived,2026-07-26T04:13:49.807952+00:00,2026-07-26T14:50:39.211248+00:00,636,400000,waived,entry,exit,,38210b5c-8781-4e59-ba73-40b96a1a7f56
۴۱م۹۴۳-۱۷,waived,2026-07-26T04:13:11.432799+00:00,2026-07-26T10:59:15.828213+00:00,406,330000,waived,entry,exit,,c520e1c9-7959-43c5-8032-f8cc515828a5
۲۳ص۱۴۹-۱۷,waived,2026-07-26T04:12:15.447451+00:00,2026-07-26T19:42:42.550886+00:00,930,0,waived,entry,,,8460d3ff-606b-4bcb-afc1-163076aa95a4
۱۴ط۳۲۷-۱۷,waived,2026-07-26T04:11:32.865249+00:00,2026-07-26T10:54:58.228075+00:00,403,327500,waived,entry,exit,,0054db6b-2be0-4397-a08d-26fa4cccdbc6
۳۹ج۴۲۸-۹۷,waived,2026-07-26T04:11:26.155048+00:00,2026-07-26T19:42:42.550886+00:00,931,0,waived,entry,,,0c56af35-b23c-44aa-8c93-b85f998ff61c
۳۴م۳۷۸-۱۷,waived,2026-07-26T04:11:03.847073+00:00,2026-07-26T09:40:26.029999+00:00,329,265833,waived,entry,exit,,7d68d50d-cca1-4dc8-81bb-ecfbb4ff2b91
۷۸ی۳۳۸-۱۷,waived,2026-07-25T16:22:54.924750+00:00,2026-07-25T20:18:49.856686+00:00,235,0,waived,entry,,,5fe6afb4-972a-470d-b377-e0c3a355ee60
۲۸ب۶۷۲-۱۷,waived,2026-07-25T16:08:52.037832+00:00,2026-07-25T20:18:49.856686+00:00,249,0,waived,entry,,,8046babc-0b05-4cf7-935c-04a5ee5b41cd
۵۲د۵۴۲-۱۷,waived,2026-07-25T15:41:19.461234+00:00,2026-07-25T15:46:54.593681+00:00,5,0,waived,entry,exit,,3235a5f8-57ff-480f-a770-d584e2fd8c4c
۶۶ت۲۹۲-۱۷,waived,2026-07-25T15:30:15.577523+00:00,2026-07-25T15:33:56.548667+00:00,3,0,waived,entry,exit,,35bfc730-f443-4cdc-b8a2-1780a1c7e91b
۴۲ق۷۲۲-۳۷,waived,2026-07-25T15:20:39.931460+00:00,2026-07-25T15:25:07.871081+00:00,4,0,waived,entry,exit,,6918f4eb-b5c0-4f2b-8f6f-543a648df4fb
۹۷و۲۳۳-۱۷,waived,2026-07-25T15:06:43.309349+00:00,2026-07-25T20:18:49.856686+00:00,312,0,waived,entry,,,31243042-f53f-4ec1-a92f-1fc79fe67582
۶۲و۱۶۵-۱۷,waived,2026-07-25T14:51:40.232174+00:00,2026-07-25T15:03:51.692164+00:00,12,1666,waived,entry,exit,,ed7178a2-2a7f-4f80-b268-4b3b6b2b3f67
۵۲م۶۸۲-۱۷,waived,2026-07-25T14:42:09.837850+00:00,2026-07-25T14:47:19.854598+00:00,5,0,waived,entry,exit,,a842e366-3f92-4c85-8933-5655d5250861
۵۶ب۵۱۸-۱۷,waived,2026-07-25T14:40:03.075799+00:00,2026-07-25T20:18:49.856686+00:00,338,0,waived,entry,,,417cac8f-ec37-4860-ac71-d6f407345c26
۲۲و۳۴۹-۱۷,waived,2026-07-25T14:30:15.251905+00:00,2026-07-25T20:18:49.856686+00:00,348,0,waived,entry,,,baa3db20-cae1-456c-ba6a-3350633e0371
۸۲و۳۸۴-۱۷,waived,2026-07-25T14:29:04.163637+00:00,2026-07-25T20:18:49.856686+00:00,349,0,waived,entry,,,0c0ab56e-fd69-4733-8ef7-90b7a9dc020c
۴۷د۷۹۵-۱۷,waived,2026-07-25T14:18:23.193575+00:00,2026-07-25T20:18:49.856686+00:00,360,0,waived,entry,,,44ea040b-c8d6-44f2-9db0-4119b533210e
۵۳ی۳۲۸-۲۷,waived,2026-07-25T14:05:18.597719+00:00,2026-07-25T14:40:12.747677+00:00,34,20000,waived,entry,exit,,3f5c4074-b303-4f56-a6e5-3006c949d267
۸۳ی۳۲۸-۲۷,waived,2026-07-25T14:05:09.020595+00:00,2026-07-25T20:18:49.856686+00:00,373,0,waived,entry,,,33238d25-c71c-4ad9-af96-74e4449ff420
۵۳ی۳۲۸-۲۷,waived,2026-07-25T14:03:05.174195+00:00,2026-07-25T20:18:49.856686+00:00,375,0,waived,entry,,,c7ee18c8-48db-42da-b5f0-c1ae35c3caf1
۵۲د۵۴۲-۱۷,waived,2026-07-25T13:57:19.850835+00:00,2026-07-25T20:18:49.856686+00:00,381,0,waived,entry,,,d893f551-0d1c-483b-8aeb-652cdc4bb628
۷۵ی۴۷۱-۱۷,waived,2026-07-25T13:49:29.703196+00:00,2026-07-25T20:18:49.856686+00:00,389,0,waived,entry,,,ad0d2531-d972-457c-a200-3b00d1dbc251
۷۶و۵۷۸-۱۷,waived,2026-07-25T13:48:54.567521+00:00,2026-07-25T13:54:22.385799+00:00,5,0,waived,entry,exit,,0a46ce4d-40ed-4486-817e-e6f27be79140
۱۵ج۲۷۹-۱۷,waived,2026-07-25T13:47:36.880086+00:00,2026-07-25T20:18:49.856686+00:00,391,0,waived,entry,,,0d62bfa5-5ac4-4783-b4bc-d3405096fdae
۳۳ص۷۲۷-۱۷,waived,2026-07-25T13:41:42.393913+00:00,2026-07-25T13:46:57.732091+00:00,5,0,waived,entry,exit,,beb74757-d567-4894-8e14-a7619e70c1a4
۳۶ه۱۳۱-۱۷,waived,2026-07-25T13:34:18.978960+00:00,2026-07-25T20:18:49.856686+00:00,404,0,waived,entry,,,2d100352-29af-4c9a-ae69-2dae5ee1c042
۸۶ق۳۲۷-۳۷,waived,2026-07-25T13:27:46.263085+00:00,2026-07-25T13:32:11.773164+00:00,4,0,waived,entry,exit,,125f0bc6-158e-4a7c-be91-ac6fded559a7
۵۶ل۶۲۳-۱۷,waived,2026-07-25T13:26:11.039203+00:00,2026-07-25T20:18:49.856686+00:00,412,0,waived,entry,,,827b4381-0599-4ac4-8b27-4282f3d6afb9
۴۹ل۶۷۵-۱۷,waived,2026-07-25T13:22:50.835863+00:00,2026-07-25T13:29:34.975565+00:00,6,0,waived,entry,exit,,62f19620-a286-45d2-a1a8-5d02aaf4ce3f
۲۱ه۳۴۶-۱۷,waived,2026-07-25T13:17:59.955279+00:00,2026-07-25T20:18:49.856686+00:00,420,0,waived,entry,,,668e03eb-aa8f-48f4-b84d-0c44ae8206e7
۲۱ج۷۱۷-۱۷,waived,2026-07-25T13:13:05.635231+00:00,2026-07-25T20:18:49.856686+00:00,425,0,waived,entry,,,bfcc7434-435e-46db-9c28-1bee106a223c
۷۲و۴۸۳-۱۷,waived,2026-07-25T13:12:50.217327+00:00,2026-07-25T20:18:49.856686+00:00,425,0,waived,entry,,,cb792ff8-d39a-4218-b40e-d768c7642790
۴۹د۸۴۷-۱۷,waived,2026-07-25T13:12:32.618844+00:00,2026-07-25T20:18:49.856686+00:00,426,0,waived,entry,,,1eea6ce5-3137-41ca-ab51-3ee9dd7a63bc
۳۳س۶۸۹-۱۷,waived,2026-07-25T13:10:43.912469+00:00,2026-07-25T20:18:49.856686+00:00,428,0,waived,entry,,,537332be-b5e0-492c-95d4-a62b2bc31734
۴۵ن۳۴۱-۱۷,waived,2026-07-25T13:10:13.097323+00:00,2026-07-25T20:18:49.856686+00:00,428,0,waived,entry,,,c320760b-244f-4d29-9f8f-e1148a8c743e
۹۹م۹۷۵-۱۷,waived,2026-07-25T12:53:22.030292+00:00,2026-07-25T20:18:49.856686+00:00,445,0,waived,entry,,,4075bb78-f2f3-411f-8983-ac71ff162bcc
۹۷ط۳۴۱-۱۷,waived,2026-07-25T12:46:11.183724+00:00,2026-07-25T20:18:49.856686+00:00,452,0,waived,entry,,,335a47a6-30dc-4463-bdc0-7fcb9f27f705
۲۵ب۹۲۴-۱۷,waived,2026-07-25T12:40:22.526790+00:00,2026-07-25T12:52:21.594169+00:00,11,833,waived,entry,exit,,2c1f0229-8f6e-42fe-a984-526040a77f25
۲۳ن۸۲۸-۱۷,waived,2026-07-25T12:35:45.362772+00:00,2026-07-25T12:40:22.998189+00:00,4,0,waived,entry,exit,,3e31be8e-ee15-4f32-90d1-ce8427b40877
۳۷و۲۲۵-۱۷,waived,2026-07-25T12:35:36.374786+00:00,2026-07-25T20:18:49.856686+00:00,463,0,waived,entry,,,cd784fea-ee07-4d4f-9a3b-32292fb6c669
۲۴ل۷۲۴-۱۷,waived,2026-07-25T12:23:21.040937+00:00,2026-07-25T13:15:51.300859+00:00,52,35000,waived,entry,exit,,9cc09bec-558a-41ea-a047-759f18d1c911
۸۸و۲۷۲-۱۷,waived,2026-07-25T12:04:19.447004+00:00,2026-07-25T20:18:49.856686+00:00,494,0,waived,entry,,,cd82b43b-523b-4cc1-85d2-8d40799aa890
۸۸و۲۷۲-۱۷,waived,2026-07-25T11:55:38.641185+00:00,2026-07-25T20:18:49.856686+00:00,503,0,waived,entry,,,debcdd9d-1f71-456f-8c58-ab9a4603bc3a
۲۳ق۳۴۱-۳۷,waived,2026-07-25T11:48:26.092173+00:00,2026-07-25T12:09:55.292654+00:00,21,9166,waived,entry,exit,,8a6e228e-b22e-4b68-ac98-44667ac7d2a1
۴۷و۱۸۳-۱۷,waived,2026-07-25T11:43:55.295780+00:00,2026-07-25T20:18:49.856686+00:00,514,0,waived,entry,,,14b5dfa7-944c-4079-9800-be8abc00c36a
۱۴م۴۹۷-۱۷,waived,2026-07-25T11:41:28.649979+00:00,2026-07-25T20:18:49.856686+00:00,517,0,waived,entry,,,59754eb2-784f-4351-9f5c-bfa303800016
۳۸ی۶۱۷-۱۷,waived,2026-07-25T11:35:28.820384+00:00,2026-07-25T20:18:49.856686+00:00,523,0,waived,entry,,,15ca3d65-7357-4b43-b4c7-87e9aaab5bf2
۷۴ج۴۱۹-۱۷,waived,2026-07-25T11:32:26.487057+00:00,2026-07-25T12:38:27.302070+00:00,66,46666,waived,entry,exit,,8c31936f-db2b-4558-98a1-835b84b24a72
۵۲د۵۴۲-۱۷,waived,2026-07-25T11:30:21.675563+00:00,2026-07-25T20:18:49.856686+00:00,528,0,waived,entry,,,f6846616-739c-48e9-9ff4-1d303d6eb406
۷۲و۴۸۳-۱۷,waived,2026-07-25T11:22:30.955384+00:00,2026-07-25T20:18:49.856686+00:00,536,0,waived,entry,,,c7125a6b-ab44-4656-8660-3b6ed16b24a7
۷۶ط۹۳۹-۱۷,waived,2026-07-25T11:21:26.584876+00:00,2026-07-25T13:12:42.594642+00:00,111,84166,waived,entry,exit,,e0e3f3bc-b940-40c4-bbbc-3fb717abe812
۷۴ی۷۳۳-۱۷,waived,2026-07-25T11:20:22.944326+00:00,2026-07-25T20:18:49.856686+00:00,538,0,waived,entry,,,c1c19bfc-05ff-4082-903f-b740bf1bfd3a
۶۲د۹۷۸-۱۷,waived,2026-07-25T11:19:39.156457+00:00,2026-07-25T20:18:49.856686+00:00,539,0,waived,entry,,,17593e53-522a-4500-92a8-ebeb03997e4e
۵۳ص۹۵۱-۱۷,waived,2026-07-25T11:15:22.609373+00:00,2026-07-25T20:18:49.856686+00:00,543,0,waived,entry,,,22536ced-e748-4184-a559-71daae47b714
۶۶م۴۴۲-۱۷,waived,2026-07-25T11:13:22.407299+00:00,2026-07-25T13:14:28.281830+00:00,121,92500,waived,entry,exit,,12bd1e88-c2aa-4f01-a4f3-55774d49f108
۷۶ن۷۶۲-۱۷,waived,2026-07-25T11:12:54.301269+00:00,2026-07-25T20:18:49.856686+00:00,545,0,waived,entry,,,54d53989-d8cd-43c0-ba3f-683fb58a7a8f
۷۶ی۲۴۶-۱۷,waived,2026-07-25T11:11:03.262563+00:00,2026-07-25T11:16:22.559510+00:00,5,0,waived,entry,exit,,d2a13893-14c5-471d-9b60-989a3e235ba1
۷۴ی۷۳۳-۱۷,waived,2026-07-25T11:08:32.969222+00:00,2026-07-25T20:18:49.856686+00:00,550,0,waived,entry,,,7582df9b-01e7-49b3-80f8-ed4ceb0d407c
۶۲و۱۶۵-۱۷,waived,2026-07-25T11:06:15.439684+00:00,2026-07-25T11:08:24.099010+00:00,2,0,waived,entry,exit,,c5f1c2fe-7cb9-46f9-9254-3ef62b350c0d
۷۷ن۳۳۴-۱۷,waived,2026-07-25T11:05:17.593266+00:00,2026-07-25T20:18:49.856686+00:00,553,0,waived,entry,,,4712ce1c-1631-4919-b032-27ffab634a28
۳۴م۳۷۸-۱۷,waived,2026-07-25T11:04:46.703709+00:00,2026-07-25T14:01:36.959221+00:00,176,138333,waived,entry,exit,,ccb0d7fa-29da-44ce-a1be-117893c254b7
۵۲و۷۶۶-۱۷,waived,2026-07-25T11:03:39.961438+00:00,2026-07-25T20:18:49.856686+00:00,555,0,waived,entry,,,1204b86a-54f3-4501-ad98-b7a90a9c8da7
۵۲د۵۴۲-۱۷,waived,2026-07-25T11:03:24.639978+00:00,2026-07-25T20:18:49.856686+00:00,555,0,waived,entry,,,f475d7ef-8c00-4ac0-9358-ba728352aba5
۵۵س۹۵۱-۱۷,waived,2026-07-25T11:02:50.148319+00:00,2026-07-25T20:18:49.856686+00:00,555,0,waived,entry,,,965557b0-e12b-421e-b17e-f6c9331afa20
۴۵ن۳۴۱-۱۷,waived,2026-07-25T11:01:05.476544+00:00,2026-07-25T20:18:49.856686+00:00,557,0,waived,entry,,,711a2ffa-8b4d-4c6d-ba91-93beca1ae28c
۶۷د۵۵۶-۱۷,waived,2026-07-25T10:59:52.451629+00:00,2026-07-25T11:03:39.275651+00:00,3,0,waived,entry,exit,,8870891e-aea9-4b66-9258-66f0e75d9c0e
۷۲ل۷۴۱-۲۵,waived,2026-07-25T10:55:59.720112+00:00,2026-07-25T20:18:49.856686+00:00,562,0,waived,entry,,,f70290a9-9e2d-4726-b985-47ebc96a3a9a
۴۷ی۸۴۵-۱۷,waived,2026-07-25T10:54:11.364295+00:00,2026-07-25T10:57:48.757724+00:00,3,0,waived,entry,exit,,b1c9a23e-cbaf-4a1d-a69c-697fb1da9cf1
۹۴ج۸۸۳-۱۷,waived,2026-07-25T10:53:54.067740+00:00,2026-07-25T20:18:49.856686+00:00,564,0,waived,entry,,,dc8ff55d-aa4f-4444-8363-3fa7900d2a25
۱۸ب۶۷۴-۵۵,waived,2026-07-25T10:51:27.890129+00:00,2026-07-25T14:13:56.791894+00:00,202,160000,waived,entry,exit,,1d4419c0-d1cc-4e26-8e0c-258a526cc53c
۱۶ی۵۵۹-۱۷,waived,2026-07-25T10:48:32.554095+00:00,2026-07-25T10:51:56.552478+00:00,3,0,waived,entry,exit,,05b9836d-0ae2-4abb-829c-ea0c3b22e677
۸۴ل۱۳۲-۱۷,waived,2026-07-25T10:48:10.723240+00:00,2026-07-25T20:18:49.856686+00:00,570,0,waived,entry,,,6556be15-6099-46f8-abc5-e794dee37dc0
۴۷د۸۱۹-۱۷,waived,2026-07-25T10:47:02.146540+00:00,2026-07-25T20:18:49.856686+00:00,571,0,waived,entry,,,0040aced-bf45-40d4-a7f4-ff251dfe6b91
۱۸ه۵۷۱-۱۷,waived,2026-07-25T10:46:06.635843+00:00,2026-07-25T20:18:49.856686+00:00,572,0,waived,entry,,,a094388c-4c77-4bc9-b284-2f8ad733c257
۶۷ه۳۷۵-۱۷,waived,2026-07-25T10:44:27.431633+00:00,2026-07-25T20:18:49.856686+00:00,574,0,waived,entry,,,c8b0128b-552c-4839-b2d2-180f34394a37
۵۱ن۹۹۷-۱۷,waived,2026-07-25T10:43:01.985493+00:00,2026-07-25T20:18:49.856686+00:00,575,0,waived,entry,,,848d4d45-0a54-4cfd-8e62-65e68bf5e618
۷۳د۳۴۳-۱۷,waived,2026-07-25T10:42:06.398875+00:00,2026-07-25T20:18:49.856686+00:00,576,0,waived,entry,,,2fd2b880-0d38-4099-8cad-c5aec78c1864
۶۷ه۳۷۵-۱۷,waived,2026-07-25T10:39:55.692412+00:00,2026-07-25T20:18:49.856686+00:00,578,0,waived,entry,,,c2366792-0b91-4712-ae58-7d4f9fc77952
۲۱ل۸۲۱-۱۷,waived,2026-07-25T10:39:31.559902+00:00,2026-07-25T20:18:49.856686+00:00,579,0,waived,entry,,,a2665686-d546-4418-8244-3f7a6cce983e
۹۷و۲۵۱-۱۷,waived,2026-07-25T10:39:20.769986+00:00,2026-07-25T20:18:49.856686+00:00,579,0,waived,entry,,,94f6a18e-e6c6-4800-b113-78c58b68f3c3
۲۲س۲۷۷-۲۷,waived,2026-07-25T10:39:13.306063+00:00,2026-07-25T10:44:17.970471+00:00,5,0,waived,entry,exit,,d2d96a11-ba47-4ba9-882c-adae707b3d9f
۶۸م۷۶۷-۱۷,waived,2026-07-25T10:36:38.058799+00:00,2026-07-25T10:44:34.161296+00:00,7,0,waived,entry,exit,,9282358b-ffd4-41a6-9088-d214292ad8d2
۶۲ق۴۱۸-۱۷,waived,2026-07-25T10:35:44.977557+00:00,2026-07-25T20:18:49.856686+00:00,583,0,waived,entry,,,e7e1223a-3d55-45ad-bda9-1a5502487cd9
۱۵ی۷۲۹-۱۷,waived,2026-07-25T10:35:34.342014+00:00,2026-07-25T20:18:49.856686+00:00,583,0,waived,entry,,,78982d52-674c-49bc-b09f-12a4ca6b0f43
۴۷ب۵۷۴-۲۷,waived,2026-07-25T10:35:25.251054+00:00,2026-07-25T20:18:49.856686+00:00,583,0,waived,entry,,,9880ebee-87c0-404c-b2ce-f85209c2d1ca
۲۸م۸۸۳-۲۳,waived,2026-07-25T10:35:01.202954+00:00,2026-07-25T20:18:49.856686+00:00,583,0,waived,entry,,,0ec8a3f6-d74a-483f-b837-9f484d9c850b
۲۸ی۹۲۷-۱۷,waived,2026-07-25T10:33:55.107286+00:00,2026-07-25T13:43:27.131631+00:00,189,149166,waived,entry,exit,,4131bfe9-753f-46d6-baf4-bf28e6daeaf5
۲۸ن۵۷۲-۱۷,waived,2026-07-25T10:33:30.764544+00:00,2026-07-25T20:18:49.856686+00:00,585,0,waived,entry,,,ff544c51-4bdf-41e5-ba73-077e869c8b02
۴۱ه۳۴۶-۱۷,waived,2026-07-25T10:32:42.048747+00:00,2026-07-25T13:17:29.769970+00:00,164,128333,waived,entry,exit,,8afd1a54-0c9f-4317-8f69-dec5cac3ba98
۹۷ط۳۴۱-۱۷,waived,2026-07-25T10:28:39.736573+00:00,2026-07-25T20:18:49.856686+00:00,590,0,waived,entry,,,d5508985-bcf5-4259-8cda-b2f4ffb64fb5
۴۸ج۲۱۱-۲۷,waived,2026-07-25T10:26:53.421003+00:00,2026-07-25T13:12:17.891396+00:00,165,129166,waived,entry,exit,,ec146edd-15dd-46bd-80d6-a9068b5b2747
۳۴د۱۸۹-۱۷,waived,2026-07-25T10:23:24.749043+00:00,2026-07-25T12:03:55.748716+00:00,100,75000,waived,entry,exit,,2717b5eb-a643-4228-91a8-2f12b94f0b25
۳۴ب۹۵۳-۱۷,waived,2026-07-25T10:22:42.830432+00:00,2026-07-25T10:27:49.437683+00:00,5,0,waived,entry,exit,,0ff14a3b-0df4-4b7c-9df3-1009ffc5d194
۱۸ب۱۵۴-۱۷,waived,2026-07-25T10:21:47.287239+00:00,2026-07-25T11:12:32.944937+00:00,50,33333,waived,entry,exit,,c7ac64d7-4452-4ff1-9c8d-ed68c436e4b6
۹۶ب۱۷۶-۱۷,waived,2026-07-25T10:20:47.417873+00:00,2026-07-25T20:18:49.856686+00:00,598,0,waived,entry,,,c18257fe-f1a2-4baf-b152-e78ca26e0934
۷۷ن۳۳۴-۱۷,waived,2026-07-25T10:20:03.119039+00:00,2026-07-25T10:22:35.667312+00:00,2,0,waived,entry,exit,,c3f6f171-c414-4251-b488-7bdec377941d
۹۲ه۱۴۷-۱۷,completed,2026-07-25T10:18:08.139775+00:00,2026-07-25T15:55:35.205578+00:00,337,272500,cash,entry,exit,,615fe379-dbdf-4082-9fc6-e904d7efbb37
۴۲ه۱۴۷-۱۲,waived,2026-07-25T10:18:05.867483+00:00,2026-07-25T20:18:49.856686+00:00,600,0,waived,entry,,,cdb01f7f-fd09-47c3-b0d8-c5b3e8c0fbad
۸۱ه۱۳۵-۱۷,waived,2026-07-25T10:17:20.053499+00:00,2026-07-25T11:42:53.885520+00:00,85,62500,waived,entry,exit,,b4222c1b-a35f-4714-8063-68198d384724
۲۵ی۹۲۶-۱۷,waived,2026-07-25T10:17:15.444333+00:00,2026-07-25T11:17:38.723572+00:00,60,41666,waived,entry,exit,,3be790f2-fcab-43a0-91d4-3760f60d9002
۵۶ل۶۲۳-۱۷,waived,2026-07-25T10:14:50.940184+00:00,2026-07-25T20:18:49.856686+00:00,603,0,waived,entry,,,1a4896ec-0019-49f9-b592-5e22e3e44d4b
۲۹ی۹۴۸-۱۷,waived,2026-07-25T10:10:10.271056+00:00,2026-07-25T14:24:17.899703+00:00,254,203333,waived,entry,exit,,0dd00249-5e17-4d5a-a9c7-42bb60cac30a
۲۳ی۹۵۶-۱۷,waived,2026-07-25T10:09:30.720337+00:00,2026-07-25T20:18:49.856686+00:00,609,0,waived,entry,,,c4f8e29d-33e5-45b6-8584-f0c5c7a4d098
۲۴ی۷۷۹-۱۷,waived,2026-07-25T10:08:37.144927+00:00,2026-07-25T10:11:04.870179+00:00,2,0,waived,entry,exit,,13805fe7-f240-413d-8821-61c70662497f
۱۹ن۹۱۷-۱۷,waived,2026-07-25T10:07:53.304133+00:00,2026-07-25T20:18:49.856686+00:00,610,0,waived,entry,,,18c8c797-5983-46e8-9f6a-6ac2dfff8257
۱۹ق۹۱۷-۱۷,waived,2026-07-25T10:06:02.011298+00:00,2026-07-25T20:18:49.856686+00:00,612,0,waived,entry,,,661dbe82-8dd7-40ca-833e-cb5ec1c4b969
۱۹ن۹۱۷-۱۷,waived,2026-07-25T10:05:25.735415+00:00,2026-07-25T20:18:49.856686+00:00,613,0,waived,entry,,,b9cdc890-aabe-4414-b3fb-90e32e2f7dc8
۹۵د۸۸۵-۱۷,waived,2026-07-25T10:05:09.872051+00:00,2026-07-25T12:01:58.787050+00:00,116,88333,waived,entry,exit,,38f34c7c-9b8e-4b48-b570-45e6267a9d66
۵۳م۶۲۱-۱۷,waived,2026-07-25T10:05:00.412867+00:00,2026-07-25T10:41:54.289168+00:00,36,21666,waived,entry,exit,,fe8be533-9fb4-4d1f-ba82-1ae9e056e5e5
۴۷و۱۸۳-۱۷,waived,2026-07-25T10:02:25.046504+00:00,2026-07-25T20:18:49.856686+00:00,616,0,waived,entry,,,7fff6301-9eeb-42a7-abba-61d1c6b31559
۵۷ه۶۱۱-۱۷,waived,2026-07-25T10:02:18.181701+00:00,2026-07-25T11:45:25.909937+00:00,103,77500,waived,entry,exit,,bd562dc2-d77e-4b89-aa7f-486348da0990
۱۸و۵۵۱-۱۷,waived,2026-07-25T10:01:51.987303+00:00,2026-07-25T20:18:49.856686+00:00,616,0,waived,entry,,,45eebb1e-722f-47ca-aca3-20f64484d4d0
۴۹س۶۲۳-۱۷,waived,2026-07-25T10:00:18.240919+00:00,2026-07-25T12:03:12.634646+00:00,122,93333,waived,entry,exit,,5a3400f6-58f0-41a3-ae8e-a018d2273b1f
۳۱ط۱۵۴-۲۷,waived,2026-07-25T09:46:42.090940+00:00,2026-07-25T20:18:49.856686+00:00,632,0,waived,entry,,,492b4272-183c-411b-a7c3-3d9e363ee605
۷۶و۹۴۸-۱۷,waived,2026-07-25T09:33:46.859981+00:00,2026-07-25T10:39:30.890815+00:00,65,45833,waived,entry,exit,,24901364-5cdc-418e-a149-e363dce15a81
۹۷د۵۵۲-۱۷,waived,2026-07-25T09:31:55.586585+00:00,2026-07-25T20:18:49.856686+00:00,646,0,waived,entry,,,8018680f-bd6a-43a1-a488-fb273438e63f
۸۴ط۳۸۹-۱۷,waived,2026-07-25T09:29:36.245471+00:00,2026-07-25T09:33:43.552252+00:00,4,0,waived,entry,exit,,f3d2e869-5dc2-40f3-8ae4-ae0aba98a3df
۳۳ی۵۱۶-۱۷,waived,2026-07-25T09:28:06.642000+00:00,2026-07-25T20:18:49.856686+00:00,650,0,waived,entry,,,e75d9d5c-42fb-4861-8cfa-a0ab57d5f756
۳۵ق۴۱۳-۸۷,waived,2026-07-25T09:27:02.905752+00:00,2026-07-25T20:18:49.856686+00:00,651,0,waived,entry,,,e6e63c9e-233c-489f-97e8-4a4775573d6c
۵۸ه۵۳۲-۱۷,waived,2026-07-25T09:26:56.470576+00:00,2026-07-25T20:18:49.856686+00:00,651,0,waived,entry,,,cec59b91-b77a-4693-8ad2-f8c300a3e59b
۲۵ط۵۵۶-۱۷,waived,2026-07-25T09:25:31.497370+00:00,2026-07-25T11:26:36.866911+00:00,121,92500,waived,entry,exit,,1343157a-2f14-4587-b39b-3e456a18bf4b
۷۴ه۴۲۴-۱۷,waived,2026-07-25T09:24:40.295482+00:00,2026-07-25T20:18:49.856686+00:00,654,0,waived,entry,,,176eb269-ca73-4aed-b66d-9ad08f6aa668
۸۱و۱۳۳-۱۷,waived,2026-07-25T09:23:27.201296+00:00,2026-07-25T20:18:49.856686+00:00,655,0,waived,entry,,,a967edf8-5a6f-4773-9848-f41f2d5de584
۸۸ج۳۴۳-۱۷,waived,2026-07-25T09:18:32.612261+00:00,2026-07-25T20:18:49.856686+00:00,660,0,waived,entry,,,69aaf277-c76a-4161-bde9-12c28e0fe312
۷۳د۳۴۳-۱۷,waived,2026-07-25T09:13:39.514484+00:00,2026-07-25T20:18:49.856686+00:00,665,0,waived,entry,,,d24dcfce-2a8d-4309-be26-2d7b8d455c2b
۲۲ن۹۴۲-۱۵,waived,2026-07-25T09:12:24.155937+00:00,2026-07-25T11:52:09.603814+00:00,159,124166,waived,entry,exit,,e7e691b2-070b-4481-8159-c8f0ab4e78b6
۴۸و۷۳۲-۱۷,waived,2026-07-25T09:10:28.633794+00:00,2026-07-25T10:22:26.463977+00:00,71,50833,waived,entry,exit,,42644dfa-ef1f-47aa-9ee5-0f214cfbcf9c
۲۶ج۵۷۹-۱۷,waived,2026-07-25T09:10:13.409395+00:00,2026-07-25T20:18:49.856686+00:00,668,0,waived,entry,,,84061d4a-1db8-4cc4-9905-8aa890998cf8
۴۹ل۶۷۵-۱۷,waived,2026-07-25T09:09:15.971527+00:00,2026-07-25T10:25:03.673535+00:00,75,54166,waived,entry,exit,,8efacf94-b4dd-4210-b5d0-6442559d4ad8
۱۹ط۷۸۱-۱۷,waived,2026-07-25T09:05:23.848724+00:00,2026-07-25T10:56:08.205882+00:00,110,83333,waived,entry,exit,,3ef5f324-a8d2-4c75-84da-932c57cff3fc
۱۱ل۳۴۷-۱۷,waived,2026-07-25T09:03:02.424446+00:00,2026-07-25T09:07:30.505709+00:00,4,0,waived,entry,exit,,7004304f-a7b1-40fa-80b4-1d5a2f01640f
۹۷و۲۵۱-۱۷,waived,2026-07-25T08:59:36.666387+00:00,2026-07-25T10:30:15.027431+00:00,90,66666,waived,entry,exit,,7e30e0d9-dd44-4f63-8f7e-bb03eb78c645
۲۹ه۵۷۵-۱۷,waived,2026-07-25T08:58:35.174584+00:00,2026-07-25T11:19:55.361008+00:00,141,109166,waived,entry,exit,,ba9f5eaf-3099-4be4-b342-2dceb4ca63eb
۱۳م۹۹۵-۲۷,waived,2026-07-25T08:58:28.419179+00:00,2026-07-25T20:18:49.856686+00:00,680,0,waived,entry,,,671d4c90-d8c4-413b-b620-ff4c31e87bd4
۳۸س۳۲۵-۲۵,waived,2026-07-25T08:57:11.438632+00:00,2026-07-25T11:44:56.795749+00:00,167,130833,waived,entry,exit,,29667064-245e-4bd2-93f2-8d68d43af130
۸۸ق۸۹۸-۹۹,waived,2026-07-25T08:55:49.782385+00:00,2026-07-25T09:02:03.448602+00:00,6,0,waived,entry,exit,,39258c56-2649-424d-acdd-b2ae50ae2ea2
۸۲ع۸۱۶-۱۷,waived,2026-07-25T08:47:22.502418+00:00,2026-07-25T20:18:49.856686+00:00,691,0,waived,entry,,,fd203353-35c9-400b-beca-9676f9b9a4c8
۵۵د۷۳۴-۱۷,waived,2026-07-25T08:46:03.194651+00:00,2026-07-25T10:00:41.543278+00:00,74,53333,waived,entry,exit,,76414d04-ddb5-473c-b61b-4b48a8299e0f
۹۱ج۷۵۷-۱۷,waived,2026-07-25T08:46:00.811537+00:00,2026-07-25T20:18:49.856686+00:00,692,0,waived,entry,,,8173e329-645b-429d-9e71-3a365210b2f1
۵۵د۷۲۴-۱۷,waived,2026-07-25T08:43:57.038242+00:00,2026-07-25T20:18:49.856686+00:00,694,0,waived,entry,,,19f309ab-c468-4e89-98bf-d60581319946
۷۹ن۵۶۶-۱۷,waived,2026-07-25T08:39:16.279232+00:00,2026-07-25T08:48:14.651359+00:00,8,0,waived,entry,exit,,1a797bd3-75a9-4997-b47b-4fd9f48081f6
۳۴ن۹۴۸-۱۷,waived,2026-07-25T08:39:09.939599+00:00,2026-07-25T20:18:49.856686+00:00,699,0,waived,entry,,,646f313f-0208-4b35-9555-f7945c7a2f7f
۲۴ن۹۴۸-۱۷,waived,2026-07-25T08:39:00.929974+00:00,2026-07-25T08:42:26.138211+00:00,3,0,waived,entry,exit,,d6288a1d-2c39-40c1-bcb6-c6fde0c79f7d
۹۷و۲۳۳-۱۷,waived,2026-07-25T08:37:01.755475+00:00,2026-07-25T20:18:49.856686+00:00,701,0,waived,entry,,,49c70e30-f385-4240-87a6-5e9e78f695a4
۲۴ل۷۲۴-۱۷,waived,2026-07-25T08:35:57.702259+00:00,2026-07-25T10:04:45.690281+00:00,88,65000,waived,entry,exit,,7d5f6097-c775-4e2f-84a1-9eb36bb08f44
۴۹ل۶۷۵-۱۷,waived,2026-07-25T08:35:26.647417+00:00,2026-07-25T08:38:51.398221+00:00,3,0,waived,entry,exit,,012ed69e-6d33-4891-bf93-f907ed65a4cf
۴۵ن۳۴۱-۱۷,waived,2026-07-25T08:34:21.918166+00:00,2026-07-25T09:59:45.501798+00:00,85,62500,waived,entry,exit,,911d7728-0e97-4a7d-9d63-2e23893d1520
۶۲ی۹۹۳-۱۷,waived,2026-07-25T08:33:14.959143+00:00,2026-07-25T20:18:49.856686+00:00,705,0,waived,entry,,,59f52e7a-42f8-48ee-8e1f-4ab11655b24b
۳۹د۴۶۶-۱۷,waived,2026-07-25T08:29:58.205094+00:00,2026-07-25T08:55:47.116947+00:00,25,12500,waived,entry,exit,,2580ad61-c97e-4610-9854-ca5a32732158
۶۶م۴۴۲-۱۷,waived,2026-07-25T08:29:51.459557+00:00,2026-07-25T10:00:46.092405+00:00,90,66666,waived,entry,exit,,144bfb67-a59a-4cd1-924a-f9e0f5e42272
۲۹ه۸۶۱-۱۷,waived,2026-07-25T08:28:18.706714+00:00,2026-07-25T13:09:18.680898+00:00,280,225000,waived,entry,exit,,9c3c5e6a-fa63-41c9-8e0b-a4421a8d4497
۴۴و۴۷۹-۱۷,waived,2026-07-25T08:26:05.968327+00:00,2026-07-25T11:55:51.386552+00:00,209,165833,waived,entry,exit,,6b265cd8-c803-4d9f-ab97-50cf857e29c5
۷۳ج۱۱۷-۱۷,waived,2026-07-25T08:25:43.957991+00:00,2026-07-25T20:18:49.856686+00:00,713,0,waived,entry,,,be5663be-3a93-4682-a97b-9f67ebb250f8
۷۳ه۱۱۷-۱۷,waived,2026-07-25T08:25:39.220697+00:00,2026-07-25T08:32:05.271518+00:00,6,0,waived,entry,exit,,8dbf9428-065c-4926-8e38-743f787c504f
۴۳ص۴۱۹-۱۷,waived,2026-07-25T08:21:22.068341+00:00,2026-07-25T20:18:49.856686+00:00,717,0,waived,entry,,,c23e6e10-1d2e-45ca-9eca-bf6d50fcbc45
۵۱ج۳۶۹-۲۷,waived,2026-07-25T08:21:11.164527+00:00,2026-07-25T08:24:53.536513+00:00,3,0,waived,entry,exit,,23abfb03-f5f9-42d5-b0cc-34967f9d9995
۴۱ه۱۳۵-۱۷,waived,2026-07-25T08:19:27.043583+00:00,2026-07-25T09:13:33.916726+00:00,54,36666,waived,entry,exit,,e7591067-c386-469f-a51e-e9e3ae86b1be
۷۹ج۷۱۹-۱۷,waived,2026-07-25T08:17:36.105161+00:00,2026-07-25T20:18:49.856686+00:00,721,0,waived,entry,,,321b00e8-9779-42d3-b0f7-c0764258f8b9
۹۵ی۵۵۱-۱۷,waived,2026-07-25T08:17:05.337095+00:00,2026-07-25T20:18:49.856686+00:00,721,0,waived,entry,,,4b215a00-735f-4f66-8b75-d43c672e4942
۳۴ی۷۲۱-۱۷,waived,2026-07-25T08:15:30.390786+00:00,2026-07-25T20:18:49.856686+00:00,723,0,waived,entry,,,7af6233d-3343-4c08-bce4-61f0f4a2b4ac
۸۵ب۶۴۸-۱۷,waived,2026-07-25T08:15:03.860719+00:00,2026-07-25T09:02:52.691990+00:00,47,30833,waived,entry,exit,,61501ac4-4aa7-405f-a54c-e6cd120e6597
۹۳ه۸۴۱-۱۲,waived,2026-07-25T08:14:48.385601+00:00,2026-07-25T20:18:49.856686+00:00,724,0,waived,entry,,,e27f0d4a-3653-4a77-a2ea-413f3fef7bcc
۸۱ه۸۳۳-۶۰,waived,2026-07-25T08:13:35.317719+00:00,2026-07-25T11:23:35.422485+00:00,190,150000,waived,entry,exit,,58e2bc34-8f3a-4434-8f8f-8caca181903a
۳۴ب۹۵۳-۱۷,waived,2026-07-25T08:12:31.208686+00:00,2026-07-25T08:54:46.608580+00:00,42,26666,waived,entry,exit,,c594b0fd-c89f-464c-a223-fce843ac9589
۹۶و۹۱۱-۱۷,waived,2026-07-25T08:10:42.547166+00:00,2026-07-25T10:01:44.233857+00:00,111,84166,waived,entry,exit,,8c2c1d60-6039-4822-a82e-1bf981e6fc95
۷۲و۴۸۳-۱۷,waived,2026-07-25T08:10:02.905636+00:00,2026-07-25T09:58:51.832011+00:00,108,81666,waived,entry,exit,,856b5986-5c8d-4a20-b5e4-11e3ac819d0b
۲۷ی۶۲۵-۱۷,waived,2026-07-25T08:07:41.974896+00:00,2026-07-25T08:53:12.561309+00:00,45,29166,waived,entry,exit,,5c26413a-d7aa-480d-8280-3248f51ccfa8
۱۴۷۲۸-۱۷,waived,2026-07-25T08:06:04.774070+00:00,2026-07-25T20:18:49.856686+00:00,732,0,waived,entry,,,12ccfcf9-c2e1-4250-a497-f9dc67ec4683
۴۹ل۶۷۵-۱۷,waived,2026-07-25T08:04:51.748856+00:00,2026-07-25T20:18:49.856686+00:00,733,0,waived,entry,,,ff2e1343-2884-4737-b1ae-e363fce4b723
۷۷ی۲۶۴-۱۷,waived,2026-07-25T08:03:42.556504+00:00,2026-07-25T08:14:16.222241+00:00,10,0,waived,entry,exit,,7b0e5492-cafd-4270-9961-c7edcb7f050c
۶۲ی۹۱۱-۱۷,waived,2026-07-25T08:03:25.306571+00:00,2026-07-25T10:17:36.791394+00:00,134,103333,waived,entry,exit,,213d0f4e-c9ba-4d30-a95e-53759420f7db
۴۹ل۶۷۵-۱۷,waived,2026-07-25T08:02:20.634806+00:00,2026-07-25T20:18:49.856686+00:00,736,0,waived,entry,,,d8f296be-17db-4fc3-8be0-07936de13868
۳۲و۲۴۵-۱۷,waived,2026-07-25T07:56:18.473240+00:00,2026-07-25T09:10:30.433733+00:00,74,53333,waived,entry,exit,,531662d4-67b3-4d51-9411-58c2d8f75028
۱۱م۲۷۳-۱۷,waived,2026-07-25T07:52:47.342652+00:00,2026-07-25T07:57:42.778195+00:00,4,0,waived,entry,exit,,254d9657-cc74-4b7b-bbef-0b5071ae4af8
۲۸ی۹۸۳-۱۷,waived,2026-07-25T07:49:30.224595+00:00,2026-07-25T08:19:00.074182+00:00,29,15833,waived,entry,exit,,7456efe4-53f5-432a-8f53-d318e5682a05
۵۷ی۴۸۴-۱۷,waived,2026-07-25T07:48:52.407174+00:00,2026-07-25T20:18:49.856686+00:00,749,0,waived,entry,,,6a5746a5-90db-4521-bf0c-8f21bc257743
۵۲س۵۵۳-۱۷,waived,2026-07-25T07:46:36.861862+00:00,2026-07-25T20:18:49.856686+00:00,752,0,waived,entry,,,4a089d34-60c8-4991-926b-db5c6c958e4a
۲۲ی۵۶۱-۱۷,waived,2026-07-25T07:46:08.309771+00:00,2026-07-25T08:37:27.879982+00:00,51,34166,waived,entry,exit,,af9e36b7-a9cb-4294-aa01-617f8d6dba8d
۸۲ی۲۹۷-۶۰,waived,2026-07-25T07:45:21.874679+00:00,2026-07-25T09:09:25.569364+00:00,84,61666,waived,entry,exit,,35d56340-82f3-4b4e-a5a8-0b3b655126ae
۵۷ی۴۸۴-۱۷,waived,2026-07-25T07:43:02.417884+00:00,2026-07-25T20:18:49.856686+00:00,755,0,waived,entry,,,69dfc6f2-d267-4348-a138-f1a8f9a8a81d
۴۵م۵۳۶-۱۷,waived,2026-07-25T07:42:58.071789+00:00,2026-07-25T08:29:23.441927+00:00,46,30000,waived,entry,exit,,49188f10-8b19-4d5b-868a-9e2811b14c57
۹۴د۹۷۷-۱۷,waived,2026-07-25T07:42:42.788771+00:00,2026-07-25T20:18:49.856686+00:00,756,0,waived,entry,,,7b2f8e97-7d82-4e68-9e49-8db3e15405df
۷۹ج۷۱۹-۱۷,waived,2026-07-25T07:38:53.516258+00:00,2026-07-25T20:18:49.856686+00:00,759,0,waived,entry,,,68a4a856-4e0d-4824-8284-5664ccd77605
۱۵ج۵۲۹-۱۷,waived,2026-07-25T07:38:35.587214+00:00,2026-07-25T08:07:05.012304+00:00,28,15000,waived,entry,exit,,6c5f7040-ec6c-4d91-bcda-8adddb2ba137
۳۲ی۸۹۲-۱۷,waived,2026-07-25T07:38:11.499974+00:00,2026-07-25T20:18:49.856686+00:00,760,0,waived,entry,,,85874b39-333a-4849-a866-34ff020a1e8c
۷۹ل۴۱۴-۱۷,waived,2026-07-25T07:38:06.991024+00:00,2026-07-25T20:18:49.856686+00:00,760,0,waived,entry,,,6c72ab42-a4ba-4431-9b54-86e880f8e662
۹۹د۲۱۵-۱۷,waived,2026-07-25T07:37:40.424213+00:00,2026-07-25T20:18:49.856686+00:00,761,0,waived,entry,,,806446d9-d8ac-4eff-810a-e27935e2f954
۴۸ق۹۷۵-۱۷,waived,2026-07-25T07:36:25.114889+00:00,2026-07-25T20:18:49.856686+00:00,762,0,waived,entry,,,a2e17b3e-f8e6-4bb0-9b35-6b0713e283b3
۶۱ه۴۷۴-۱۷,waived,2026-07-25T07:35:18.450373+00:00,2026-07-25T20:18:49.856686+00:00,763,0,waived,entry,,,f3ae95c4-928c-415b-9b7b-57271ed93e60
۸۸ج۳۴۳-۱۷,waived,2026-07-25T07:32:58.793519+00:00,2026-07-25T08:09:56.212735+00:00,36,21666,waived,entry,exit,,f0eb6eeb-b61e-4e5d-b4f1-1e7629471c4f
۲۵ی۳۹۴-۱۷,waived,2026-07-25T07:32:54.286708+00:00,2026-07-25T20:18:49.856686+00:00,765,0,waived,entry,,,140294b0-a5ed-43ab-9db6-e08edfa469e4
۶۸ی۱۵۹-۱۷,waived,2026-07-25T07:32:41.097024+00:00,2026-07-25T10:04:53.698777+00:00,152,118333,waived,entry,exit,,9d1f3f00-9c2d-4e6e-94c1-7f9f2d9f8b8e
۹۹د۲۱۵-۱۷,waived,2026-07-25T07:31:52.683054+00:00,2026-07-25T20:18:49.856686+00:00,766,0,waived,entry,,,26567563-053c-40c0-ae78-aa144a527304
۶۱ه۹۴۶-۱۷,waived,2026-07-25T07:28:45.928242+00:00,2026-07-25T20:18:49.856686+00:00,770,0,waived,entry,,,00b2dd9b-1110-4129-8a63-202e0a6cef0c
۱۳س۳۴۳-۱۷,waived,2026-07-25T07:28:07.785918+00:00,2026-07-25T08:18:52.320391+00:00,50,33333,waived,entry,exit,,85a0f05c-7783-4cd0-8945-167b68fa67e9
۴۱ن۵۱۲-۱۷,waived,2026-07-25T07:24:38.326700+00:00,2026-07-25T07:59:12.424393+00:00,34,20000,waived,entry,exit,,ecbb0ff9-694b-423f-948f-107468b81eca
۹۲م۸۲۴-۱۷,waived,2026-07-25T07:24:04.728950+00:00,2026-07-25T11:50:31.039389+00:00,266,213333,waived,entry,exit,,a25c4fcd-acd4-49db-8721-3a765f094b46
۷۲ه۱۱۱-۲۲,waived,2026-07-25T07:23:00.716239+00:00,2026-07-25T20:18:49.856686+00:00,775,0,waived,entry,,,58c95e52-07b3-499f-acbd-69d293b71b41
۷۴ه۸۶۱-۱۷,waived,2026-07-25T07:22:58.431301+00:00,2026-07-25T20:18:49.856686+00:00,775,0,waived,entry,,,47e8670a-7f5c-45e4-9b83-1124b67eec24
۴۱ق۷۷۴-۲۲,waived,2026-07-25T07:22:34.524784+00:00,2026-07-25T20:18:49.856686+00:00,776,0,waived,entry,,,b74e3432-c15e-49a5-aa88-c899a4741a0b
۳۴ی۷۲۱-۱۷,waived,2026-07-25T07:21:43.894859+00:00,2026-07-25T20:18:49.856686+00:00,777,0,waived,entry,,,04f8d78a-26bb-45c1-bf31-21d8458355fd
۸۵ه۵۳۵-۳۵,waived,2026-07-25T07:21:17.440100+00:00,2026-07-25T20:18:49.856686+00:00,777,0,waived,entry,,,abffae0b-64b4-47bc-9af4-f7671590d0cc
۸۵د۹۸۶-۱۷,waived,2026-07-25T07:19:35.906034+00:00,2026-07-25T07:33:04.085814+00:00,13,2500,waived,entry,exit,,38207bb0-dab4-446d-8c79-6a868fe0a25f
۶۷ل۸۹۲-۱۷,waived,2026-07-25T07:18:13.575150+00:00,2026-07-25T08:20:44.853822+00:00,62,43333,waived,entry,exit,,06cd3790-9810-4127-9678-0e382af75c7d
۵۸ی۹۶۲-۱۷,waived,2026-07-25T07:18:00.692184+00:00,2026-07-25T09:22:15.838093+00:00,124,95000,waived,entry,exit,,a9f9ffd8-f964-42ae-892d-fe72607cb1d1
۶۱ی۶۷۳-۱۷,waived,2026-07-25T07:16:58.333297+00:00,2026-07-25T09:09:38.671719+00:00,112,85000,waived,entry,exit,,43a48009-4b64-488c-9f4f-e1b06762aa08
۱۱ق۴۷۳-۱۷,waived,2026-07-25T07:16:29.975152+00:00,2026-07-25T08:32:56.817902+00:00,76,55000,waived,entry,exit,,9dec0be7-a11c-4730-af23-c0109642b902
۳۴و۹۶۲-۱۷,waived,2026-07-25T07:16:08.135718+00:00,2026-07-25T20:18:49.856686+00:00,782,0,waived,entry,,,d1377805-9af4-4275-a8fa-f00ceb2b2e38
۱۷ل۴۶۴-۱۷,waived,2026-07-25T07:15:55.036941+00:00,2026-07-25T20:18:49.856686+00:00,782,0,waived,entry,,,44b925f5-a53b-4b44-9b89-44c3a4028016
۱۷۲۸۶-۱۷,waived,2026-07-25T07:15:19.459883+00:00,2026-07-25T20:18:49.856686+00:00,783,0,waived,entry,,,0f45bfd0-a75b-4054-936a-413a60dc6930
۵۲د۵۴۲-۱۷,waived,2026-07-25T07:11:48.094332+00:00,2026-07-25T20:18:49.856686+00:00,787,0,waived,entry,,,abd9c3cb-b7ff-43a1-8c17-b0b54ba2962f
۱۱م۵۷۱-۲۷,waived,2026-07-25T07:11:21.772104+00:00,2026-07-25T07:17:51.611665+00:00,6,0,waived,entry,exit,,d9f2174f-deec-4b5f-829d-8392e245e5c3
۹۳و۲۷۳-۱۷,waived,2026-07-25T07:09:57.466847+00:00,2026-07-25T07:13:41.800913+00:00,3,0,waived,entry,exit,,debd78f2-e427-431f-bcbd-54c3fa8ee94d
۳۲ص۴۸۸-۱۷,waived,2026-07-25T07:09:35.580600+00:00,2026-07-25T08:56:38.641944+00:00,107,80833,waived,entry,exit,,a8b6d7ef-f538-4fdb-ab1d-569ab2545cca
۹۷ط۳۴۱-۱۷,waived,2026-07-25T07:07:53.772097+00:00,2026-07-25T20:18:49.856686+00:00,790,0,waived,entry,,,c4d1f383-cd91-482f-be48-5e8117085efc
۷۵و۶۴۹-۱۷,waived,2026-07-25T07:07:47.006054+00:00,2026-07-25T08:25:36.099495+00:00,77,55833,waived,entry,exit,,a35dcf9a-194f-4d45-aae7-54aa59cbaf2c
۱۷ل۴۶۴-۱۷,waived,2026-07-25T07:07:20.664820+00:00,2026-07-25T20:18:49.856686+00:00,791,0,waived,entry,,,0621d3b5-0095-4da2-a784-59993df6e0ae
۷۶د۵۱۴-۲۷,waived,2026-07-25T07:03:38.316840+00:00,2026-07-25T07:08:18.698884+00:00,4,0,waived,entry,exit,,784d5378-8bba-4d24-ae3f-ed360fd34adf
۸۲ق۷۴۲-۳۵,waived,2026-07-25T07:02:18.055093+00:00,2026-07-25T11:38:22.546735+00:00,276,221666,waived,entry,exit,,46f49117-72d8-421a-8a64-cbbabe16bea5
۲۲و۳۴۹-۱۷,waived,2026-07-25T06:59:59.395185+00:00,2026-07-25T20:18:49.856686+00:00,798,0,waived,entry,,,c0921f64-11c0-42e8-ae10-40c0b93fc3d6
۸۸ج۳۴۳-۱۷,waived,2026-07-25T06:59:35.573534+00:00,2026-07-25T07:20:31.746708+00:00,20,8333,waived,entry,exit,,16934cc5-0447-4afb-9b4a-f3c01ac0fa63
۴۳د۱۸۴-۳۷,waived,2026-07-25T06:55:26.032769+00:00,2026-07-25T08:10:05.649295+00:00,74,53333,waived,entry,exit,,982f283e-a88d-4693-ad06-d95fef0634fd
۸۳ن۹۴۸-۱۷,waived,2026-07-25T06:54:39.911900+00:00,2026-07-25T07:04:34.202370+00:00,9,0,waived,entry,exit,,e3c85f1a-35f1-4527-a731-27a7e1cf1ecb
۳۴ب۹۵۳-۱۷,waived,2026-07-25T06:53:33.591268+00:00,2026-07-25T07:29:55.491911+00:00,36,21666,waived,entry,exit,,b44e3f71-6fb3-4190-a302-c0974d4ab880
۲۴ه۵۹۶-۱۷,waived,2026-07-25T06:53:18.378405+00:00,2026-07-25T08:32:43.385821+00:00,99,74166,waived,entry,exit,,f8ee41f4-8b79-481e-9592-c9a36a230cac
۱۹و۱۸۱-۱۷,waived,2026-07-25T06:52:16.761488+00:00,2026-07-25T06:56:52.144674+00:00,4,0,waived,entry,exit,,ba1a3683-abcb-4c53-8d45-a4dd1c91a62b
۶۲ی۹۹۳-۱۷,waived,2026-07-25T06:51:25.971363+00:00,2026-07-25T20:18:49.856686+00:00,807,0,waived,entry,,,cc33115b-b7cc-4a84-a952-7192f43389ec
۱۱ل۳۴۷-۱۷,waived,2026-07-25T06:50:28.467914+00:00,2026-07-25T07:01:54.625806+00:00,11,833,waived,entry,exit,,5cf8baab-230a-4fa6-a511-53610998d45a
۵۵س۹۵۱-۱۷,waived,2026-07-25T06:50:21.220443+00:00,2026-07-25T20:18:49.856686+00:00,808,0,waived,entry,,,9e32267a-abb7-45e1-959b-8ffc99fd01ab
۹۷و۲۳۳-۱۷,waived,2026-07-25T06:50:01.806658+00:00,2026-07-25T20:18:49.856686+00:00,808,0,waived,entry,,,dc45aff1-a8ef-44b3-97d2-83004409f84b
۸۳ط۱۴۹-۳۷,waived,2026-07-25T06:49:55.171426+00:00,2026-07-25T08:15:05.592072+00:00,85,62500,waived,entry,exit,,505c1049-9dd4-40ce-91f9-a43a44a00b4a
۴۹ل۶۷۵-۱۷,waived,2026-07-25T06:45:49.251621+00:00,2026-07-25T07:44:32.073481+00:00,58,40000,waived,entry,exit,,fa39a334-556f-4b8e-9f75-b79958042cb8
۲۶ق۴۹۷-۱۷,waived,2026-07-25T06:43:38.655040+00:00,2026-07-25T06:47:15.340676+00:00,3,0,waived,entry,exit,,a6f60eca-8325-45d8-b3d4-4aa3bf37ef54
۹۸ج۵۹۹-۱۷,waived,2026-07-25T06:43:31.496700+00:00,2026-07-25T20:18:49.856686+00:00,815,0,waived,entry,,,b7d207cc-df04-49a9-9536-a660dcfe96ed
۴۹ب۵۶۴-۹۷,waived,2026-07-25T06:39:27.133416+00:00,2026-07-25T20:18:49.856686+00:00,819,0,waived,entry,,,f93c7ac3-67a2-4fa7-b487-f501f4eed91f
۷۳و۴۹۴-۱۷,waived,2026-07-25T06:38:08.970781+00:00,2026-07-25T10:39:05.911475+00:00,240,191666,waived,entry,exit,,5e1052bf-c41d-4ffc-b776-cfee390e3fd4
۱۱ن۶۹۴-۲۷,waived,2026-07-25T06:36:23.160062+00:00,2026-07-25T08:09:14.953114+00:00,92,68333,waived,entry,exit,,817363c1-f725-4df6-b89d-2592916cd38b
۴۲ج۷۹۸-۲۵,waived,2026-07-25T06:36:16.366926+00:00,2026-07-25T20:18:49.856686+00:00,822,0,waived,entry,,,c4623102-c89a-4de4-93a1-5dbb03f8bc41
۲۴ی۷۷۹-۱۷,waived,2026-07-25T06:36:03.262896+00:00,2026-07-25T06:38:46.871027+00:00,2,0,waived,entry,exit,,c5d41290-a3f4-409f-b993-3315051bc9c1
۸۵ه۵۳۵-۳۵,waived,2026-07-25T06:35:21.296357+00:00,2026-07-25T20:18:49.856686+00:00,823,0,waived,entry,,,810c3b6e-918f-4d47-8ec9-9adafeffc096
۵۱ی۲۱۷-۱۷,waived,2026-07-25T06:27:40.378943+00:00,2026-07-25T20:18:49.856686+00:00,831,0,waived,entry,,,6cb6c9ec-529f-459c-a7d8-89abcf0c5c64
۲۵ی۹۲۶-۱۷,waived,2026-07-25T06:25:24.816284+00:00,2026-07-25T06:52:40.731942+00:00,27,14166,waived,entry,exit,,599b20f6-60f9-425b-9750-9a3de7199d3b
۹۴ل۳۵۳-۱۷,waived,2026-07-25T06:23:07.087802+00:00,2026-07-25T15:08:41.153402+00:00,525,400000,waived,entry,exit,,28872824-b8cc-41f3-990a-8a120c3b157d
۱۷س۳۲۶-۱۷,waived,2026-07-25T06:20:51.795465+00:00,2026-07-25T06:24:07.656539+00:00,3,0,waived,entry,exit,,f2bbc2c6-b1eb-49e5-817d-2de708d9bdfa
۸۸ج۳۷۵-۱۷,waived,2026-07-25T06:18:58.724838+00:00,2026-07-25T20:18:49.856686+00:00,839,0,waived,entry,,,e8c8daa4-12bb-45b9-9a83-45a12dfe8a82
۸۵ی۲۹۸-۱۷,waived,2026-07-25T06:18:45.545891+00:00,2026-07-25T10:04:00.930647+00:00,225,179166,waived,entry,exit,,b32fee55-84a8-4a23-a0b6-b59aa599fa54
۲۶د۷۵۸-۱۷,waived,2026-07-25T06:16:54.948343+00:00,2026-07-25T20:18:49.856686+00:00,841,0,waived,entry,,,5b6b5630-bc8d-47ff-8e36-050fe5fd7df6
۲۱ل۸۲۱-۱۷,waived,2026-07-25T06:16:50.307328+00:00,2026-07-25T20:18:49.856686+00:00,841,0,waived,entry,,,81adcc77-fac1-4dd0-9750-26d2bf50f807
۵۸م۴۵۲-۱۷,waived,2026-07-25T06:16:14.673244+00:00,2026-07-25T20:18:49.856686+00:00,842,0,waived,entry,,,932bc2d4-d2c1-4b83-ae8f-326dd540f0df
۶۳ل۱۶۸-۱۷,waived,2026-07-25T06:15:12.760487+00:00,2026-07-25T07:57:02.574369+00:00,101,75833,waived,entry,exit,,f46cca19-4788-4659-9773-3a45d231387e
۳۵ه۶۳۲-۱۷,waived,2026-07-25T06:12:28.348479+00:00,2026-07-25T14:08:38.078275+00:00,476,388333,waived,entry,exit,,95d05cd8-69ef-4749-abca-07c0e8f29478
۵۲د۵۴۲-۱۷,waived,2026-07-25T06:11:06.368614+00:00,2026-07-25T06:14:00.033966+00:00,2,0,waived,entry,exit,,9e16e8a4-8a98-47c1-814f-74475c383882
۹۲و۷۹۸-۱۷,waived,2026-07-25T06:08:12.989657+00:00,2026-07-25T07:27:11.048245+00:00,78,56666,waived,entry,exit,,e16a71ed-e445-4201-aa98-335f3e75f85e
۵۲و۷۶۶-۱۷,waived,2026-07-25T06:07:15.893239+00:00,2026-07-25T20:18:49.856686+00:00,851,0,waived,entry,,,1f978f18-89c1-4e1e-b5a9-f022e805a62c
۹۲ی۶۳۱-۱۷,waived,2026-07-25T06:07:08.970063+00:00,2026-07-25T11:27:09.908622+00:00,320,258333,waived,entry,exit,,de8eca34-8a3e-4ebd-8493-f7967cf74c0b
۶۴س۷۳۴-۱۵,waived,2026-07-25T06:05:55.977153+00:00,2026-07-25T20:18:49.856686+00:00,852,0,waived,entry,,,f0e500cd-0440-4534-93a1-ca1173f9274b
۳۷ی۶۵۶-۱۷,waived,2026-07-25T06:05:49.085505+00:00,2026-07-25T12:21:07.288388+00:00,375,304166,waived,entry,exit,,ee95d06d-c691-44ef-bb3f-1e1523051fa6
۷۷ص۵۳۱-۱۷,waived,2026-07-25T06:05:35.994031+00:00,2026-07-25T06:25:22.727225+00:00,19,7500,waived,entry,exit,,3bc0b31e-9441-41cb-bc90-51248429973f
۲۹م۸۳۳-۸۸,waived,2026-07-25T06:04:51.710975+00:00,2026-07-25T06:15:59.346666+00:00,11,833,waived,entry,exit,,f4360572-c145-46a2-b4f5-4bc60d7216b5
۳۳س۷۷۱-۱۷,waived,2026-07-25T06:03:31.878543+00:00,2026-07-25T20:18:49.856686+00:00,855,0,waived,entry,,,65501b74-8894-4b2d-a0a6-59e01aa69e15
۴۵ن۲۶۹-۲۵,waived,2026-07-25T06:02:03.144178+00:00,2026-07-25T20:18:49.856686+00:00,856,0,waived,entry,,,3e8284cb-311c-4771-8113-b673b63f1520
۵۸د۴۹۵-۱۷,waived,2026-07-25T06:00:07.481338+00:00,2026-07-25T11:03:00.712960+00:00,302,243333,waived,entry,exit,,956b7a4a-6461-4034-84dc-618e2054de18
۲۲ی۳۷۷-۱۷,waived,2026-07-25T05:59:14.268805+00:00,2026-07-25T20:18:49.856686+00:00,859,0,waived,entry,,,00472edb-27cd-43e2-9c83-8ea72f3b18cf
۹۶ب۱۷۶-۱۷,waived,2026-07-25T05:54:22.853548+00:00,2026-07-25T20:18:49.856686+00:00,864,0,waived,entry,,,285c16fd-61d7-43f2-91fd-8aa9c4032544
۷۴د۶۵۱-۱۷,waived,2026-07-25T05:51:42.700638+00:00,2026-07-25T20:18:49.856686+00:00,867,0,waived,entry,,,fe7c748f-ffe3-4a6b-9aa3-d638bc50faac
۳۷د۹۲۲-۳۷,waived,2026-07-25T05:50:42.733283+00:00,2026-07-25T07:07:24.455275+00:00,76,55000,waived,entry,exit,,73607d60-764c-403f-bdcf-73a25722259a
۳۳ل۲۴۲-۱۷,waived,2026-07-25T05:50:34.049440+00:00,2026-07-25T07:28:56.965019+00:00,98,73333,waived,entry,exit,,fbe7e69e-8cb3-46df-87c0-bc549240c9a6
۷۹س۴۶۳-۱۷,waived,2026-07-25T05:50:09.706604+00:00,2026-07-25T06:34:36.530115+00:00,44,28333,waived,entry,exit,,b00a76c9-88e5-4d30-a74f-9dfb25908eb4
۶۷و۴۳۴-۱۷,waived,2026-07-25T05:47:40.753327+00:00,2026-07-25T20:18:49.856686+00:00,871,0,waived,entry,,,0c209174-1f94-4732-bdb1-abc5471f2adb
۵۳ق۷۷۴-۳۷,waived,2026-07-25T05:47:36.270215+00:00,2026-07-25T20:18:49.856686+00:00,871,0,waived,entry,,,386b0043-439e-428b-8e29-0bf5d7bf5a0d
۵۱ی۲۵۷-۱۷,waived,2026-07-25T05:46:25.558956+00:00,2026-07-25T20:18:49.856686+00:00,872,0,waived,entry,,,1ec6a7e2-59a2-4fd6-b657-55cc5adcaba8
۸۹ی۶۸۷-۱۵,waived,2026-07-25T05:46:18.673819+00:00,2026-07-25T11:30:05.262931+00:00,343,277500,waived,entry,exit,,d746d3cc-0c51-4b6f-b8b1-11798d8b0284
۲۵ی۳۹۴-۱۷,waived,2026-07-25T05:45:38.908367+00:00,2026-07-25T20:18:49.856686+00:00,873,0,waived,entry,,,01e73832-c51c-412b-ac4c-26d2d8c3efd7
۴۱ی۹۷۷-۳۵,waived,2026-07-25T05:44:10.204439+00:00,2026-07-25T06:29:52.105886+00:00,45,29166,waived,entry,exit,,3c45cf3b-9fbd-4729-8a11-9e97db0bb005
۹۸ل۴۱۹-۱۷,waived,2026-07-25T05:41:43.147249+00:00,2026-07-25T10:45:32.330400+00:00,303,244166,waived,entry,exit,,35e3062a-0986-4f59-920a-efcfeeb06199
۹۸ی۲۱۴-۱۷,waived,2026-07-25T05:40:21.111770+00:00,2026-07-25T07:58:52.278829+00:00,138,106666,waived,entry,exit,,d04978af-51f2-4955-b88a-191669f0cf06
۳۱ل۹۵۱-۱۷,waived,2026-07-25T05:39:07.704321+00:00,2026-07-25T20:18:49.856686+00:00,879,0,waived,entry,,,2b87397a-8888-4d8c-bdd2-a754f26be67a
۶۲م۴۷۳-۱۷,waived,2026-07-25T05:36:27.840167+00:00,2026-07-25T14:58:14.523211+00:00,561,400000,waived,entry,exit,,7cd5e09f-d3ac-4a0a-b4b2-26e6fd916eb9
۸۹ص۸۹۶-۱۷,waived,2026-07-25T05:36:08.119296+00:00,2026-07-25T06:36:30.584005+00:00,60,41666,waived,entry,exit,,fba9c980-157d-4fb9-8a7e-be3feb72f579
۴۱ل۲۹۵-۱۷,waived,2026-07-25T05:33:20.045376+00:00,2026-07-25T10:18:30.565764+00:00,285,229166,waived,entry,exit,,d6202b41-0b94-4fa7-8b19-fc935c8e0327
۵۷ل۸۳۳-۱۷,waived,2026-07-25T05:31:46.685183+00:00,2026-07-25T05:40:32.500312+00:00,8,0,waived,entry,exit,,2d2230ab-8152-44cb-a448-5da5445d2bbd
۹۸و۷۶۷-۱۷,waived,2026-07-25T05:31:24.809215+00:00,2026-07-25T08:01:38.001713+00:00,150,116666,waived,entry,exit,,27444410-f5be-405f-982f-060c87a3fadb
۹۲ه۳۱۹-۱۷,waived,2026-07-25T05:31:00.514254+00:00,2026-07-25T05:33:15.042793+00:00,2,0,waived,entry,exit,,24a3600b-6607-4047-9a17-bcded0d0b2e6
۷۵ه۲۹۵-۱۷,waived,2026-07-25T05:29:20.359736+00:00,2026-07-25T05:54:06.707714+00:00,24,11666,waived,entry,exit,,1957a19f-d6f9-418e-bb0f-5ad5c331a7eb
۵۹و۴۷۴-۱۷,waived,2026-07-25T05:29:09.397942+00:00,2026-07-25T10:34:42.137476+00:00,305,245833,waived,entry,exit,,4142469d-f510-4a0a-b23f-248acdcec49f
۴۳ه۳۴۴-۱۷,waived,2026-07-25T05:26:27.228680+00:00,2026-07-25T05:30:28.754100+00:00,4,0,waived,entry,exit,,171e12e0-b92c-4aed-816e-9839fd1ac2ed
۲۹ی۹۴۸-۱۷,waived,2026-07-25T05:26:05.103213+00:00,2026-07-25T20:18:49.856686+00:00,892,0,waived,entry,,,07008bee-a46f-42b8-910f-730e17e688d4
۳۳ص۷۲۷-۱۷,waived,2026-07-25T05:25:14.437072+00:00,2026-07-25T20:18:49.856686+00:00,893,0,waived,entry,,,4183640b-1c8c-4a72-9494-8133cc7005a6
۶۸ب۹۴۷-۱۷,waived,2026-07-25T05:25:09.933443+00:00,2026-07-25T08:16:04.748260+00:00,170,133333,waived,entry,exit,,d2c2ef20-553b-458d-a26b-0b020ecf8639
۹۶ی۷۷۹-۱۷,waived,2026-07-25T05:24:07.624924+00:00,2026-07-25T08:57:07.730822+00:00,213,169166,waived,entry,exit,,f7c39f69-411e-4171-9816-3d7d15a9cc99
۱۱و۷۲۹-۱۷,waived,2026-07-25T05:23:36.922785+00:00,2026-07-25T05:51:07.480388+00:00,27,14166,waived,entry,exit,,a5498057-566b-4503-a9f4-bc2b1a2ad796
۷۸ی۸۵۸-۱۷,waived,2026-07-25T05:23:29.962058+00:00,2026-07-25T11:17:02.882779+00:00,353,285833,waived,entry,exit,,cf146464-c4e6-46da-b1a1-26bfa3b4993c
۴۳ه۳۴۴-۱۷,waived,2026-07-25T05:22:23.915264+00:00,2026-07-25T20:18:49.856686+00:00,896,0,waived,entry,,,9aa0d1b0-bd8c-4d81-942d-06bef62f3ab0
۴۲ه۳۴۴-۱۷,waived,2026-07-25T05:22:21.710385+00:00,2026-07-25T20:18:49.856686+00:00,896,0,waived,entry,,,a187a344-dcd8-49b6-90c8-77a2508f17ab
۷۸ق۲۴۶-۱۷,waived,2026-07-25T05:22:02.043492+00:00,2026-07-25T08:40:18.656448+00:00,198,156666,waived,entry,exit,,91b47f1c-c2a1-47b4-bd4c-8958dd6ec009
۳۷ج۸۹۱-۱۷,waived,2026-07-25T05:21:27.056472+00:00,2026-07-25T20:18:49.856686+00:00,897,0,waived,entry,,,22f3aeee-9ab8-409d-b4ab-3122e09c949b
۲۵ی۳۹۴-۱۷,waived,2026-07-25T05:21:22.845693+00:00,2026-07-25T20:18:49.856686+00:00,897,0,waived,entry,,,441572c8-0b7f-4582-9276-cbef38efbfd6
۵۴ق۷۹۳-۱۷,waived,2026-07-25T05:20:02.769856+00:00,2026-07-25T10:49:44.306228+00:00,329,265833,waived,entry,exit,,319d4f77-9493-49ba-8c1c-141457f82b4e
۵۳م۶۲۱-۱۷,waived,2026-07-25T05:19:25.532175+00:00,2026-07-25T05:36:47.878321+00:00,17,5833,waived,entry,exit,,7958d791-adf0-4c40-9288-50369cd5c4f1
۶۱ه۴۴۶-۱۷,waived,2026-07-25T05:16:28.503916+00:00,2026-07-25T06:59:49.109642+00:00,103,77500,waived,entry,exit,,57e675eb-8b56-49d9-a478-1051f17489ce
۳۴ق۷۳۴-۱۷,waived,2026-07-25T05:15:57.689371+00:00,2026-07-25T11:18:39.265846+00:00,362,293333,waived,entry,exit,,9b72375b-7ac3-4ed8-87dc-0f1ad4973a15
۴۱ص۸۴۷-۱۷,waived,2026-07-25T05:14:28.352846+00:00,2026-07-25T11:48:07.125365+00:00,393,319166,waived,entry,exit,,6d934fd2-f680-423b-b812-c11a4e0604e7
۲۲ب۱۹۹-۱۷,waived,2026-07-25T05:13:01.562916+00:00,2026-07-25T10:38:19.011341+00:00,325,262500,waived,entry,exit,,57cb9862-6262-451a-be6d-90a581d0f967
۸۹ب۹۴۴-۱۷,waived,2026-07-25T05:12:36.960612+00:00,2026-07-25T12:56:43.136661+00:00,464,378333,waived,entry,exit,,ff468eee-1ea5-4e18-9df1-be3b7886958a
۴۵ط۸۴۴-۱۷,waived,2026-07-25T05:12:30.183266+00:00,2026-07-25T20:18:49.856686+00:00,906,0,waived,entry,,,3c9784a1-bede-4a49-88b6-2fef0f3c61fc
۵۶ی۷۴۴-۱۷,waived,2026-07-25T05:12:10.060303+00:00,2026-07-25T05:15:24.926000+00:00,3,0,waived,entry,exit,,85b24691-c3f5-484c-8004-37f2453a76c0
۳۱ی۴۶۵-۱۷,waived,2026-07-25T05:09:45.023603+00:00,2026-07-25T07:26:28.485998+00:00,136,105000,waived,entry,exit,,e02df844-1f2b-4904-9ec3-ee40c07b0f6f
۵۱ن۹۹۷-۱۷,waived,2026-07-25T04:53:32.442405+00:00,2026-07-25T20:18:49.856686+00:00,925,0,waived,entry,,,782a7b4c-bc16-40e8-8f5a-ff523b100e1a
۸۲و۳۸۴-۱۷,waived,2026-07-25T04:50:48.407281+00:00,2026-07-25T20:18:49.856686+00:00,928,0,waived,entry,,,65cec7ec-1c61-4423-ac50-c2960aa7aea3
۶۲و۶۴۲-۱۷,waived,2026-07-25T04:50:46.319643+00:00,2026-07-25T20:18:49.856686+00:00,928,0,waived,entry,,,d596b1ad-cb25-4a48-a825-a7216468f787
۳۹ن۳۵۶-۱۷,waived,2026-07-25T04:50:35.094609+00:00,2026-07-25T12:37:22.249558+00:00,466,380000,waived,entry,exit,,36b327b0-fd3c-4708-807f-71534743b0de
۳۳ت۸۹۹-۱۷,waived,2026-07-25T04:49:05.405995+00:00,2026-07-25T20:18:49.856686+00:00,929,0,waived,entry,,,6eefd2fe-a6a5-4db8-9ccc-08a49d0429b7
۴۹ل۱۵۳-۱۷,waived,2026-07-25T04:47:53.902846+00:00,2026-07-25T13:36:56.209806+00:00,529,400000,waived,entry,exit,,e133f990-6284-4784-b779-4ee4e628f39b
۵۴ل۴۹۸-۱۷,waived,2026-07-25T04:47:42.638624+00:00,2026-07-25T10:47:36.206973+00:00,359,290833,waived,entry,exit,,701b71cc-37c9-4e6e-b3a5-ea0b7296f4f8
۱۹و۹۸۳-۱۷,waived,2026-07-25T04:46:55.891870+00:00,2026-07-25T13:43:45.233739+00:00,536,400000,waived,entry,exit,,375089dd-5db1-4fb1-93a9-c5aaa0e91f7f
۴۶ل۶۶۵-۱۷,waived,2026-07-25T04:46:46.995057+00:00,2026-07-25T20:18:49.856686+00:00,932,0,waived,entry,,,edbb4c52-cff6-4726-9b32-493ff7a0f56f
۴۱م۹۴۳-۹۷,waived,2026-07-25T04:45:14.950035+00:00,2026-07-25T20:18:49.856686+00:00,933,0,waived,entry,,,caa8caef-ddf2-4cfb-b64a-5a63fdf6a89e
۱۵ی۷۲۹-۱۷,waived,2026-07-25T04:44:28.166981+00:00,2026-07-25T20:18:49.856686+00:00,934,0,waived,entry,,,96a78da7-65b8-4720-8ce2-95705f5e87fd
۶۹د۱۸۷-۱۷,waived,2026-07-25T04:43:30.142444+00:00,2026-07-25T10:53:30.571124+00:00,370,300000,waived,entry,exit,,e0c8d743-7634-4286-8469-e16a5e65eae5
۲۹ط۴۷۱-۱۷,waived,2026-07-25T04:42:43.008309+00:00,2026-07-25T07:20:57.333887+00:00,158,123333,waived,entry,exit,,221fe060-570c-404f-a624-079856050309
۷۹س۵۲۴-۱۷,waived,2026-07-25T04:41:58.156549+00:00,2026-07-25T20:18:49.856686+00:00,936,0,waived,entry,,,cfbf02e1-b38f-4455-9a91-288318ba974d
۲۸ط۹۷۱-۹۷,waived,2026-07-25T04:41:12.089048+00:00,2026-07-25T20:18:49.856686+00:00,937,0,waived,entry,,,6678eafb-0019-4a7a-8315-848a9b727176
۸۸ج۵۳۴-۳۷,waived,2026-07-25T04:40:52.390331+00:00,2026-07-25T05:58:23.166522+00:00,77,55833,waived,entry,exit,,88c0acda-529f-4fb7-b034-d4b857bca58d
۲۲ی۳۷۷-۱۷,waived,2026-07-25T04:40:39.064165+00:00,2026-07-25T04:43:43.297686+00:00,3,0,waived,entry,exit,,c186ba3c-83de-4b0e-879f-2b84f0c11b13
۶۸س۳۲۲-۱۷,waived,2026-07-25T04:39:50.441027+00:00,2026-07-25T12:00:49.346206+00:00,440,358333,waived,entry,exit,,19c9d123-7b68-4e96-bf6d-c1fff29872dd
۹۴ج۸۸۳-۱۷,waived,2026-07-25T04:39:32.160293+00:00,2026-07-25T20:18:49.856686+00:00,939,0,waived,entry,,,99d4fdd7-1d74-4b18-8c4f-79fe53969612
۳۳ل۹۸۱-۱۷,waived,2026-07-25T04:38:11.768064+00:00,2026-07-25T11:30:09.772278+00:00,411,334166,waived,entry,exit,,e9d4c41f-3673-486b-afe3-88ec3354e560
۳۹ق۵۹۶-۱۷,waived,2026-07-25T04:36:49.601035+00:00,2026-07-25T10:34:28.162410+00:00,357,289166,waived,entry,exit,,9f3f13bb-b952-4926-a12a-38955c840dd8
۴۹س۵۲۲-۱۷,waived,2026-07-25T04:36:16.418705+00:00,2026-07-25T20:18:49.856686+00:00,942,0,waived,entry,,,c90c62c3-2118-476b-b3b4-b60de8bf1574
۹۴ل۶۹۸-۷۷,waived,2026-07-25T04:36:07.536736+00:00,2026-07-25T20:18:49.856686+00:00,942,0,waived,entry,,,a47acabc-e5ca-426c-ac31-e4f4d588c092
۲۲ب۳۴۵-۱۷,waived,2026-07-25T04:35:02.534155+00:00,2026-07-25T11:57:43.346340+00:00,442,360000,waived,entry,exit,,dae129de-178b-4253-acbd-715a808cdd0c
۷۲ه۳۴۴-۱۹,waived,2026-07-25T04:35:00.303573+00:00,2026-07-25T20:18:49.856686+00:00,943,0,waived,entry,,,e93e4219-5ad6-4365-b6e2-c3cc21e8c133
۷۲ه۳۶۹-۱۷,waived,2026-07-25T04:34:40.647108+00:00,2026-07-25T15:06:30.659937+00:00,631,400000,waived,entry,exit,,9b514226-2121-441f-874d-c2d2b62f6777
۳۴ن۸۳۶-۱۷,waived,2026-07-25T04:34:14.023344+00:00,2026-07-25T20:18:49.856686+00:00,944,0,waived,entry,,,29578cb5-a7cb-4609-ace7-907947b21019
۷۳د۳۳۹-۱۷,waived,2026-07-25T04:33:29.514376+00:00,2026-07-25T11:22:11.965800+00:00,408,331666,waived,entry,exit,,f6ddb4aa-444e-476e-8b6c-de21184abe31
۱۹ه۳۲۴-۱۷,waived,2026-07-25T04:33:27.270849+00:00,2026-07-25T10:35:13.517070+00:00,361,292500,waived,entry,exit,,3c7e18b3-4706-4ee0-b2f6-2f3b62f71886
۲۸ی۹۲۷-۱۷,waived,2026-07-25T04:32:13.949683+00:00,2026-07-25T08:46:01.048989+00:00,253,202500,waived,entry,exit,,fa8e5c46-529a-4c3f-afeb-333304c0465e
۱۸ه۵۷۱-۱۷,waived,2026-07-25T04:31:56.245301+00:00,2026-07-25T05:58:54.634396+00:00,86,63333,waived,entry,exit,,49d647c5-9a0e-4504-b905-8c6f5c5479bd
۷۴ص۹۵۷-۲۷,waived,2026-07-25T04:31:51.661002+00:00,2026-07-25T08:06:31.523233+00:00,214,170000,waived,entry,exit,,aec436a7-d61d-46d9-bc32-d6234506c53f
۷۲ل۲۴۱-۲۵,waived,2026-07-25T04:30:55.555582+00:00,2026-07-25T20:18:49.856686+00:00,947,0,waived,entry,,,06721d78-eedf-4de8-aa3f-c09b1915b9df
۷۶ب۲۴۶-۱۷,waived,2026-07-25T04:29:08.566250+00:00,2026-07-25T09:13:20.544206+00:00,284,228333,waived,entry,exit,,e4e00090-fb96-4d23-99d5-afbfb5f37a49
۲۵و۸۳۱-۱۷,waived,2026-07-25T04:28:53.274875+00:00,2026-07-25T10:41:06.891783+00:00,372,301666,waived,entry,exit,,64554d1b-852b-4d9a-af2d-7e913c8fcaaa
۲۵ل۸۷۹-۱۷,waived,2026-07-25T04:28:46.446449+00:00,2026-07-25T11:24:58.321349+00:00,416,338333,waived,entry,exit,,30fca0c7-8a25-4c2a-860c-e21cc171c0db
۹۷ی۲۷۲-۱۷,waived,2026-07-25T04:28:35.233403+00:00,2026-07-25T20:18:49.856686+00:00,950,0,waived,entry,,,b0f4a6c5-4f10-45b8-9922-3d4cef0ae206
۲۳ق۳۵۶-۱۷,waived,2026-07-25T04:28:28.558159+00:00,2026-07-25T20:18:49.856686+00:00,950,0,waived,entry,,,3f93e4ed-935b-48ca-864a-a5902873b9d3
۷۲ج۵۷۳-۱۷,waived,2026-07-25T04:28:13.187034+00:00,2026-07-25T11:34:45.169528+00:00,426,346666,waived,entry,exit,,debf91b1-1577-48fb-828e-705b1bc5c21f
۳۶ل۴۵۹-۱۷,waived,2026-07-25T04:28:08.693252+00:00,2026-07-25T20:18:49.856686+00:00,950,0,waived,entry,,,0d9b00a2-b7e0-489f-82cf-d59c49f972b6
۸۸و۲۷۲-۱۷,waived,2026-07-25T04:27:57.436149+00:00,2026-07-25T20:18:49.856686+00:00,950,0,waived,entry,,,36b4d1bf-c0a5-4737-a409-1e124449f69a
۱۱ط۳۶۶-۱۷,waived,2026-07-25T04:27:50.700611+00:00,2026-07-25T04:32:45.230412+00:00,4,0,waived,entry,exit,,6883fdde-5463-4d70-938b-16e57dc4db1c
۷۴ه۸۶۱-۱۷,waived,2026-07-25T04:27:19.965597+00:00,2026-07-25T20:18:49.856686+00:00,951,0,waived,entry,,,61d19752-d1ba-4e50-860d-0728118b7de0
۴۶س۵۵۴-۱۷,waived,2026-07-25T04:25:39.346384+00:00,2026-07-25T15:13:02.110401+00:00,647,400000,waived,entry,exit,,5189c217-4b1b-44c2-bce9-7dde1e608c8f
۷۶ق۷۶۲-۱۷,waived,2026-07-25T04:25:26.202271+00:00,2026-07-25T20:18:49.856686+00:00,953,0,waived,entry,,,f00b6ea8-60fe-4ba1-8c6d-a0de47e26f55
۵۶ط۲۸۷-۱۷,waived,2026-07-25T04:25:02.129167+00:00,2026-07-25T20:18:49.856686+00:00,953,0,waived,entry,,,52abf94e-0c29-419f-a962-2a189f4078f4
۷۸ی۲۸۳-۹۷,waived,2026-07-25T04:24:57.731413+00:00,2026-07-25T20:18:49.856686+00:00,953,0,waived,entry,,,433abded-2f7d-47f1-8a8f-78cd02c2958e
۲۸ب۶۷۲-۱۷,waived,2026-07-25T04:24:46.839406+00:00,2026-07-25T20:18:49.856686+00:00,954,0,waived,entry,,,f4694b06-21ab-4c5c-a1a2-3f4b62ff62d4
۵۲س۴۳۳-۱۷,waived,2026-07-25T04:24:33.581377+00:00,2026-07-25T14:05:52.334393+00:00,581,400000,waived,entry,exit,,b280e8fd-9536-4f61-9d2e-2a6ae0eb0829
۱۴د۳۷۱-۱۷,waived,2026-07-25T04:23:48.756385+00:00,2026-07-25T13:35:49.132875+00:00,552,400000,waived,entry,exit,,40fd1bb1-77ca-4e88-ac54-4893df997fe8
۱۷ج۸۹۶-۱۵,waived,2026-07-25T04:23:44.271408+00:00,2026-07-25T12:48:01.821776+00:00,504,400000,waived,entry,exit,,c47c4eb9-03cd-4368-9832-fb13d29f79a2
۱۳ه۱۷۶-۱۷,waived,2026-07-25T04:23:26.354670+00:00,2026-07-25T12:37:31.548366+00:00,494,400000,waived,entry,exit,,8ad354b5-8552-40e7-923d-67a5e54a5c0a
۱۹س۱۷۷-۱۷,waived,2026-07-25T04:23:24.137383+00:00,2026-07-25T11:18:23.856295+00:00,414,336666,waived,entry,exit,,1ed598d5-3a2e-4e63-b9e3-fa053a25084c
۷۸ص۳۶۴-۱۷,waived,2026-07-25T04:23:12.895967+00:00,2026-07-25T11:12:37.488326+00:00,409,332500,waived,entry,exit,,1f7428f2-a589-464c-a5ad-fbffff9a6316
۵۹ب۵۳۹-۱۷,waived,2026-07-25T04:23:08.432329+00:00,2026-07-25T20:18:49.856686+00:00,955,0,waived,entry,,,95228539-db47-4f73-b2b3-73ce6f000e3f
۵۵د۶۹۳-۱۷,waived,2026-07-25T04:22:55.368541+00:00,2026-07-25T20:18:49.856686+00:00,955,0,waived,entry,,,3c05d425-52b8-408e-becb-80a086341e38
۸۷ه۴۴۶-۱۷,waived,2026-07-25T04:22:50.793685+00:00,2026-07-25T20:18:49.856686+00:00,955,0,waived,entry,,,b3fc54a5-7859-49b1-88f7-bba6bba5d846
۳۳س۶۸۹-۱۷,waived,2026-07-25T04:22:46.638105+00:00,2026-07-25T07:59:07.929226+00:00,216,171666,waived,entry,exit,,5446bee9-a1f3-43f0-bcda-63b3819e4548
۵۴ب۷۳۶-۱۷,waived,2026-07-25T04:22:40.113408+00:00,2026-07-25T20:18:49.856686+00:00,956,0,waived,entry,,,b5109fe5-7f90-4733-a7c7-e566932849e3
۲۱ج۷۱۷-۱۷,waived,2026-07-25T04:22:35.638332+00:00,2026-07-25T20:18:49.856686+00:00,956,0,waived,entry,,,f47d882f-b3e4-4cfd-a3d6-89db1f7de638
۵۴ب۴۹۲-۱۷,waived,2026-07-25T04:22:18.037805+00:00,2026-07-25T12:38:58.066988+00:00,496,400000,waived,entry,exit,,83fb5ff9-9129-42fd-b534-0d8657440778
۴۷د۷۹۵-۱۷,waived,2026-07-25T04:22:00.426569+00:00,2026-07-25T20:18:49.856686+00:00,956,0,waived,entry,,,a1f2e988-28ab-49dd-9f04-b2d4d26186b2
۵۳ص۹۵۱-۱۷,waived,2026-07-25T04:21:51.481020+00:00,2026-07-25T20:18:49.856686+00:00,956,0,waived,entry,,,7cd14549-7728-4ef5-8e65-cbf686af5f6f
۵۳۹۵۱-۱۷,waived,2026-07-25T04:21:49.177070+00:00,2026-07-25T20:18:49.856686+00:00,957,0,waived,entry,,,6280b4c9-4c4b-4cf8-8eb4-e7c9ebc6ec4a
۲۴ن۲۷۷-۱۷,waived,2026-07-25T04:21:46.931087+00:00,2026-07-25T20:18:49.856686+00:00,957,0,waived,entry,,,0f16a539-6e8a-4468-a4df-dfe5b3419c8c
۶۳د۹۷۸-۱۷,waived,2026-07-25T04:21:06.903892+00:00,2026-07-25T20:18:49.856686+00:00,957,0,waived,entry,,,4ced6398-6183-4cf7-820c-161bc69fec1d
۵۴ب۲۶۵-۱۷,waived,2026-07-25T04:20:53.500438+00:00,2026-07-25T10:43:01.691420+00:00,382,310000,waived,entry,exit,,b6ae5d15-915e-4e9f-8bea-bdeeb17a76ff
۵۷ن۵۸۸-۱۷,waived,2026-07-25T04:20:44.497172+00:00,2026-07-25T14:31:42.417351+00:00,610,400000,waived,entry,exit,,9e4cd7b8-5f91-48d8-aa53-229c70d78733
۸۵ق۸۴۹-۱۷,waived,2026-07-25T04:20:35.522329+00:00,2026-07-25T20:18:49.856686+00:00,958,0,waived,entry,,,c8ab5d81-00e3-488d-8641-935e7a39b719
۴۵ی۸۵۶-۱۷,waived,2026-07-25T04:20:28.805335+00:00,2026-07-25T20:18:49.856686+00:00,958,0,waived,entry,,,0d520c06-698b-4f01-89f1-d5a2177f48f8
۷۷س۹۱۶-۹۷,waived,2026-07-25T04:19:48.495137+00:00,2026-07-25T20:18:49.856686+00:00,959,0,waived,entry,,,0cab90a8-3a94-47f8-9269-18ab1d5d87d2
۷۱ب۷۱۸-۱۷,waived,2026-07-25T04:19:01.489935+00:00,2026-07-25T12:27:21.477836+00:00,488,398333,waived,entry,exit,,901c1944-9cdb-4397-bf71-ce23289c8a14
۱۸ل۸۷۲-۲۷,waived,2026-07-25T04:18:54.800802+00:00,2026-07-25T05:57:23.862696+00:00,98,73333,waived,entry,exit,,f8faf961-25a2-443d-8fa6-529f4d4a78f1
۹۷و۲۵۱-۱۷,waived,2026-07-25T04:18:48.056954+00:00,2026-07-25T20:18:49.856686+00:00,960,0,waived,entry,,,4d39f826-5563-434a-b4a6-35db83e520b6
۴۴ه۷۵۵-۱۷,waived,2026-07-25T04:18:45.816881+00:00,2026-07-25T10:37:28.018500+00:00,378,306666,waived,entry,exit,,2776ac13-473b-46f8-babe-e1112cb92b67
۲۴ن۲۷۷-۱۷,waived,2026-07-25T04:17:27.401575+00:00,2026-07-25T20:18:49.856686+00:00,961,0,waived,entry,,,0ed06b26-63ea-4bd2-ad08-19b6b57b34a3
۹۳ن۳۲۳-۱۷,waived,2026-07-25T04:16:47.061259+00:00,2026-07-25T11:28:01.781658+00:00,431,350833,waived,entry,exit,,572c561f-f668-4b9a-962d-83420869a5dc
۸۲م۳۳۴-۱۷,waived,2026-07-25T04:16:38.105316+00:00,2026-07-25T13:36:40.570470+00:00,560,400000,waived,entry,exit,,5857365a-538a-425b-a911-27c74a06404e
۷۱ل۶۷۶-۱۷,waived,2026-07-25T04:16:29.133932+00:00,2026-07-25T12:10:06.504956+00:00,473,385833,waived,entry,exit,,ae983e7e-f7b8-4e42-bae5-906d33a4c3dd
۹۱ی۱۷۴-۱۷,waived,2026-07-25T04:14:28.193770+00:00,2026-07-25T14:58:50.367120+00:00,644,400000,waived,entry,exit,,d9485a05-e605-4cb0-b579-82dfbf2891fc
۳۹ج۴۲۸-۱۷,waived,2026-07-25T04:12:38.652005+00:00,2026-07-25T20:18:49.856686+00:00,966,0,waived,entry,,,8df691c2-5141-458d-a174-00be0876e74c
۳۳و۸۵۲-۱۷,waived,2026-07-25T04:12:23.001882+00:00,2026-07-25T10:39:44.337351+00:00,387,314166,waived,entry,exit,,32198752-33b6-46b7-8f85-f13696d678a6
۵۵م۳۹۹-۱۵,waived,2026-07-25T04:10:46.958869+00:00,2026-07-25T13:57:39.583702+00:00,586,400000,waived,entry,exit,,a04e5152-7bb0-47d3-aeca-b0695c1ce5b6
۳۷و۲۲۵-۱۷,waived,2026-07-25T04:10:42.623724+00:00,2026-07-25T20:18:49.856686+00:00,968,0,waived,entry,,,c342aad3-ad02-415f-9559-1873551d6e72
۸۳د۴۸۶-۱۷,waived,2026-07-25T04:09:22.448635+00:00,2026-07-25T14:52:59.222613+00:00,643,400000,waived,entry,exit,,6b1f935e-b1ae-4210-b3e9-70475e7d4eb9
۲۹ص۶۴۷-۳۵,waived,2026-07-25T04:09:17.918497+00:00,2026-07-25T12:32:54.554805+00:00,503,400000,waived,entry,exit,,25be6470-3611-48b0-92f5-9e3dc438b586
۴۷ب۵۷۴-۲۷,waived,2026-07-25T04:08:06.227705+00:00,2026-07-25T20:18:49.856686+00:00,970,0,waived,entry,,,1419206f-4d1f-4ce7-b1fd-8d642faa26a2
۳۸ن۸۲۶-۱۷,waived,2026-07-25T04:07:46.070462+00:00,2026-07-25T20:18:49.856686+00:00,971,0,waived,entry,,,1e342d6e-ae63-4a71-95b4-06f853dd1aa3
۷۵ی۴۷۱-۱۷,waived,2026-07-25T04:06:20.958709+00:00,2026-07-25T20:18:49.856686+00:00,972,0,waived,entry,,,60d49cae-8195-4694-8453-6ab340dd40af
۲۵ل۵۹۹-۱۷,waived,2026-07-25T04:05:22.722306+00:00,2026-07-25T20:18:49.856686+00:00,973,0,waived,entry,,,4fd48fa6-9c88-4856-bde6-198c21c1d32d
۸۹ق۵۷۱-۱۷,waived,2026-07-25T04:05:09.255866+00:00,2026-07-25T13:42:05.434375+00:00,576,400000,waived,entry,exit,,f7caab14-a101-40b4-aca0-4faf11d0f483
۷۴ل۶۳۶-۱۷,waived,2026-07-25T04:04:36.275039+00:00,2026-07-25T09:07:40.264545+00:00,303,244166,waived,entry,exit,,6cb06894-a728-4f8f-be26-9df8990f8f6e
۳۳م۳۲۲-۱۷,waived,2026-07-25T04:04:27.291833+00:00,2026-07-25T14:05:07.536926+00:00,600,400000,waived,entry,exit,,7539c5c8-b46b-4f40-b260-50a80651d4fa
۵۱ی۱۷۶-۱۷,waived,2026-07-25T04:02:53.285068+00:00,2026-07-25T20:18:49.856686+00:00,975,0,waived,entry,,,b76ed861-ad03-475d-9b81-88d173d01077
۳۹ط۸۴۵-۱۷,waived,2026-07-25T04:00:41.060849+00:00,2026-07-25T14:11:06.476647+00:00,610,400000,waived,entry,exit,,9eaf2ef5-c56c-4101-aacd-2c736316b610
۵۵ص۱۷۸-۲۷,waived,2026-07-25T04:00:14.146445+00:00,2026-07-25T20:18:49.856686+00:00,978,0,waived,entry,,,4f21c3b2-690a-4dac-8bcf-40689ae1f6d6
۷۸ی۳۳۸-۱۷,waived,2026-07-25T03:59:38.508795+00:00,2026-07-25T07:21:17.745419+00:00,201,159166,waived,entry,exit,,5240f931-a4a5-4469-834d-63b8dc95646c
۱۷م۶۷۹-۱۷,waived,2026-07-25T03:59:09.796027+00:00,2026-07-25T13:42:31.328273+00:00,583,400000,waived,entry,exit,,834bfd02-06d0-4354-9d76-159669d17797
۸۲ه۳۲۷-۱۷,waived,2026-07-25T03:59:05.268454+00:00,2026-07-25T20:18:49.856686+00:00,979,0,waived,entry,,,aa3613f6-8b1d-4dca-a4ba-14aedc84d2a4
۱۴ط۳۲۷-۱۷,waived,2026-07-25T03:59:03.068885+00:00,2026-07-25T20:18:49.856686+00:00,979,0,waived,entry,,,2fdc7c9a-ce96-4b70-9767-1963fc126a77
۳۲س۳۳۳-۳۳,waived,2026-07-24T21:11:17.328416+00:00,2026-07-24T21:13:24.459364+00:00,2,0,waived,entry,,,83283a3b-bf53-4822-a754-840287b4bd80
۶۲س۷۵۵-۲۷,waived,2026-07-24T20:49:55.816718+00:00,2026-07-24T21:10:27.345093+00:00,20,6666,waived,entry,exit,ME PA,f0a265d3-d80a-4462-b181-9452d37addb5
۳۲س۳۳۳-۳۳,waived,2026-07-24T20:01:24.271743+00:00,2026-07-24T21:13:24.459364+00:00,72,0,waived,entry,,,33ccf2c0-7705-455f-b000-54346b5eb61d
۶۲س۷۵۵-۲۷,waived,2026-07-23T16:06:06.338363+00:00,2026-07-24T18:04:34.918472+00:00,1558,320000,waived,entry,exit,ME PA,47d3dbf7-a02e-42a3-94b4-114d4c9b7098
۳۳س۳۳۳-۳۳,waived,2026-07-22T12:20:33.890912+00:00,2026-07-23T16:05:31.182066+00:00,1664,400000,waived,entry,exit,,c0452eb0-d3a0-41a6-bacd-ffefd4425150
۲۲ن۲۳۳-۱۷,waived,2026-07-22T12:14:19.179720+00:00,2026-07-24T21:13:24.459364+00:00,3419,0,waived,entry,,,63650d7b-a934-49b5-8e6f-112875f9853c
۴۱ط۱۶۴-۱۷,waived,2026-07-22T12:12:58.451767+00:00,2026-07-24T21:13:24.459364+00:00,3420,0,waived,entry,,,902c3777-2cd7-4ffe-89f6-a0dc60472bec
۴۱ط۱۶۴-۱۷,waived,2026-07-22T11:57:38.106871+00:00,2026-07-22T12:12:23.217008+00:00,14,0,waived,entry,,,4cb04a92-4acf-4f0a-a6d5-fc9d5567b7e6
۳۳س۳۳۳-۳۳,waived,2026-07-22T09:10:31.399668+00:00,2026-07-22T09:22:45.225989+00:00,12,1666,waived,entry,exit,,650e30ff-f03e-42f5-9543-54d93bb13f45
۳۳س۳۳۳-۳۳,waived,2026-07-22T08:59:00.365559+00:00,2026-07-22T09:09:12.535280+00:00,10,0,waived,entry,,,98ee63b1-82e1-490f-b99d-ca6f25eb2c19
۷۸د۷۳۷-۶۴,waived,2026-07-22T08:40:00.938899+00:00,2026-07-22T08:42:05.036545+00:00,2,0,waived,entry,,,667403b0-9923-4bac-a421-c988376113e6
۳۳س۳۳۳-۳۳,waived,2026-07-22T08:20:03.255258+00:00,2026-07-22T08:38:04.935607+00:00,18,6666,waived,entry,exit,,35be788a-f916-4fe9-9444-93cf0b9f2260
۳۳س۳۳۳-۳۳,waived,2026-07-21T20:31:13.475549+00:00,2026-07-21T20:31:28.332112+00:00,,0,waived,entry,,,1b807682-b3b2-4737-a10b-be4e778b3319
۳۳س۳۳۳-۳۳,completed,2026-07-21T18:49:46.338459+00:00,2026-07-21T19:10:28.182835+00:00,20,8333,cash,entry,exit,,9e9da723-f1a9-4641-bae4-6761cba96028
۳۳س۳۳۳-۳۳,waived,2026-07-21T17:54:51.039663+00:00,2026-07-21T18:47:06.596187+00:00,52,35000,waived,entry,exit,,df72d8e9-10d9-4480-b2c9-1fd5928fab87
۳۳س۳۳۳-۳۳,completed,2026-07-20T21:21:02.572218+00:00,2026-07-21T17:52:07.176019+00:00,1231,400000,cash,entry,exit,,462819e9-7be8-468d-bfa8-7597959b6ee8
۱۸ه۳۷۳-۱۷,waived,2026-07-19T09:11:05.188216+00:00,2026-07-21T20:12:25.419634+00:00,3541,0,waived,entry,,,bfe254e2-5a6d-464e-a448-eba1d43ee051
۸۶ق۱۷۶-۱۷,waived,2026-07-19T09:10:38.273406+00:00,2026-07-21T20:12:25.419634+00:00,3541,0,waived,entry,,,2adf5674-0b0e-434f-a59d-112e86f44558
۶۴ی۲۹۲-۶۰,waived,2026-07-19T09:09:37.805357+00:00,2026-07-21T20:12:25.419634+00:00,3542,0,waived,entry,,,70efdaf9-1ee5-495f-9c72-97ea5521a943
۷۲س۶۲۳-۱۷,waived,2026-07-19T09:09:01.957632+00:00,2026-07-21T20:12:25.419634+00:00,3543,0,waived,entry,,,fe83575c-ddf3-45b1-b854-c195b97ae556
۱۱ط۹۶۹-۱۷,waived,2026-07-19T09:03:26.227533+00:00,2026-07-21T20:12:25.419634+00:00,3548,0,waived,entry,,,727a88f3-f959-4de1-a785-7afff8beb93c
۳۹ت۱۴۹-۱۷,waived,2026-07-19T09:02:37.861158+00:00,2026-07-21T20:12:25.419634+00:00,3549,0,waived,entry,,,801a5d1c-2d43-4980-9751-6b4da0b6f038
۸۸ج۱۹۵-۱۷,waived,2026-07-19T09:00:26.195409+00:00,2026-07-21T20:12:25.419634+00:00,3551,0,waived,entry,,,aec87c54-f73a-4962-a83d-b662e435558b
۳۹ت۱۴۹-۱۷,flagged,2026-07-19T08:58:43.747373+00:00,,,0,,entry,,,de966f1d-3bc2-4ace-8521-64655358684a
۳۹۱۳۹-۱۷,waived,2026-07-19T08:58:41.499221+00:00,2026-07-19T09:02:44.813121+00:00,4,0,waived,entry,exit,,901aa1b2-5873-428b-a1ae-e82305463724
۴۴و۴۷۹-۱۷,waived,2026-07-19T08:52:49.801331+00:00,2026-07-21T20:12:25.419634+00:00,3559,0,waived,entry,,,df6fe83b-5763-4f18-802b-821d90f178e7
۵۷ل۶۴۷-۱۷,waived,2026-07-19T08:47:31.169889+00:00,2026-07-19T08:53:04.368839+00:00,5,0,waived,entry,exit,,fe33f8f4-df31-4a60-be33-6b541f88a4a5
۷۶ب۲۴۶-۱۷,waived,2026-07-19T08:45:13.401491+00:00,2026-07-21T20:12:25.419634+00:00,3567,0,waived,entry,,,87e0e601-5c1a-4be4-ae55-8154d705ab2c
۲۵۶۲۸-۱۷,waived,2026-07-19T08:43:33.754587+00:00,2026-07-19T08:45:50.352500+00:00,2,0,waived,entry,exit,,ae820711-94e7-432a-96af-2c2ac1819bc8
۲۵ت۶۲۸-۱۷,waived,2026-07-19T08:43:31.497110+00:00,2026-07-19T08:45:47.565282+00:00,2,0,waived,entry,exit,,dec5096c-f0a9-46f6-b9ad-f306db90aa5e
۱۷ی۲۱۹-۱۷,waived,2026-07-19T08:42:36.277412+00:00,2026-07-21T20:12:25.419634+00:00,3569,0,waived,entry,,,c2499c53-eb10-4e50-814e-9ec02bd9685c
۹۷ن۵۵۷-۱۷,waived,2026-07-19T08:35:27.635971+00:00,2026-07-21T20:12:25.419634+00:00,3576,0,waived,entry,,,dbf96792-c874-4f4f-b503-468b712691e9
۳۷ط۸۶۵-۲۵,waived,2026-07-19T08:33:41.463803+00:00,2026-07-21T20:12:25.419634+00:00,3578,0,waived,entry,,,5ef664f5-b277-47ff-b2c4-bef493ac6f8d
۴۸ل۱۷۸-۱۷,waived,2026-07-19T08:30:32.761155+00:00,2026-07-21T20:12:25.419634+00:00,3581,0,waived,entry,,,ca9c26d1-b075-4508-8a50-c7bbc6b83a62
۵۴ق۷۹۳-۱۷,waived,2026-07-19T08:29:59.718227+00:00,2026-07-21T20:12:25.419634+00:00,3582,0,waived,entry,,,dbc11957-fd39-401c-bd04-84889b415d83
۸۹ط۱۹۹-۱۷,waived,2026-07-19T08:27:06.114193+00:00,2026-07-21T20:12:25.419634+00:00,3585,0,waived,entry,,,3cf3ee6f-da1b-45c9-8d10-b9fa56b0150a
۶۲و۱۶۵-۱۷,waived,2026-07-19T08:24:43.870551+00:00,2026-07-19T08:29:08.512551+00:00,4,0,waived,entry,exit,,71f803b0-bab3-4969-a27e-ca71570f227c
۷۹ج۷۲۹-۱۷,waived,2026-07-19T08:23:04.058460+00:00,2026-07-21T20:12:25.419634+00:00,3589,0,waived,entry,,,52c3fd9b-49db-4a60-81c3-9b7dcc967ec9
۴۸ج۲۱۱-۲۷,waived,2026-07-19T08:22:45.985316+00:00,2026-07-21T20:12:25.419634+00:00,3589,0,waived,entry,,,c829a75e-eb4a-4a1e-a54f-6e7226dd337d
۵۸د۴۹۵-۱۷,waived,2026-07-19T08:22:15.225371+00:00,2026-07-21T20:12:25.419634+00:00,3590,0,waived,entry,,,15a23784-f899-4754-822c-17a5b837af0e
۷۸و۳۸۴-۱۷,waived,2026-07-19T08:21:17.783747+00:00,2026-07-19T09:06:37.473269+00:00,45,29166,waived,entry,exit,,00214473-ab03-4023-a1ae-d4b5a19bc464
۳۸ی۶۱۷-۱۷,waived,2026-07-19T08:13:03.037443+00:00,2026-07-21T20:12:25.419634+00:00,3599,0,waived,entry,,,68728a43-e30b-4222-b85d-4b7677f09ac7
۴۶س۹۱۵-۱۷,waived,2026-07-19T08:12:00.903150+00:00,2026-07-19T08:48:26.058300+00:00,36,21666,waived,entry,exit,,5a9a29d0-cedd-42b3-826d-3ba41313f327
۵۹ه۱۲۷-۹۲,waived,2026-07-19T08:11:42.952800+00:00,2026-07-21T20:12:25.419634+00:00,3600,0,waived,entry,,,fef3ee42-b28a-4626-8398-76e3811752a5
۸۵و۵۶۶-۱۷,waived,2026-07-19T08:10:49.788867+00:00,2026-07-19T08:16:43.697334+00:00,5,0,waived,entry,exit,,938fc2b3-69ef-4f82-9b53-11a3ad6e7441
۷۷ن۶۷۲-۱۷,waived,2026-07-19T08:09:37.231288+00:00,2026-07-21T20:12:25.419634+00:00,3602,0,waived,entry,,,2b2dceb8-269b-4247-af98-1d8becd2ace7
۷۴م۱۸۷-۱۷,waived,2026-07-19T08:03:58.529717+00:00,2026-07-19T08:10:54.913105+00:00,6,0,waived,entry,exit,,7aedf711-f3b4-4b7f-adb5-c6a391577425
۵۳ص۹۵۱-۱۷,waived,2026-07-19T08:03:51.699443+00:00,2026-07-21T20:12:25.419634+00:00,3608,0,waived,entry,,,102ebfc0-1e78-4816-905e-1fc29b414fdc
۸۸ج۵۳۴-۳۷,waived,2026-07-19T08:03:07.761613+00:00,2026-07-19T08:33:20.504453+00:00,30,16666,waived,entry,exit,,06a5d23a-6e44-4971-9997-a9c98d8f3f94
۳۷ص۶۲۴-۱۷,waived,2026-07-19T08:00:41.007371+00:00,2026-07-21T20:12:25.419634+00:00,3611,0,waived,entry,,,5c60f70d-0494-4cdf-b3c3-74406e0e8479
۷۲س۳۶۵-۱۷,waived,2026-07-19T07:59:34.940883+00:00,2026-07-21T20:12:25.419634+00:00,3612,0,waived,entry,,,599e0dff-6537-4e3d-a914-64dbef30d5b8
۷۲ق۱۳۹-۱۲,waived,2026-07-19T07:58:26.185091+00:00,2026-07-21T20:12:25.419634+00:00,3613,0,waived,entry,,,be1e2d4e-8460-4e7c-a733-ffaae44e7068
۷۳ن۱۳۹-۱۷,waived,2026-07-19T07:58:23.847831+00:00,2026-07-21T20:12:25.419634+00:00,3614,0,waived,entry,,,ceb5c156-9024-401f-b188-20bd671e1291
۴۸ق۲۳۹-۲۲,waived,2026-07-19T07:55:43.984977+00:00,2026-07-21T20:12:25.419634+00:00,3616,0,waived,entry,,,c7d46b67-900f-46c0-81ad-503918f18fb3
۲۵ط۵۷۹-۱۷,waived,2026-07-19T07:54:59.730386+00:00,2026-07-19T09:00:41.392943+00:00,65,45833,waived,entry,exit,,87c9eaf4-296f-487c-83ec-4f6acb808440
۶۲و۱۶۵-۱۷,flagged,2026-07-19T07:52:40.331243+00:00,,,0,,entry,,,9479c780-2f71-4518-9a23-ca7b613232eb
۵۱و۶۱۱-۷۷,waived,2026-07-19T07:52:23.719033+00:00,2026-07-21T20:12:25.419634+00:00,3620,0,waived,entry,,,5aa29a64-2ea4-4aef-998e-35c49016ba11
۵۳ی۳۶۷-۱۷,waived,2026-07-19T07:51:46.198400+00:00,2026-07-21T20:12:25.419634+00:00,3620,0,waived,entry,,,3e185a1d-fa22-4793-a2b2-29b8fdd8772e
۵۱و۲۶۱-۱۷,waived,2026-07-19T07:51:02.271249+00:00,2026-07-21T20:12:25.419634+00:00,3621,0,waived,entry,,,56f0022b-9e02-43ad-a845-9d4806805155
۷۹و۳۶۴-۱۷,waived,2026-07-19T07:50:16.052206+00:00,2026-07-21T20:12:25.419634+00:00,3622,0,waived,entry,,,c5cb3a8d-c077-44aa-b8a3-501155c6ab04
۲۲ط۱۵۸-۳۷,waived,2026-07-19T07:49:22.869300+00:00,2026-07-21T20:12:25.419634+00:00,3623,0,waived,entry,,,03685c80-926e-4d54-a60a-8b301bd30684
۴۳م۹۴۴-۱۷,waived,2026-07-19T07:49:13.641924+00:00,2026-07-19T08:01:28.101321+00:00,12,1666,waived,entry,exit,,5bb30ef3-d358-429a-94b8-5a4c0e87f30b
۲۶ص۶۲۸-۱۷,waived,2026-07-19T07:48:36.140433+00:00,2026-07-21T20:12:25.419634+00:00,3623,0,waived,entry,,,49e2241d-3bd2-4413-9648-a00b671f3700
۲۶۶۲۸-۱۷,waived,2026-07-19T07:48:33.993892+00:00,2026-07-21T20:12:25.419634+00:00,3623,0,waived,entry,,,c05f97f8-6364-4b7a-9e50-35fe5bff0b10
۶۴ن۸۱۵-۱۷,waived,2026-07-19T07:47:51.867785+00:00,2026-07-21T20:12:25.419634+00:00,3624,0,waived,entry,,,a3fd28fa-57fc-48c5-90bf-82b2a99a4e9e
۴۲م۶۴۵-۱۷,waived,2026-07-19T07:47:04.885372+00:00,2026-07-21T20:12:25.419634+00:00,3625,0,waived,entry,,,b437cb6d-efe0-447f-8445-a2987e1df0b3
۷۱ب۷۱۸-۱۷,waived,2026-07-19T07:46:36.262733+00:00,2026-07-21T20:12:25.419634+00:00,3625,0,waived,entry,,,d5680476-e83d-418b-93ce-49ab80042bfe
۳۶ب۹۸۳-۱۷,waived,2026-07-19T07:44:45.363171+00:00,2026-07-21T20:12:25.419634+00:00,3627,0,waived,entry,,,42df4088-8e0d-4e77-8598-0638a55466ea
۲۷ی۳۳۳-۱۷,waived,2026-07-19T07:42:04.956768+00:00,2026-07-21T20:12:25.419634+00:00,3630,0,waived,entry,,,f15771f9-0e5d-45a9-96d5-4780a4a8a669
۱۶ن۳۳۱-۱۷,waived,2026-07-19T07:40:22.471742+00:00,2026-07-19T07:44:39.767960+00:00,4,0,waived,entry,exit,,fc115022-1be4-462a-9dff-6466c4ac3a6e
۷۸ل۷۸۶-۱۷,waived,2026-07-19T07:35:59.557664+00:00,2026-07-21T20:12:25.419634+00:00,3636,0,waived,entry,,,b61d4e63-fea4-483a-bd80-32a13b70594e
۹۹ی۵۱۳-۱۷,waived,2026-07-19T07:35:46.371323+00:00,2026-07-21T20:12:25.419634+00:00,3636,0,waived,entry,,,5f3908a6-3713-4ace-bd66-6622b2645b17
۸۵ل۳۴۳-۱۷,waived,2026-07-19T07:35:15.618087+00:00,2026-07-19T08:58:20.183634+00:00,83,60833,waived,entry,exit,,b142b00a-5253-48af-acc5-4513c3e4c083
۸۷ن۸۷۲-۱۷,waived,2026-07-19T07:34:18.164172+00:00,2026-07-21T20:12:25.419634+00:00,3638,0,waived,entry,,,066954b0-eda3-4705-b7d4-92d2697b7dfc
۱۲۵۶۸-۲۷,waived,2026-07-19T07:32:33.488172+00:00,2026-07-21T20:12:25.419634+00:00,3639,0,waived,entry,,,ca5a6b88-40e2-4990-92f9-5f8470aec4b6
۸۸ج۱۹۵-۱۷,flagged,2026-07-19T07:29:25.939080+00:00,,,0,,entry,,,0963bd9d-7a10-48cd-9292-2fdc3eca6783
۵۲د۵۴۲-۱۷,waived,2026-07-19T07:28:25.362254+00:00,2026-07-19T09:10:58.986734+00:00,102,76666,waived,entry,exit,,742c9401-ab43-4c15-8ad3-79798e8312f9
۱۷ی۲۱۹-۱۷,waived,2026-07-19T07:27:14.536768+00:00,2026-07-19T08:14:18.199224+00:00,47,30833,waived,entry,exit,,4acb4cc0-2098-42ff-9aed-14149aef556d
۳۵ق۱۵۲-۲۷,waived,2026-07-19T07:25:01.800187+00:00,2026-07-21T20:12:25.419634+00:00,3647,0,waived,entry,,,4d139246-7c83-41d6-81cb-19e0b2f6cf4b
۴۳ق۲۵۲-۳۷,waived,2026-07-19T07:24:54.806817+00:00,2026-07-19T08:44:35.891053+00:00,79,57500,waived,entry,exit,,c0355398-6674-42c0-a7f4-f3fb5fea3aec
۵۳ی۳۶۷-۱۷,flagged,2026-07-19T07:23:23.509788+00:00,,,0,,entry,,,b2096c2b-ad43-499b-b79d-737802c9263d
۳۷ص۶۲۴-۱۷,flagged,2026-07-19T07:20:58.515575+00:00,,,0,,entry,,,57939898-5d4e-4002-ae2f-5eceef4a0774
۸۷ن۸۷۲-۱۷,flagged,2026-07-19T07:19:29.449596+00:00,,,0,,entry,,,c246bdcb-72c9-417f-bf22-6bb90a45fe8f
۵۸ص۵۵۸-۲۷,waived,2026-07-19T07:19:12.071069+00:00,2026-07-21T20:12:25.419634+00:00,3653,0,waived,entry,,,1e49e396-ccc6-4b04-8199-95cc17f1a699
۶۹ی۶۱۱-۱۷,waived,2026-07-19T07:18:52.483883+00:00,2026-07-21T20:12:25.419634+00:00,3653,0,waived,entry,,,3007bcd9-a0a6-4747-bc3b-f02ff7840993
۸۸س۳۶۹-۱۷,waived,2026-07-19T07:18:16.894143+00:00,2026-07-21T20:12:25.419634+00:00,3654,0,waived,entry,,,776e9e78-73cd-46ef-87bd-8ee0faf05160
۵۶و۱۴۹-۱۷,waived,2026-07-19T07:18:08.246300+00:00,2026-07-21T20:12:25.419634+00:00,3654,0,waived,entry,,,0c461470-a6d5-4dc6-aaeb-66568a71fe42
۵۸ل۶۹۷-۱۷,waived,2026-07-19T07:18:06.004904+00:00,2026-07-21T20:12:25.419634+00:00,3654,0,waived,entry,,,0c5eb68f-be16-4e70-9e7e-384b485c9b1e
۵۸ه۹۴۳-۱۷,waived,2026-07-19T07:18:01.513362+00:00,2026-07-21T20:12:25.419634+00:00,3654,0,waived,entry,,,bb0ea9f4-060a-4bd3-bcee-5459504d7964
۷۷ص۵۳۱-۱۷,waived,2026-07-19T07:09:55.704450+00:00,2026-07-19T07:14:41.953385+00:00,4,0,waived,entry,exit,,67d8bc37-16a5-44a1-ad79-a03389e54a64
۸۵ی۲۹۸-۱۷,waived,2026-07-19T07:09:22.657284+00:00,2026-07-21T20:12:25.419634+00:00,3663,0,waived,entry,,,3e53db4a-5a4f-4936-97ec-607fab1f264e
۶۱ج۸۱۸-۱۷,waived,2026-07-19T07:09:18.474599+00:00,2026-07-21T20:12:25.419634+00:00,3663,0,waived,entry,,,5e2cf988-5572-4f90-a595-f3314f4d5561
۲۹م۸۳۳-۸۸,waived,2026-07-19T07:09:13.972354+00:00,2026-07-19T08:37:06.186244+00:00,87,64166,waived,entry,exit,,a07c0f17-c121-431b-b614-69fb72a60ba3
۱۱م۳۳۶-۱۷,waived,2026-07-19T07:08:33.997955+00:00,2026-07-19T07:38:14.253118+00:00,29,15833,waived,entry,exit,,1b54edc3-ef05-4630-bd10-b8e848573f60
۵۱ص۷۴۱-۱۷,waived,2026-07-19T07:08:00.368687+00:00,2026-07-19T08:00:29.926455+00:00,52,35000,waived,entry,exit,,b40fc953-dc51-46f7-8495-445f926747de
۴۸ق۲۳۹-۲۲,flagged,2026-07-19T07:07:49.430952+00:00,,,0,,entry,,,e6cbcf3d-b69b-463b-863c-b00fabd79899
۷۶ص۶۲۹-۱۷,waived,2026-07-19T07:06:51.767272+00:00,2026-07-19T08:43:48.961930+00:00,96,71666,waived,entry,exit,,83d36b5a-b17b-47f5-a3cd-f0c1b19ead90
۵۲و۷۶۶-۱۷,waived,2026-07-19T07:05:53.786084+00:00,2026-07-21T20:12:25.419634+00:00,3666,0,waived,entry,,,3cb8eb11-c796-45c5-9aae-ae3fcc74d9e9
۲۹ط۴۷۱-۱۷,waived,2026-07-19T07:04:58.932422+00:00,2026-07-21T20:12:25.419634+00:00,3667,0,waived,entry,,,b5247b07-535e-49e0-af3c-c7e2c39af578
۱۹ق۷۳۷-۱۷,waived,2026-07-19T07:04:01.278913+00:00,2026-07-21T20:12:25.419634+00:00,3668,0,waived,entry,,,686909f0-703b-45e3-8723-9f82d04b1eb2
۱۹ن۷۳۷-۱۷,waived,2026-07-19T07:03:59.003474+00:00,2026-07-19T08:40:51.953644+00:00,96,71666,waived,entry,exit,,4efcf393-f535-4f15-a638-afff81cccba4
۸۶ق۱۷۶-۹۷,waived,2026-07-19T07:03:54.517774+00:00,2026-07-21T20:12:25.419634+00:00,3668,0,waived,entry,,,e9891d4a-f4fd-489c-8361-97aee5bde7d1
۷۶و۸۴۵-۱۷,waived,2026-07-19T07:03:43.845367+00:00,2026-07-19T08:26:44.590034+00:00,83,60833,waived,entry,exit,,1a4e4e7c-711b-46ca-a51a-5ac7081b286e
۳۷ه۶۲۵-۱۷,waived,2026-07-19T07:03:37.166347+00:00,2026-07-19T07:11:34.332800+00:00,7,0,waived,entry,exit,,0b1f4d37-0097-422a-90af-b18214f20d39
۱۱ب۸۱۴-۳۵,waived,2026-07-19T07:03:08.587000+00:00,2026-07-21T20:12:25.419634+00:00,3669,0,waived,entry,,,766f9277-d5c0-407d-9bcd-692b2e6b0901
۱۱ب۸۳۳-۳۵,waived,2026-07-19T07:03:06.365501+00:00,2026-07-19T07:53:59.558354+00:00,50,33333,waived,entry,exit,,8397768c-cc1d-43bf-974e-f857cc29c9da
۴۱ه۱۳۵-۱۷,waived,2026-07-19T07:01:48.508283+00:00,2026-07-19T07:28:35.764705+00:00,26,13333,waived,entry,exit,,54aa6ace-6e73-4ddd-8c84-0c081f5f6e09
۹۸م۶۳۱-۱۷,waived,2026-07-19T07:01:11.269311+00:00,2026-07-19T07:12:10.157069+00:00,10,0,waived,entry,exit,,9dc84694-c26b-4bdd-a402-3ad4210fea98
۲۷ه۳۱۴-۱۷,waived,2026-07-19T07:00:29.766374+00:00,2026-07-19T08:46:40.196500+00:00,106,80000,waived,entry,exit,,b2201c9a-9da1-44a5-8285-83c69037b556
۴۷س۵۲۴-۱۷,waived,2026-07-19T07:00:22.820292+00:00,2026-07-19T07:57:46.424497+00:00,57,39166,waived,entry,exit,,9445b748-f6b4-414a-b839-cf26978c85e9
۲۶ق۸۲۳-۱۲,waived,2026-07-19T06:59:07.822368+00:00,2026-07-21T20:12:25.419634+00:00,3673,0,waived,entry,,,370f90e0-7dff-4129-870c-eac495141694
۸۳ب۶۱۲-۱۷,waived,2026-07-19T06:56:55.928215+00:00,2026-07-19T08:24:52.691340+00:00,87,64166,waived,entry,exit,,8ea3e3d7-10fa-4e42-9730-effe9500c7e7
۷۴م۱۸۷-۱۷,waived,2026-07-19T06:56:18.395882+00:00,2026-07-19T06:59:58.801422+00:00,3,0,waived,entry,exit,,37abfb59-40bd-4e52-a451-8cfc9fddbfdd
۴۷و۱۴۹-۱۷,waived,2026-07-19T06:55:12.011053+00:00,2026-07-21T20:12:25.419634+00:00,3677,0,waived,entry,,,516818f5-fd50-432b-8dd0-3b7af9aa9a77
۶۳م۴۴۶-۱۷,waived,2026-07-19T06:50:28.383156+00:00,2026-07-21T20:12:25.419634+00:00,3681,0,waived,entry,,,6125d26b-e384-4b02-bebe-fb579289f9cf
۷۶ن۷۶۲-۱۷,waived,2026-07-19T06:49:06.063088+00:00,2026-07-21T20:12:25.419634+00:00,3683,0,waived,entry,,,59d7e893-1881-4cee-a1cf-e66f14dfdf37
۲۵ی۹۲۶-۱۷,waived,2026-07-19T06:47:03.672954+00:00,2026-07-19T08:33:02.083910+00:00,105,79166,waived,entry,exit,,6240af4f-a60b-4aa0-9d79-d1d9d4549cd8
۱۲س۸۷۲-۱۷,waived,2026-07-19T06:46:28.383224+00:00,2026-07-21T20:12:25.419634+00:00,3685,0,waived,entry,,,0fc251da-c224-4eef-857e-eec11f2736b8
۳۱ل۹۵۱-۱۷,waived,2026-07-19T06:46:21.404643+00:00,2026-07-21T20:12:25.419634+00:00,3686,0,waived,entry,,,80f5ec25-19ee-4f50-865a-4bc504014b8e
۴۱ی۵۳۵-۹۱,waived,2026-07-19T06:46:12.722769+00:00,2026-07-21T20:12:25.419634+00:00,3686,0,waived,entry,,,ffa8d5ee-dbb7-4beb-9989-1953aad773a2
۷۸ن۵۸۹-۱۷,waived,2026-07-19T06:44:37.846329+00:00,2026-07-19T08:40:07.078305+00:00,115,87500,waived,entry,exit,,dd9d696e-5652-4f36-9a0d-53065f527bba
۴۵ب۲۴۴-۱۲,waived,2026-07-19T06:43:43.799815+00:00,2026-07-21T20:12:25.419634+00:00,3688,0,waived,entry,,,ae116e4a-9056-4b17-bb4e-326c44c8f660
۸۸ج۳۷۵-۱۷,waived,2026-07-19T06:43:39.517681+00:00,2026-07-19T08:14:15.917994+00:00,90,66666,waived,entry,exit,,52e5b61c-14c9-4b0b-90ef-40dfe0466efb
۶۵ب۲۶۴-۱۷,waived,2026-07-19T06:43:04.045265+00:00,2026-07-19T07:32:33.997432+00:00,49,32500,waived,entry,exit,,465d9f7c-e187-4750-a690-63703e2863cc
۳۵د۹۳۹-۳۷,waived,2026-07-19T06:42:08.291805+00:00,2026-07-19T08:38:58.764645+00:00,116,88333,waived,entry,exit,,70f869ea-9ea9-478f-b9b5-0c09e6283386
۵۳ه۴۴۳-۱۷,waived,2026-07-19T06:40:45.961580+00:00,2026-07-19T09:09:50.112048+00:00,149,115833,waived,entry,exit,,1701c97a-5b8d-4efd-8eac-0d9b6e9619f5
۲۴د۷۶۱-۲۷,waived,2026-07-19T06:38:50.615782+00:00,2026-07-19T07:00:50.309271+00:00,21,9166,waived,entry,exit,,dbb8282e-4035-45ee-bcf1-6ee72aa1c5a3
۸۶س۹۶۷-۱۷,waived,2026-07-19T06:37:50.985670+00:00,2026-07-19T08:44:26.928411+00:00,126,96666,waived,entry,exit,,5fe36659-3eda-4b91-82e1-222ac3004901
۶۵ب۴۱۸-۱۷,waived,2026-07-19T06:37:35.866305+00:00,2026-07-21T20:12:25.419634+00:00,3694,0,waived,entry,,,9fea3c75-d206-413a-8fcc-8d3f4f6d05af
۴۵ن۲۶۹-۲۵,waived,2026-07-19T06:37:20.459405+00:00,2026-07-21T20:12:25.419634+00:00,3695,0,waived,entry,,,c2199468-fc58-4e95-94d1-b0b4d387e5ef
۷۸ل۷۸۶-۱۷,flagged,2026-07-19T06:36:27.540409+00:00,,,0,,entry,,,d297e213-e23b-4cb8-a56b-3658eb589e29
۸۷۸۶۴-۱۲,waived,2026-07-19T06:35:40.176637+00:00,2026-07-21T20:12:25.419634+00:00,3696,0,waived,entry,,,1dc22f78-089b-4e06-bed9-73c85c9b84ba
۷۸۷۸۶-۱۲,waived,2026-07-19T06:35:20.290236+00:00,2026-07-21T20:12:25.419634+00:00,3697,0,waived,entry,,,b468134c-3efe-445e-b6c5-227339ff85de
۲۸ب۴۲۱-۱۷,waived,2026-07-19T06:35:09.568025+00:00,2026-07-21T20:12:25.419634+00:00,3697,0,waived,entry,,,b6a4b32b-2256-4cc7-84b9-76a384414d51
۸۷ب۳۳۲-۱۷,waived,2026-07-19T06:35:07.144586+00:00,2026-07-21T20:12:25.419634+00:00,3697,0,waived,entry,,,6aef8183-c454-4188-b216-c0dec04fb87b
۵۴د۶۱۷-۱۷,waived,2026-07-19T06:35:02.670822+00:00,2026-07-21T20:12:25.419634+00:00,3697,0,waived,entry,,,cf965956-4a69-48c1-9aff-497780874423
۵۳س۲۸۶-۱۷,waived,2026-07-19T06:33:05.193166+00:00,2026-07-21T20:12:25.419634+00:00,3699,0,waived,entry,,,894dacca-ad42-4bc4-aae7-4755370a5950
۶۶ه۳۴۷-۱۷,waived,2026-07-19T06:32:58.658833+00:00,2026-07-21T20:12:25.419634+00:00,3699,0,waived,entry,,,61ed57d0-c442-46b0-a48f-770820aa6bd8
۳۱ی۴۶۵-۱۷,waived,2026-07-19T06:32:04.857957+00:00,2026-07-19T08:10:01.611945+00:00,97,72500,waived,entry,exit,,7ba1eb51-3af2-4a21-925e-483167069f66
۶۱ن۷۳۴-۵۶,waived,2026-07-19T06:29:53.271194+00:00,2026-07-19T07:05:24.720615+00:00,35,20833,waived,entry,exit,,b057e36a-959a-48ac-8f52-8e86d4538ac3
۶۱ق۷۳۴-۵۶,waived,2026-07-19T06:29:51.005159+00:00,2026-07-21T20:12:25.419634+00:00,3702,0,waived,entry,,,018241b7-b097-4318-ba31-4ac191ab125e
۳۶ن۸۲۲-۱۷,waived,2026-07-19T06:29:37.844804+00:00,2026-07-19T06:58:57.193724+00:00,29,15833,waived,entry,exit,,dd1bf8d2-2c3c-4eb9-88dc-6e9f260387be
۱۶ج۱۸۸-۱۷,waived,2026-07-19T06:29:24.990426+00:00,2026-07-21T20:12:25.419634+00:00,3703,0,waived,entry,,,b923e2ad-fd53-43e3-a889-cc86fbf8c72e
۱۶۱۸۸-۱۷,waived,2026-07-19T06:29:20.509026+00:00,2026-07-19T06:55:49.013005+00:00,26,13333,waived,entry,exit,,e63a1488-0b64-4c83-87e1-7847a66d0315
۳۱م۳۷۷-۱۷,waived,2026-07-19T06:27:56.230112+00:00,2026-07-19T06:30:32.587110+00:00,2,0,waived,entry,exit,,6c0a7b28-3c7f-47ee-8e9f-18b58553c4f4
۵۴ب۴۹۲-۱۷,waived,2026-07-19T06:26:03.115374+00:00,2026-07-21T20:12:25.419634+00:00,3706,0,waived,entry,,,f25a8a72-3026-435c-afd9-3080746af3ee
۶۵ب۵۲۴-۳۷,waived,2026-07-19T06:25:13.830173+00:00,2026-07-19T07:17:39.875316+00:00,52,35000,waived,entry,exit,,001267b6-a4e6-4342-ad90-d218fc24a1b2
۳۹ق۵۹۶-۱۷,waived,2026-07-19T06:24:31.510499+00:00,2026-07-21T20:12:25.419634+00:00,3707,0,waived,entry,,,0b890d08-e027-4857-9ab1-26e6bd8cf8f3
۷۸ل۷۸۶-۹۷,waived,2026-07-19T06:23:30.794668+00:00,2026-07-21T20:12:25.419634+00:00,3708,0,waived,entry,,,2cabe598-b38f-4a44-b24b-aa89708a64b0
۹۸ق۸۳۹-۱۷,waived,2026-07-19T06:23:28.531494+00:00,2026-07-19T08:09:54.384023+00:00,106,80000,waived,entry,exit,,652af8cb-13a7-4c59-af26-0fe80203c044
۴۲د۹۸۴-۱۷,waived,2026-07-19T06:21:37.374778+00:00,2026-07-21T20:12:25.419634+00:00,3710,0,waived,entry,,,ac719c5b-c900-4206-af33-c979527335cc
۷۵س۱۸۴-۱۷,waived,2026-07-19T06:21:08.842603+00:00,2026-07-19T06:24:53.161341+00:00,3,0,waived,entry,exit,,ce0e5ee4-ebe5-4f7a-84fc-c7200fed1e16
۷۸د۹۶۷-۱۱,waived,2026-07-19T06:20:44.172054+00:00,2026-07-21T20:12:25.419634+00:00,3711,0,waived,entry,,,17ba7aa5-1100-4508-b722-cd8e5db8ee14
۴۸ج۲۱۱-۲۷,waived,2026-07-19T06:20:23.985081+00:00,2026-07-19T06:26:45.697579+00:00,6,0,waived,entry,exit,,4eb3b37d-6805-4464-afce-fe5cb04066ba
۶۷ل۸۹۲-۱۷,waived,2026-07-19T06:19:26.051168+00:00,2026-07-19T06:45:20.684197+00:00,25,12500,waived,entry,exit,,2f5a9e05-6c4d-4677-8f2c-c64b673e04d2
۴۹ل۶۷۵-۱۷,waived,2026-07-19T06:19:01.386208+00:00,2026-07-21T20:12:25.419634+00:00,3713,0,waived,entry,,,9ae51013-0f8d-4a0c-8196-5d9a51e3d6b4
۵۵س۹۵۱-۱۷,waived,2026-07-19T06:17:45.521156+00:00,2026-07-21T20:12:25.419634+00:00,3714,0,waived,entry,,,1fa5a893-fdb9-44ff-b00e-88c55160452a
۱۸ب۱۴۹-۱۷,waived,2026-07-19T06:16:23.183909+00:00,2026-07-19T08:23:29.169354+00:00,127,97500,waived,entry,exit,,9897ef4c-c02c-4891-8c1e-0522d4f80603
۴۸ق۹۷۵-۱۷,waived,2026-07-19T06:16:18.692426+00:00,2026-07-21T20:12:25.419634+00:00,3716,0,waived,entry,,,5e950fde-55d8-4a86-baeb-778efa5db6fa
۱۹ت۲۴۳-۱۷,waived,2026-07-19T06:13:06.903642+00:00,2026-07-19T06:17:34.087961+00:00,4,0,waived,entry,exit,,15840dd6-a6aa-4674-8bb7-574798a2ad95
۹۹۲۴۳-۱۷,waived,2026-07-19T06:13:04.670480+00:00,2026-07-21T20:12:25.419634+00:00,3719,0,waived,entry,,,679ed065-dff4-42f0-afec-edb3a3e44b7b
۵۳ق۸۷۴-۱۷,waived,2026-07-19T06:10:06.542358+00:00,2026-07-19T07:36:33.454695+00:00,86,63333,waived,entry,exit,,f6fa42ea-e9d9-47cb-8dd8-bcae166179dc
۴۳م۹۴۴-۱۷,waived,2026-07-19T06:09:57.623960+00:00,2026-07-19T06:13:30.465605+00:00,3,0,waived,entry,exit,,da613e71-7e3b-416c-bce1-5ccbfa7da967
۴۵م۱۳۱-۱۷,waived,2026-07-19T06:08:17.077885+00:00,2026-07-19T07:15:16.053122+00:00,66,46666,waived,entry,exit,,2c070773-5fbb-421b-82ea-8f040f4d401a
۱۲و۵۷۸-۱۷,waived,2026-07-19T06:06:59.324809+00:00,2026-07-21T20:12:25.419634+00:00,3725,0,waived,entry,,,f22f207e-d4bd-4a30-8948-8e559fbacbc0
۱۸و۳۲۱-۱۷,waived,2026-07-19T06:06:57.014212+00:00,2026-07-19T06:39:01.641270+00:00,32,18333,waived,entry,exit,,034f7e94-65c0-46ee-a6ed-880f37a47b10
۴۱ل۲۹۵-۱۷,waived,2026-07-19T06:05:54.844741+00:00,2026-07-19T09:04:58.939229+00:00,179,140833,waived,entry,exit,,137918c7-366b-48fb-a054-e384629eaf26
۹۹د۲۱۵-۱۷,waived,2026-07-19T06:05:19.287793+00:00,2026-07-19T06:16:07.283280+00:00,10,0,waived,entry,exit,,06e87021-b9fa-44d2-ae4b-bc4f138983a7
۲۹د۷۱۴-۳۷,waived,2026-07-19T06:04:32.808943+00:00,2026-07-19T06:30:39.279695+00:00,26,13333,waived,entry,exit,,884e8b03-9473-493d-8a82-8fc12979c2ff
۲۵ل۸۷۹-۱۷,waived,2026-07-19T06:03:43.940556+00:00,2026-07-21T20:12:25.419634+00:00,3728,0,waived,entry,,,1a64f7ff-580b-434b-8a3c-b8e135ad567d
۴۹ب۵۶۴-۱۷,waived,2026-07-19T06:02:41.054310+00:00,2026-07-21T20:12:25.419634+00:00,3729,0,waived,entry,,,87ff2846-85d7-4f85-a641-b3bef3a015a4
۵۳ج۱۸۷-۱۷,waived,2026-07-19T06:01:40.586509+00:00,2026-07-19T06:33:25.572358+00:00,31,17500,waived,entry,exit,,7ea31e12-a3be-4ee0-a67b-fb2cc5965c8e
۷۳ه۵۹۹-۱۷,waived,2026-07-19T06:01:09.280315+00:00,2026-07-21T20:12:25.419634+00:00,3731,0,waived,entry,,,353be7b4-3cc1-4d17-8223-71b150ea8c31
۳۳ط۵۸۳-۱۷,waived,2026-07-19T05:57:48.191525+00:00,2026-07-21T20:12:25.419634+00:00,3734,0,waived,entry,,,ec2c1680-9a76-41e8-a100-43efc25a0636
۷۵ه۵۳۴-۱۷,waived,2026-07-19T05:57:30.714180+00:00,2026-07-19T06:03:34.102592+00:00,6,0,waived,entry,exit,,408e26a3-81b8-4411-8061-338b1b62567e
۱۵ب۵۸۵-۱۷,waived,2026-07-19T05:49:44.054439+00:00,2026-07-21T20:12:25.419634+00:00,3742,0,waived,entry,,,df51b328-1578-4c11-b303-8a05b1537cfc
۷۳ن۶۸۲-۱۲,waived,2026-07-19T05:48:14.687312+00:00,2026-07-21T20:12:25.419634+00:00,3744,0,waived,entry,,,d2a4cae2-beb9-48a8-8096-448d848d3ec6
۴۴ه۷۵۵-۹۷,waived,2026-07-19T05:47:48.367169+00:00,2026-07-21T20:12:25.419634+00:00,3744,0,waived,entry,,,fe6f6780-0ef5-40aa-8171-5ef610c2571c
۹۶ب۱۷۶-۱۷,waived,2026-07-19T05:47:35.500452+00:00,2026-07-21T20:12:25.419634+00:00,3744,0,waived,entry,,,e881e8ea-4681-4b7c-aadc-08dd5d7fda9c
۶۷و۷۷۷-۱۷,waived,2026-07-19T05:47:22.363673+00:00,2026-07-21T20:12:25.419634+00:00,3745,0,waived,entry,,,ecd3371b-c809-46ff-9310-1538f3ddb79c
۶۹ب۱۳۲-۱۷,waived,2026-07-19T05:44:23.415385+00:00,2026-07-19T06:00:04.109069+00:00,15,4166,waived,entry,exit,,19384fbf-4c37-47da-ac63-7ce4917178b8
۶۵ن۳۸۸-۱۷,waived,2026-07-19T05:42:56.620454+00:00,2026-07-21T20:12:25.419634+00:00,3749,0,waived,entry,,,87a3a1bd-d7f1-4d69-8af2-1019877069c2
۲۵ی۳۹۴-۱۷,waived,2026-07-19T05:42:52.103650+00:00,2026-07-21T20:12:25.419634+00:00,3749,0,waived,entry,,,475809b3-ead2-4860-b3c4-b5ed8b6614bb
۹۴ل۳۵۳-۱۷,waived,2026-07-19T05:42:34.228887+00:00,2026-07-21T20:12:25.419634+00:00,3749,0,waived,entry,,,3b7d8194-5ee7-4075-9f8d-016567a6644f
۱۱ه۳۲۲-۱۷,waived,2026-07-19T05:37:29.572054+00:00,2026-07-19T05:41:02.102737+00:00,3,0,waived,entry,exit,,391aef57-e0a7-430e-96d8-b952dd4c2283
۳۴ق۴۳۶-۱۷,waived,2026-07-19T05:37:04.881631+00:00,2026-07-19T05:58:34.982775+00:00,21,9166,waived,entry,exit,,874715bd-9108-48fc-b2f9-b3b3035b1f8b
۵۸م۶۵۲-۱۷,waived,2026-07-19T05:33:50.568326+00:00,2026-07-21T20:12:25.419634+00:00,3758,0,waived,entry,,,15f9aeac-7019-48ff-b073-2bfa905cd9de
۳۲ص۱۲۷-۱۷,waived,2026-07-19T05:33:37.107019+00:00,2026-07-21T20:12:25.419634+00:00,3758,0,waived,entry,,,598b025d-f8b3-4dd0-8f75-315e81a7cd40
۱۱۷۵۳-۱۷,waived,2026-07-19T05:33:18.920762+00:00,2026-07-21T20:12:25.419634+00:00,3759,0,waived,entry,,,0e3a18ff-c5f8-47ff-9d31-17f3e4893d3b
۵۹و۴۷۴-۱۷,waived,2026-07-19T05:31:02.266452+00:00,2026-07-21T20:12:25.419634+00:00,3761,0,waived,entry,,,61c5d0db-cbaf-4ecb-a68b-340a72d4930a
۱۶ی۴۹۱-۱۷,waived,2026-07-19T05:30:04.849150+00:00,2026-07-19T05:45:28.726647+00:00,15,4166,waived,entry,exit,,a43ec7f0-5e65-4131-98bd-54a1906e38f6
۳۲م۸۲۶-۳۷,waived,2026-07-19T05:29:53.658119+00:00,2026-07-19T08:00:48.061685+00:00,150,116666,waived,entry,exit,,fa2450f2-e55b-42a3-a26a-36ac584dabd0
۱۷ج۸۹۶-۱۵,waived,2026-07-19T05:27:10.106713+00:00,2026-07-21T20:12:25.419634+00:00,3765,0,waived,entry,,,38b1f1ad-0153-4cdf-8e8c-647839c20296
۱۸د۸۸۱-۳۷,waived,2026-07-19T05:24:54.539171+00:00,2026-07-21T20:12:25.419634+00:00,3767,0,waived,entry,,,b9a17ded-d959-4def-83c0-0918c3a26136
۷۳ن۱۳۹-۱۷,flagged,2026-07-19T05:24:39.153288+00:00,,,0,,entry,,,47caf507-1cee-4fd0-8994-971e24b53db2
۴۹ل۱۵۳-۱۷,waived,2026-07-19T05:23:58.582649+00:00,2026-07-21T20:12:25.419634+00:00,3768,0,waived,entry,,,f5ab8cae-57c4-4f08-a5bb-d6db10db2dcd
۱۴۹۶۲-۴۴,waived,2026-07-19T05:18:52.226265+00:00,2026-07-21T20:12:25.419634+00:00,3773,0,waived,entry,,,1beb3782-d3d9-4886-ab9a-486f469287c9
۷۳ج۵۷۷-۳۷,waived,2026-07-19T05:18:43.254612+00:00,2026-07-19T08:12:07.998490+00:00,173,135833,waived,entry,exit,,47a3ef6d-aa93-40af-ac83-0fc2eb9615d3
۲۹ی۹۴۸-۱۷,waived,2026-07-19T05:18:36.521758+00:00,2026-07-21T20:12:25.419634+00:00,3773,0,waived,entry,,,a7e3ffff-de6a-4942-8ca2-d53d8d99d040
۲۹م۸۴۸-۱۷,waived,2026-07-19T05:18:25.353079+00:00,2026-07-19T07:04:05.821646+00:00,105,79166,waived,entry,exit,,2ebb161e-bdff-464e-b4e2-0d8209ac0a7d
۸۷ه۴۴۶-۹۷,waived,2026-07-19T05:17:29.863856+00:00,2026-07-21T20:12:25.419634+00:00,3774,0,waived,entry,,,b87bb268-e773-4546-9f79-4a0dd22f0a3c
۵۳م۶۲۱-۱۷,waived,2026-07-19T05:16:33.880191+00:00,2026-07-19T06:06:04.134271+00:00,49,32500,waived,entry,exit,,dee3c3e6-7113-447a-97a9-0e716b191a6e
۳۴ل۳۷۸-۱۷,waived,2026-07-19T05:16:14.273226+00:00,2026-07-19T05:24:07.272029+00:00,7,0,waived,entry,exit,,90680a62-7060-4005-9bc9-bab6bc78961c
۷۴س۳۸۸-۱۷,waived,2026-07-19T05:16:09.780496+00:00,2026-07-19T05:19:41.777117+00:00,3,0,waived,entry,exit,,de89fd12-d5cf-499a-8a6b-b9ede1f84f31
۸۷و۷۷۶-۱۷,waived,2026-07-19T05:15:51.897901+00:00,2026-07-19T08:51:03.383128+00:00,215,170833,waived,entry,exit,,64b526e2-9166-4eb4-a53a-1a299e3ae4a5
۸۵ق۲۵۱-۱۷,waived,2026-07-19T05:15:00.351683+00:00,2026-07-19T05:17:38.806695+00:00,2,0,waived,entry,exit,,c159b841-e2be-4d3b-8dc5-78ef6af06973
۹۵ل۷۹۲-۳۵,waived,2026-07-19T05:14:31.240563+00:00,2026-07-19T05:57:21.051412+00:00,42,26666,waived,entry,exit,,2ad112a4-20cf-4bb2-a7b7-b9dba00ba722
۹۷و۹۲۳-۱۷,waived,2026-07-19T05:14:15.584829+00:00,2026-07-21T20:12:25.419634+00:00,3778,0,waived,entry,,,9d0dc322-b6dc-4f12-aaf0-6d13c43e5238
۷۴ه۴۲۴-۱۷,waived,2026-07-19T05:12:01.156845+00:00,2026-07-21T20:12:25.419634+00:00,3780,0,waived,entry,,,c8aa3c9d-3d78-47d2-bb3f-4b2d5b9f3282
۸۵ق۱۵۷-۱۷,waived,2026-07-19T05:11:07.418653+00:00,2026-07-21T20:12:25.419634+00:00,3781,0,waived,entry,,,00228ec4-eb53-42d1-a80c-bd6c311f7092
۱۲ج۵۶۳-۱۷,waived,2026-07-19T05:09:17.948573+00:00,2026-07-19T05:30:23.641066+00:00,21,9166,waived,entry,exit,,531af59f-04b1-465e-a6e0-856e14683fe7
۱۳ه۱۷۶-۱۷,waived,2026-07-19T05:09:09.115141+00:00,2026-07-21T20:12:25.419634+00:00,3783,0,waived,entry,,,56ca70c4-ad57-46cf-a815-fcbb528f1288
۴۶ل۶۶۵-۱۷,waived,2026-07-19T05:08:00.378584+00:00,2026-07-21T20:12:25.419634+00:00,3784,0,waived,entry,,,8822e333-152c-4849-ab1c-73cffa4feb90
۵۷د۳۸۳-۱۷,waived,2026-07-19T05:07:49.151116+00:00,2026-07-21T20:12:25.419634+00:00,3784,0,waived,entry,,,827ec1a4-c924-4aeb-b158-1b62269bab92
۵۷ع۳۸۳-۱۷,waived,2026-07-19T05:07:46.942751+00:00,2026-07-21T20:12:25.419634+00:00,3784,0,waived,entry,,,962c5009-ecd4-47f9-849b-4098cf559557
۱۱ی۲۲۶-۱۷,waived,2026-07-19T05:06:20.139069+00:00,2026-07-19T06:57:08.588484+00:00,110,83333,waived,entry,exit,,2bbe2524-c6dc-42ab-87b5-a1af2e31a1d1
۸۴ب۶۲۹-۱۷,waived,2026-07-19T05:06:17.963229+00:00,2026-07-21T20:12:25.419634+00:00,3786,0,waived,entry,,,f3020669-e565-4473-b719-827c8fac522e
۴۶س۵۵۴-۱۷,waived,2026-07-19T05:04:55.556987+00:00,2026-07-21T20:12:25.419634+00:00,3787,0,waived,entry,,,8eaf71df-2e78-40ac-8cfd-8f12d1ea0ebe
۴۶۵۵۴-۱۷,waived,2026-07-19T05:04:53.578512+00:00,2026-07-21T20:12:25.419634+00:00,3787,0,waived,entry,,,53bfc4c1-6f5b-4305-8de5-9c647fd4069d
۴۹ی۷۴۹-۱۷,waived,2026-07-19T05:04:33.950348+00:00,2026-07-21T20:12:25.419634+00:00,3787,0,waived,entry,,,c7062a78-00e3-441f-963c-c5658bb88e34
۳۳ص۷۲۷-۱۷,waived,2026-07-19T05:00:02.572730+00:00,2026-07-21T20:12:25.419634+00:00,3792,0,waived,entry,,,fea1325a-ed4b-4e97-b31f-a00bf402e50d
۸۲و۲۷۷-۱۷,waived,2026-07-19T04:57:39.852101+00:00,2026-07-21T20:12:25.419634+00:00,3794,0,waived,entry,,,13c1bcbd-2d85-40fa-ad84-2b26d71c7b08
۷۹س۵۲۴-۱۷,waived,2026-07-19T04:56:46.093083+00:00,2026-07-21T20:12:25.419634+00:00,3795,0,waived,entry,,,9549c0f7-32ce-45f0-bdea-c41e1b3967fb
۳۵ی۹۳۲-۱۷,waived,2026-07-19T04:56:08.816393+00:00,2026-07-21T20:12:25.419634+00:00,3796,0,waived,entry,,,aa54642b-3d94-4ed1-b6e1-a33b4439983d
۳۵ق۳۸۲-۱۷,waived,2026-07-19T04:55:59.624640+00:00,2026-07-21T20:12:25.419634+00:00,3796,0,waived,entry,,,facfa02b-0e13-4102-baad-44c2d6a69786
۸۹ب۱۹۳-۱۷,waived,2026-07-19T04:55:33.044810+00:00,2026-07-21T20:12:25.419634+00:00,3796,0,waived,entry,,,a30cbb63-9fac-4199-9546-f504897a4130
۳۶د۴۶۸-۳۷,waived,2026-07-19T04:55:21.845819+00:00,2026-07-21T20:12:25.419634+00:00,3797,0,waived,entry,,,154b5309-f827-4ff5-b8f7-417234adc137
۴۵ط۸۴۴-۱۷,waived,2026-07-19T04:54:05.677361+00:00,2026-07-21T20:12:25.419634+00:00,3798,0,waived,entry,,,96fd3c6e-e6d2-4dc8-9c94-26b84dc74c74
۷۸ی۲۸۳-۹۷,waived,2026-07-19T04:53:25.375838+00:00,2026-07-21T20:12:25.419634+00:00,3799,0,waived,entry,,,15965759-ce95-43ca-bb04-2eabc400e39c
۵۵ط۹۷۱-۱۷,waived,2026-07-19T04:53:02.944119+00:00,2026-07-19T05:55:33.523907+00:00,62,43333,waived,entry,exit,,aee35879-d4e3-460b-8908-18ef77a24890
۳۷و۲۲۵-۱۷,waived,2026-07-19T04:52:02.478404+00:00,2026-07-21T20:12:25.419634+00:00,3800,0,waived,entry,,,1adbe9ac-90ad-461d-afff-e2e4a26b8d04
۲۸ن۵۷۲-۱۷,waived,2026-07-19T04:50:29.039928+00:00,2026-07-21T20:12:25.419634+00:00,3801,0,waived,entry,,,aac5bc4c-5f42-4a90-a89f-2e784fa97da1
۸۸و۲۷۲-۱۷,waived,2026-07-19T04:50:24.555186+00:00,2026-07-21T20:12:25.419634+00:00,3802,0,waived,entry,,,d389499f-ed1f-43b8-9f09-c782f9831d93
۲۸ن۳۸۲-۱۷,waived,2026-07-19T04:49:41.924022+00:00,2026-07-21T20:12:25.419634+00:00,3802,0,waived,entry,,,6f783592-0e40-4df2-b294-4675757d10a1
۸۲ج۶۳۹-۱۷,waived,2026-07-19T04:49:03.877563+00:00,2026-07-21T20:12:25.419634+00:00,3803,0,waived,entry,,,9a8369c6-6709-416a-b710-4b55d1c8629a
۴۵م۳۸۶-۹۷,waived,2026-07-19T04:48:50.415555+00:00,2026-07-21T20:12:25.419634+00:00,3803,0,waived,entry,,,d62c050a-492d-4215-bcd9-10c6ddb2336a
۵۱ن۹۹۷-۱۷,waived,2026-07-19T04:48:34.811250+00:00,2026-07-21T20:12:25.419634+00:00,3803,0,waived,entry,,,1ff446b2-7288-4f02-980d-26b985d2af3e
۵۴م۳۳۲-۱۷,waived,2026-07-19T04:48:28.023507+00:00,2026-07-19T04:55:05.058152+00:00,6,0,waived,entry,exit,,d8683bda-d638-4fc3-b964-532f6828e78c
۶۲م۴۷۳-۱۷,waived,2026-07-19T04:47:58.902163+00:00,2026-07-21T20:12:25.419634+00:00,3804,0,waived,entry,,,38b6354c-cea2-4c43-8a23-8a6eef038a60
۳۴ق۷۳۴-۱۷,waived,2026-07-19T04:47:45.435773+00:00,2026-07-19T08:48:21.549260+00:00,240,191666,waived,entry,exit,,b761dfab-8610-4dc0-a672-a5aea3b47168
۶۲و۶۴۲-۱۷,waived,2026-07-19T04:47:03.695720+00:00,2026-07-21T20:12:25.419634+00:00,3805,0,waived,entry,,,59e1b6cc-4057-45b0-8a9c-3c0a539fd14c
۷۵و۶۵۸-۱۷,waived,2026-07-19T04:46:59.234126+00:00,2026-07-21T20:12:25.419634+00:00,3805,0,waived,entry,,,7ca3a470-0cec-4863-a967-6338bfcb5048
۱۹ه۳۲۴-۱۷,waived,2026-07-19T04:46:52.500929+00:00,2026-07-19T08:42:30.458728+00:00,235,187500,waived,entry,exit,,76932f44-3295-4e03-8721-8778829b907b
۳۸ی۶۱۷-۱۷,flagged,2026-07-19T04:46:41.309889+00:00,,,0,,entry,,,bb666456-aafe-4023-87b0-388e47c61266
۶۹س۹۱۶-۱۷,waived,2026-07-19T04:46:06.034532+00:00,2026-07-19T06:37:31.988255+00:00,111,84166,waived,entry,exit,,23b70af9-9119-44fd-83ee-661db2974420
۱۸ب۶۷۴-۵۵,waived,2026-07-19T04:43:40.425989+00:00,2026-07-21T20:12:25.419634+00:00,3808,0,waived,entry,,,a313757b-1b87-471a-b959-bf2f3d26b2a1
۲۳ی۸۷۶-۱۷,waived,2026-07-19T04:42:55.644595+00:00,2026-07-21T20:12:25.419634+00:00,3809,0,waived,entry,,,3d994135-1c09-475b-b9f8-23c9ba72cba0
۳۵ق۱۵۲-۲۷,waived,2026-07-19T04:42:24.824159+00:00,2026-07-19T05:11:35.148879+00:00,29,15833,waived,entry,exit,,064bd880-2dd9-4bd1-ba7d-db5119f399e4
۴۷ی۶۳۵-۱۷,waived,2026-07-19T04:42:15.855618+00:00,2026-07-21T20:12:25.419634+00:00,3810,0,waived,entry,,,210c8894-c1b4-423d-a533-0bbcd75bd882
۳۵ه۶۳۲-۱۷,waived,2026-07-19T04:41:51.233335+00:00,2026-07-21T20:12:25.419634+00:00,3810,0,waived,entry,,,49a5f0a8-c3b8-4389-80d3-a8e2c584d9bf
۲۶م۴۸۱-۱۷,waived,2026-07-19T04:40:44.330450+00:00,2026-07-21T20:12:25.419634+00:00,3811,0,waived,entry,,,3a1f6fcc-e934-402f-ac9f-2b630e35c247
۸۲م۳۳۴-۹۷,waived,2026-07-19T04:39:39.929252+00:00,2026-07-21T20:12:25.419634+00:00,3812,0,waived,entry,,,a919124a-ff47-42ac-9aa0-e16404b10af0
۳۳ل۹۸۱-۱۷,waived,2026-07-19T04:39:30.955542+00:00,2026-07-21T20:12:25.419634+00:00,3812,0,waived,entry,,,f645fa2b-8cff-49d1-adae-35cb590f811f
۸۹ی۶۸۷-۱۵,waived,2026-07-19T04:38:55.122462+00:00,2026-07-21T20:12:25.419634+00:00,3813,0,waived,entry,,,4e5cddc9-b5f0-4651-9739-11794caf46d6
۵۲س۴۳۳-۱۷,waived,2026-07-19T04:38:28.244009+00:00,2026-07-21T20:12:25.419634+00:00,3813,0,waived,entry,,,865fef23-87c1-4d59-bfca-093182f5e8b0
۹۵ل۷۵۸-۱۷,waived,2026-07-19T04:38:08.113764+00:00,2026-07-21T20:12:25.419634+00:00,3814,0,waived,entry,,,b689f7af-a54b-4e92-943e-bcb3b4442f2a
۲۳ن۸۲۸-۱۷,waived,2026-07-19T04:37:05.638661+00:00,2026-07-21T20:12:25.419634+00:00,3815,0,waived,entry,,,39ea6964-5efb-40b0-b269-886edfd22954
۲۹ط۴۷۱-۱۷,flagged,2026-07-19T04:36:36.978075+00:00,,,0,,entry,,,7cebf543-b8fa-45c6-9621-cbe5ca43a9bc
۷۹ط۴۷۱-۹۷,waived,2026-07-19T04:36:34.696305+00:00,2026-07-21T20:12:25.419634+00:00,3815,0,waived,entry,,,46856a77-b835-4993-81c2-ca18bd3f54ca
۲۸ط۹۷۱-۱۷,waived,2026-07-19T04:36:32.352394+00:00,2026-07-21T20:12:25.419634+00:00,3815,0,waived,entry,,,62c1785d-9fc2-42e6-9985-658c0c1b2ba6
۹۵ه۸۳۱-۹۷,waived,2026-07-19T04:36:06.065828+00:00,2026-07-19T04:36:18.577631+00:00,,0,waived,entry,,,012a517c-d0d2-4be2-aa26-448524efc7fa
۷۴ه۸۶۱-۱۷,waived,2026-07-19T04:36:03.783731+00:00,2026-07-19T04:36:18.577631+00:00,,0,waived,entry,,,4994a888-fd05-4042-bf90-320ad7fc6cc8
۷۲ج۵۷۳-۱۷,waived,2026-07-19T04:35:59.244581+00:00,2026-07-19T04:36:18.577631+00:00,,0,waived,entry,,,ea8e3310-d714-44d1-9d94-00a47b80f957
۵۳ص۹۵۱-۱۷,waived,2026-07-19T04:35:43.874265+00:00,2026-07-19T04:36:18.577631+00:00,,0,waived,entry,,,8d7b9d41-13fa-4437-997e-f5539de4cbe8
۹۸و۷۶۷-۱۷,waived,2026-07-19T04:35:35.220918+00:00,2026-07-19T04:36:18.577631+00:00,,0,waived,entry,,,04bc48d8-1e9a-4d1a-a2f9-c283f40ca859
۸۲ق۷۴۲-۳۵,waived,2026-07-19T04:34:43.966685+00:00,2026-07-19T04:36:18.577631+00:00,1,0,waived,entry,,,2b6c45a6-8424-4a3c-9502-554f01267eda
۹۴ج۸۸۳-۱۷,waived,2026-07-19T04:33:46.563946+00:00,2026-07-19T04:36:18.577631+00:00,2,0,waived,entry,,,437a5410-3884-4f71-8dc5-e30d1a2e7bb8
۲۸ی۹۲۷-۱۷,waived,2026-07-19T04:33:40.039025+00:00,2026-07-19T04:36:18.577631+00:00,2,0,waived,entry,,,8aae797f-fbb3-4b6b-a3cf-bb33f592f71f
۹۶ه۶۸۹-۱۷,waived,2026-07-19T04:33:37.949715+00:00,2026-07-19T04:36:18.577631+00:00,2,0,waived,entry,,,deb77bce-e1a6-4548-9102-6a5964e3941b
۳۳س۳۳۳-۳۳,waived,2026-07-18T20:30:43.670385+00:00,2026-07-19T04:36:18.577631+00:00,485,0,waived,entry,,,b10cfc33-753d-4ba2-8297-0861f2a57ace
۳۳س۳۳۳-۳۳,flagged,2026-07-18T20:18:00.439468+00:00,,,0,,entry,,,f0844930-d00b-47cb-86d6-0dfe15d84a33
۵۶د۱۴۱-۱۷,waived,2026-07-15T09:58:30.665364+00:00,2026-07-19T04:36:18.577631+00:00,5437,0,waived,entry,,,6796c7d7-3f9b-48a9-a1d0-03bb8821c250
۶۶م۳۹۸-۱۷,waived,2026-07-15T09:57:44.462623+00:00,2026-07-19T04:36:18.577631+00:00,5438,0,waived,entry,,,a25791d4-d974-4519-a139-506257255666
۸۲ج۸۱۴-۱۷,waived,2026-07-15T09:54:11.906289+00:00,2026-07-19T04:36:18.577631+00:00,5442,0,waived,entry,,,cda20af4-ddbb-46a7-9212-87556de6ac12
۳۸ی۶۱۷-۱۷,waived,2026-07-15T09:54:07.257812+00:00,2026-07-19T04:36:18.577631+00:00,5442,0,waived,entry,,,a51d9319-5d68-4047-ad76-db1fff5bdc98
۷۲س۱۳۳-۱۷,waived,2026-07-15T09:52:40.082048+00:00,2026-07-19T04:36:18.577631+00:00,5443,0,waived,entry,,,f69c7292-7afb-4b6c-8b72-f03ee3642dae
۷۲د۸۳۶-۱۷,waived,2026-07-15T09:50:26.006049+00:00,2026-07-15T09:55:29.028311+00:00,5,0,waived,entry,exit,,55fdeeec-6900-4f18-8606-eea678073802
۲۹ه۵۷۵-۱۷,waived,2026-07-15T09:47:28.497225+00:00,2026-07-19T04:36:18.577631+00:00,5448,0,waived,entry,,,9c6ce16a-60ff-4c6e-bff8-debabc50a9b6
۲۷ج۳۵۷-۲۵,waived,2026-07-15T09:46:51.187996+00:00,2026-07-19T04:36:18.577631+00:00,5449,0,waived,entry,,,1457fba3-86bd-4e2f-93d6-1f305cf28767
۷۱د۹۳۵-۱۷,waived,2026-07-15T09:43:02.158806+00:00,2026-07-19T04:36:18.577631+00:00,5453,0,waived,entry,,,76f026fb-6ea2-4020-ad64-986a3a5421b7
۵۶ب۵۱۸-۱۷,waived,2026-07-15T09:42:51.247460+00:00,2026-07-19T04:36:18.577631+00:00,5453,0,waived,entry,,,53f63449-e93d-4df0-8771-c56917b3ca59
۹۵د۸۸۵-۱۷,waived,2026-07-15T09:41:26.392685+00:00,2026-07-19T04:36:18.577631+00:00,5454,0,waived,entry,,,b943dc6b-c754-4324-af6e-2f3c61ee23be
۲۴ی۷۷۹-۱۷,waived,2026-07-15T09:41:06.280509+00:00,2026-07-19T04:36:18.577631+00:00,5455,0,waived,entry,,,b9a76164-b144-473a-84f6-0715b5db7bf6
۲۴ی۷۷۹-۱۷,flagged,2026-07-15T09:38:32.502660+00:00,,,0,,entry,,,06643647-13c4-4bc7-b2b7-5fd5d5686cec
۵۳ج۱۸۷-۱۷,waived,2026-07-15T09:36:56.778375+00:00,2026-07-19T04:36:18.577631+00:00,5459,0,waived,entry,,,c75d941f-3721-42c0-8edf-06052348a5f3
۶۶م۵۱۲-۱۷,waived,2026-07-15T09:36:05.782244+00:00,2026-07-15T09:43:24.914577+00:00,7,0,waived,entry,exit,,693a9e1f-501b-405e-b70a-09318772164e
۳۶ب۶۳۲-۱۷,waived,2026-07-15T09:35:01.399244+00:00,2026-07-19T04:36:18.577631+00:00,5461,0,waived,entry,,,0fd343fd-2b83-4b70-b43c-d167352d088c
۶۶ب۷۴۳-۱۷,waived,2026-07-15T09:34:56.931466+00:00,2026-07-19T04:36:18.577631+00:00,5461,0,waived,entry,,,4a6492a5-3f31-4536-9771-363efcfbbde5
۲۱ج۷۹۱-۲۷,waived,2026-07-15T09:34:21.075311+00:00,2026-07-19T04:36:18.577631+00:00,5461,0,waived,entry,,,0a706498-be28-4e6b-a662-f23c39197287
۲۲د۴۸۴-۳۷,waived,2026-07-15T09:33:07.460977+00:00,2026-07-15T09:37:04.393637+00:00,3,0,waived,entry,exit,,c5baa9a1-51a8-4125-a946-019d97149e5c
۲۴ه۱۳۱-۱۷,waived,2026-07-15T09:30:53.823804+00:00,2026-07-19T04:36:18.577631+00:00,5465,0,waived,entry,,,d88c5258-7d5e-4cbd-ab5d-17cf8dfdf109
۵۵ه۶۶۸-۱۷,waived,2026-07-15T09:30:00.909376+00:00,2026-07-19T04:36:18.577631+00:00,5466,0,waived,entry,,,4ecd5d54-fdbc-4f51-a4f1-68e72ccac901
۵۸ه۵۳۲-۱۷,waived,2026-07-15T09:28:52.330748+00:00,2026-07-15T09:47:44.807437+00:00,18,6666,waived,entry,exit,,90bf7d3f-35ad-4249-a6cb-fe048dcd55d5
۴۳ب۵۵۶-۱۷,waived,2026-07-15T09:27:48.179870+00:00,2026-07-19T04:36:18.577631+00:00,5468,0,waived,entry,,,fcd22742-2690-4c94-9229-04180c2b35a9
۷۹ی۸۲۱-۱۷,waived,2026-07-15T09:24:39.760216+00:00,2026-07-19T04:36:18.577631+00:00,5471,0,waived,entry,,,17c79963-f905-4d41-8584-6e4345e49973
۴۹ل۶۷۵-۱۷,waived,2026-07-15T09:24:11.319418+00:00,2026-07-15T09:35:13.261853+00:00,11,833,waived,entry,exit,,ad8046fd-f9a3-417b-a4b4-e0db2d337b8f
۲۹ه۵۷۵-۱۷,flagged,2026-07-15T09:22:16.083683+00:00,,,0,,entry,,,9ae01934-9857-4ea3-b64e-b00163bcdd4a
۴۴ل۸۸۸-۱۷,waived,2026-07-15T09:22:00.941580+00:00,2026-07-15T09:26:02.220189+00:00,4,0,waived,entry,exit,,fd812214-f38c-4d72-b4c4-01758fe50129
۸۸ج۳۴۳-۱۷,waived,2026-07-15T09:21:43.352294+00:00,2026-07-19T04:36:18.577631+00:00,5474,0,waived,entry,,,7153b3d1-e9b2-4613-864e-6a6dc523ede5
۸۱ب۶۳۹-۱۷,waived,2026-07-15T09:20:12.542980+00:00,2026-07-19T04:36:18.577631+00:00,5476,0,waived,entry,,,6f28bc59-ab38-4907-b532-f8168b07b521
۷۹ه۷۴۴-۱۷,waived,2026-07-15T09:19:50.467967+00:00,2026-07-19T04:36:18.577631+00:00,5476,0,waived,entry,,,4608c868-be7f-491a-83a8-06f8901634a4
۵۴و۳۹۳-۱۷,waived,2026-07-15T09:19:17.413865+00:00,2026-07-19T04:36:18.577631+00:00,5477,0,waived,entry,,,4879cc03-b996-48b8-b76a-37d08bd02b42
۷۲س۱۳۳-۱۷,flagged,2026-07-15T09:16:47.878620+00:00,,,0,,entry,,,2c120e03-aeb0-4b6d-822c-01059d82041b
۳۷ن۹۴۲-۲۴,waived,2026-07-15T09:16:41.501608+00:00,2026-07-19T04:36:18.577631+00:00,5479,0,waived,entry,,,b86cd7d5-2e6d-4adc-8aac-5f63c361ee3e
۲۵ی۹۲۶-۱۷,waived,2026-07-15T09:16:32.772698+00:00,2026-07-19T04:36:18.577631+00:00,5479,0,waived,entry,,,7c4346f8-1a89-4068-be97-8e2a07e30734
۷۴ص۷۱۹-۳۷,waived,2026-07-15T09:16:19.647140+00:00,2026-07-19T04:36:18.577631+00:00,5479,0,waived,entry,,,f9e065bc-85da-42c3-8dcf-2ba02a594e74
۷۴ن۸۳۴-۱۷,waived,2026-07-15T09:15:37.152101+00:00,2026-07-19T04:36:18.577631+00:00,5480,0,waived,entry,,,6f481bc1-4cba-4bb8-91bb-2b3c9589f89c
۵۸ج۵۳۱-۱۷,waived,2026-07-15T09:15:17.492048+00:00,2026-07-15T09:41:57.564158+00:00,26,13333,waived,entry,exit,,6014f398-4f6c-4781-b186-be71ed490ca6
۶۶م۵۲۲-۱۷,waived,2026-07-15T09:14:26.806034+00:00,2026-07-19T04:36:18.577631+00:00,5481,0,waived,entry,,,a2aa087e-7151-4ffa-ab6c-8395648b8d97
۶۴م۸۱۸-۱۷,waived,2026-07-15T09:13:42.398126+00:00,2026-07-19T04:36:18.577631+00:00,5482,0,waived,entry,,,fb0bcc87-10e1-46c1-bd84-0a264ea6bda4
۳۱م۳۷۷-۱۷,waived,2026-07-15T09:13:39.802782+00:00,2026-07-19T04:36:18.577631+00:00,5482,0,waived,entry,,,f790e43f-4ef0-4846-864c-8103c9d2faa8
۴۷ب۵۷۴-۲۷,waived,2026-07-15T09:12:33.253809+00:00,2026-07-19T04:36:18.577631+00:00,5483,0,waived,entry,,,f9439769-5c31-4077-9e93-411c471e40b7
۵۱۳۴۴-۱۷,waived,2026-07-15T09:12:02.337638+00:00,2026-07-19T04:36:18.577631+00:00,5484,0,waived,entry,,,5a9ca933-38c9-4a54-b780-9ea8ea8609cf
۱۸ه۳۷۳-۱۷,waived,2026-07-15T09:11:53.375511+00:00,2026-07-19T04:36:18.577631+00:00,5484,0,waived,entry,,,cb26203b-e037-43fe-b3db-a15ed8d85bb9
۷۸و۸۵۹-۱۷,waived,2026-07-15T09:10:22.610233+00:00,2026-07-19T04:36:18.577631+00:00,5485,0,waived,entry,,,241c3176-d919-46fb-ae1b-e86c68f75862
۱۲ل۶۲۵-۱۷,waived,2026-07-15T09:10:15.885786+00:00,2026-07-19T04:36:18.577631+00:00,5486,0,waived,entry,,,9da91238-2a5a-4912-a8dc-f8db1168ec65
۶۷ق۸۹۴-۱۷,waived,2026-07-15T09:08:11.943463+00:00,2026-07-19T04:36:18.577631+00:00,5488,0,waived,entry,,,a168db56-227f-4cf2-ba99-e7c1ea38d844
۲۷ی۷۷۵-۱۷,waived,2026-07-15T09:07:00.453086+00:00,2026-07-19T04:36:18.577631+00:00,5489,0,waived,entry,,,c051b364-d11b-449f-b5d4-4ecbf8fc5117
۴۷و۳۱۲-۱۷,waived,2026-07-15T09:06:18.223770+00:00,2026-07-19T04:36:18.577631+00:00,5490,0,waived,entry,,,ac14afd2-6b63-400d-a0fc-668ae0bf5f81
۳۶ل۵۸۳-۱۷,waived,2026-07-15T09:05:00.386213+00:00,2026-07-19T04:36:18.577631+00:00,5491,0,waived,entry,,,8a3472a5-ac31-4549-8b8a-759eeb2733d1
۶۵ه۱۷۶-۱۷,waived,2026-07-15T09:04:36.350321+00:00,2026-07-19T04:36:18.577631+00:00,5491,0,waived,entry,,,15ac59b2-12d6-4d6a-b9ce-de65e85877b4
۵۳م۶۲۱-۱۷,waived,2026-07-15T09:02:54.389673+00:00,2026-07-19T04:36:18.577631+00:00,5493,0,waived,entry,,,80ff5ca4-127a-4827-aa29-4d9dc2e8c8d6
۷۸ص۸۴۹-۱۷,waived,2026-07-15T09:02:32.769485+00:00,2026-07-19T04:36:18.577631+00:00,5493,0,waived,entry,,,ada69362-1d7f-4689-b07a-4e2587d03f53
۱۳د۴۵۲-۲۷,waived,2026-07-15T09:02:19.785666+00:00,2026-07-19T04:36:18.577631+00:00,5493,0,waived,entry,,,76ddf564-d35f-493a-b0e6-80402394977a
۷۲س۶۲۳-۱۷,waived,2026-07-15T09:02:12.943824+00:00,2026-07-19T04:36:18.577631+00:00,5494,0,waived,entry,,,5fbd80e9-6ced-4a4d-8394-313684b93969
۹۲ی۸۲۶-۱۷,waived,2026-07-15T09:01:44.045748+00:00,2026-07-19T04:36:18.577631+00:00,5494,0,waived,entry,,,f33b8ae6-30c0-41b8-bebf-42131f0897d6
۳۹ن۲۷۶-۱۷,waived,2026-07-15T09:01:33.187857+00:00,2026-07-19T04:36:18.577631+00:00,5494,0,waived,entry,,,5cda3f0e-3284-4736-8f51-800f8daabab0
۹۶ی۷۷۹-۱۷,waived,2026-07-15T09:01:17.743528+00:00,2026-07-19T04:36:18.577631+00:00,5495,0,waived,entry,,,8bef6e60-0014-491f-8fc4-47dd1b75b738
۴۱م۹۴۳-۱۷,waived,2026-07-15T08:59:51.237247+00:00,2026-07-19T04:36:18.577631+00:00,5496,0,waived,entry,,,cd78e61b-050e-4252-a5e4-a87d0a4bc122
۴۱ه۱۳۵-۱۷,waived,2026-07-15T08:58:24.176833+00:00,2026-07-15T09:28:00.934878+00:00,29,15833,waived,entry,exit,,8a4f3886-81d6-4c14-8e0f-6ce2bf7f6904
۲۸ج۹۹۶-۱۷,waived,2026-07-15T08:57:42.138882+00:00,2026-07-19T04:36:18.577631+00:00,5498,0,waived,entry,,,065447f6-38eb-4ea4-b409-7cf94d2fcb6d
۹۸ل۸۶۳-۱۲,waived,2026-07-15T08:56:59.901416+00:00,2026-07-19T04:36:18.577631+00:00,5499,0,waived,entry,,,d69519e5-6a3b-4ef6-bc1b-43a52cdf08bf
۳۲ل۲۴۹-۲۵,waived,2026-07-15T08:54:59.794232+00:00,2026-07-19T04:36:18.577631+00:00,5501,0,waived,entry,,,657607e4-3567-4fd1-b6a3-f873900fb199
۶۱ه۹۴۶-۱۷,waived,2026-07-15T08:51:26.143451+00:00,2026-07-19T04:36:18.577631+00:00,5504,0,waived,entry,,,1cdb951c-cd8f-4d3d-8453-c9a3e7890bb1
۸۴۶۵۳-۱۷,waived,2026-07-15T08:50:55.928718+00:00,2026-07-19T04:36:18.577631+00:00,5505,0,waived,entry,,,f5bb1c01-c22f-451d-9d52-08dc372da248
۸۴ق۶۵۳-۱۷,waived,2026-07-15T08:50:51.483026+00:00,2026-07-19T04:36:18.577631+00:00,5505,0,waived,entry,,,f6bfe972-65b2-45c8-935c-ab9d088c78d2
۸۴ن۶۵۳-۱۷,waived,2026-07-15T08:50:38.237039+00:00,2026-07-15T09:04:11.423012+00:00,13,2500,waived,entry,exit,,98a7e1ae-62d5-4042-853d-e283d9081cdd
۴۷و۱۴۹-۱۷,waived,2026-07-15T08:49:16.489944+00:00,2026-07-15T09:06:01.594465+00:00,16,5000,waived,entry,exit,,ae24ca08-759b-4392-a1f0-68715a9b9fc5
۹۷د۵۵۲-۱۷,waived,2026-07-15T08:46:44.708461+00:00,2026-07-15T09:26:29.099185+00:00,39,24166,waived,entry,exit,,8ecd360c-2fc3-4b1a-acee-850bf3e4b36d
۶۵ن۲۴۸-۱۷,waived,2026-07-15T08:46:04.996512+00:00,2026-07-19T04:36:18.577631+00:00,5510,0,waived,entry,,,1930c61e-f8bb-45e8-ba49-808969e04115
۶۹ب۶۴۱-۳۷,waived,2026-07-15T08:45:09.788082+00:00,2026-07-15T08:51:17.890232+00:00,6,0,waived,entry,exit,,1f9f66d6-87dc-426a-b2e8-ccb2bc7377e4
۹۱ی۵۸۴-۱۷,waived,2026-07-15T08:44:21.111094+00:00,2026-07-15T09:23:47.805038+00:00,39,24166,waived,entry,exit,,85910726-c03b-49ae-978d-5082a658b801
۷۷س۹۱۶-۱۷,waived,2026-07-15T08:43:25.429446+00:00,2026-07-19T04:36:18.577631+00:00,5512,0,waived,entry,,,da792249-d97c-4817-8de1-9664613b794e
۴۹ل۶۷۵-۱۷,flagged,2026-07-15T08:42:45.898973+00:00,,,0,,entry,,,c8ea6d85-33f2-472c-9de0-3adb1eb40b8b
۸۸ق۷۷۳-۱۷,waived,2026-07-15T08:41:06.302877+00:00,2026-07-19T04:36:18.577631+00:00,5515,0,waived,entry,,,976af7bc-f53b-4689-bd63-9989f25770b8
۱۵ج۳۶۹-۲۷,waived,2026-07-15T08:38:25.743846+00:00,2026-07-19T04:36:18.577631+00:00,5517,0,waived,entry,,,cab66acf-8178-4387-8798-9576d4fb1652
۷۴۹۳۳-۲۷,waived,2026-07-15T08:37:25.258668+00:00,2026-07-19T04:36:18.577631+00:00,5518,0,waived,entry,,,5abe4518-cba8-4503-afc7-b88bc6698ed4
۴۲س۶۵۳-۱۷,waived,2026-07-15T08:34:34.775153+00:00,2026-07-15T09:02:41.715193+00:00,28,15000,waived,entry,exit,,e77070dd-577d-4186-81fa-cda75187b28f
۶۶ج۷۳۶-۱۷,waived,2026-07-15T08:34:17.413258+00:00,2026-07-19T04:36:18.577631+00:00,5522,0,waived,entry,,,94463b0f-6e9e-43bd-922a-8ab7fe69df4a
۹۶ق۶۹۳-۳۵,waived,2026-07-15T08:33:25.941898+00:00,2026-07-19T04:36:18.577631+00:00,5522,0,waived,entry,,,ad6f3de5-a0df-4f09-b05c-f98fb1112aa8
۶۲ق۹۵۸-۱۷,waived,2026-07-15T08:31:21.841241+00:00,2026-07-19T04:36:18.577631+00:00,5524,0,waived,entry,,,4d0eae9e-7ff3-42fe-8fc8-96ff54abffa4
۴۸ج۳۵۴-۳۵,waived,2026-07-15T08:31:08.411461+00:00,2026-07-19T04:36:18.577631+00:00,5525,0,waived,entry,,,ea5e8f44-cc32-430e-9375-c557e7dd8e6b
۵۶س۲۶۴-۱۷,waived,2026-07-15T08:30:05.722096+00:00,2026-07-19T04:36:18.577631+00:00,5526,0,waived,entry,,,1bd16099-e944-4d00-84d1-17ca678f7bfb
۸۴ب۱۶۲-۱۷,waived,2026-07-15T08:28:40.848502+00:00,2026-07-15T08:36:48.749875+00:00,8,0,waived,entry,exit,,0600a30e-ea48-4052-aa0c-f3371875d80d
۶۲ی۹۹۳-۱۷,waived,2026-07-15T08:28:23.475751+00:00,2026-07-19T04:36:18.577631+00:00,5527,0,waived,entry,,,4aaa9b9c-6d5c-45be-b4f5-600d17f6827f
۷۹و۴۸۹-۱۷,waived,2026-07-15T08:28:03.908710+00:00,2026-07-15T08:31:59.807937+00:00,3,0,waived,entry,exit,,99270ad2-30a9-4b1e-8616-b0dcfc210dad
۱۴م۴۹۷-۱۷,waived,2026-07-15T08:26:39.053154+00:00,2026-07-19T04:36:18.577631+00:00,5529,0,waived,entry,,,3b1bd6cb-49c1-4214-8288-afc6af911035
۳۲ه۸۶۴-۱۷,waived,2026-07-15T08:23:30.604764+00:00,2026-07-19T04:36:18.577631+00:00,5532,0,waived,entry,,,62eef082-a387-43b9-970e-985a59d7d62d
۸۴ل۷۱۷-۱۷,waived,2026-07-15T08:22:27.562820+00:00,2026-07-19T04:36:18.577631+00:00,5533,0,waived,entry,,,6b8f88c8-e6d2-4908-8d99-7dc517563c30
۵۵ن۲۷۱-۱۷,waived,2026-07-15T08:21:54.899243+00:00,2026-07-19T04:36:18.577631+00:00,5534,0,waived,entry,,,0ed0c408-2da9-4796-aeaf-e0c9a70d8d2d
۵۵ق۲۷۱-۹۷,waived,2026-07-15T08:21:52.612803+00:00,2026-07-19T04:36:18.577631+00:00,5534,0,waived,entry,,,35117738-b628-4403-9acf-b4e80ca4b46f
۱۹ه۳۲۴-۱۷,waived,2026-07-15T08:20:56.939307+00:00,2026-07-19T04:36:18.577631+00:00,5535,0,waived,entry,,,71009a50-f4e3-4b8e-80ef-37fc96f49986
۹۳و۱۶۴-۱۷,waived,2026-07-15T08:18:26.273619+00:00,2026-07-15T09:44:47.780427+00:00,86,63333,waived,entry,exit,,6a539595-b251-4af0-87e7-b761f92f1873
۳۸ن۸۲۶-۱۷,waived,2026-07-15T08:17:59.941857+00:00,2026-07-19T04:36:18.577631+00:00,5538,0,waived,entry,,,77e0bbba-a3e7-4ab3-b687-27ec820eadf5
۴۹ل۶۷۵-۱۷,waived,2026-07-15T08:15:55.050247+00:00,2026-07-15T08:19:42.490946+00:00,3,0,waived,entry,exit,,c3209196-ef56-4b8a-b438-de6bff898c7b
۴۳ب۵۵۶-۱۷,flagged,2026-07-15T08:15:32.649125+00:00,,,0,,entry,,,48ceef7a-d47c-4311-9668-6655aa50633b
۳۵ب۸۸۹-۱۷,waived,2026-07-15T08:14:36.684077+00:00,2026-07-19T04:36:18.577631+00:00,5541,0,waived,entry,,,6ca2551a-7a77-43d1-9bbf-ee3d05212f09
۶۷ل۸۹۲-۱۷,waived,2026-07-15T08:12:38.493624+00:00,2026-07-19T04:36:18.577631+00:00,5543,0,waived,entry,,,8816efd2-d21a-4096-b2e5-a7357f5c842a
۱۷ج۱۱۷-۲۷,waived,2026-07-15T08:12:18.860458+00:00,2026-07-19T04:36:18.577631+00:00,5543,0,waived,entry,,,7a69a6da-d80f-4c98-b950-0d1e2e276c54
۷۶ب۲۴۶-۱۷,waived,2026-07-15T08:09:18.965649+00:00,2026-07-19T04:36:18.577631+00:00,5546,0,waived,entry,,,b2df58a0-ddea-431e-b896-93c06a99d131
۴۶س۵۵۴-۱۷,waived,2026-07-15T08:09:12.277427+00:00,2026-07-19T04:36:18.577631+00:00,5547,0,waived,entry,,,07550296-4224-47b0-a142-37e2dc28101f
۶۵ن۱۳۱-۱۷,waived,2026-07-15T08:08:20.326160+00:00,2026-07-19T04:36:18.577631+00:00,5547,0,waived,entry,,,abfbe45e-363a-4f82-b769-206cc79ec81c
۶۸ب۵۱۴-۱۷,waived,2026-07-15T08:07:16.210793+00:00,2026-07-15T08:10:52.513503+00:00,3,0,waived,entry,exit,,321179db-fb87-414f-a5e8-e7e5983602c4
۲۸ق۵۷۲-۱۷,waived,2026-07-15T08:06:09.255317+00:00,2026-07-19T04:36:18.577631+00:00,5550,0,waived,entry,,,911408a3-b70f-4f16-8059-588278a66641
۴۱ل۶۳۱-۱۷,waived,2026-07-15T08:05:02.354280+00:00,2026-07-19T04:36:18.577631+00:00,5551,0,waived,entry,,,885b78b0-c3b6-451f-bf6a-3f765e61851a
۶۲ی۹۹۳-۱۷,flagged,2026-07-15T08:03:02.515560+00:00,,,0,,entry,,,062a0d15-307e-4b38-8c6b-7546d782b374
۵۵م۹۱۴-۳۷,waived,2026-07-15T08:01:33.210306+00:00,2026-07-19T04:36:18.577631+00:00,5554,0,waived,entry,,,5af9293a-a551-40cd-b05c-6a467576803d
۱۴ب۶۱۹-۱۷,waived,2026-07-15T08:00:13.105343+00:00,2026-07-19T04:36:18.577631+00:00,5556,0,waived,entry,,,7b23b8e4-25ee-433c-86a1-ecb40f057d5d
۲۹ه۵۷۵-۱۷,flagged,2026-07-15T08:00:02.280194+00:00,,,0,,entry,,,393e4061-cc38-44f9-a6b9-816140c4fb36
۱۶ی۶۴۹-۱۷,waived,2026-07-15T07:59:38.209970+00:00,2026-07-15T08:20:54.518590+00:00,21,9166,waived,entry,exit,,c8aef00b-8099-45c3-b420-d8a35ff66f6e
۴۶و۳۴۴-۱۷,waived,2026-07-15T07:59:35.876224+00:00,2026-07-19T04:36:18.577631+00:00,5556,0,waived,entry,,,40a50096-6f48-473c-9617-f31dddd71347
۳۵ج۹۵۴-۲۷,waived,2026-07-15T07:58:49.628941+00:00,2026-07-19T04:36:18.577631+00:00,5557,0,waived,entry,,,8a2538d8-f0c0-4972-bc18-7795cdc9dcd1
۸۳و۵۱۲-۱۷,waived,2026-07-15T07:55:17.978350+00:00,2026-07-19T04:36:18.577631+00:00,5561,0,waived,entry,,,c0f0c533-71cf-4b08-b612-dfd244e67b5b
۴۴ب۲۲۶-۲۷,waived,2026-07-15T07:51:33.967459+00:00,2026-07-19T04:36:18.577631+00:00,5564,0,waived,entry,,,4decb3a8-7c59-432a-b75f-36b85f08b89d
۳۳ج۴۶۶-۱۷,waived,2026-07-15T07:51:12.089210+00:00,2026-07-15T09:01:18.832703+00:00,70,50000,waived,entry,exit,,4988a7b6-f538-4529-86c2-dd67c427d1a8
۸۹ط۱۹۹-۱۷,waived,2026-07-15T07:50:34.603362+00:00,2026-07-15T08:49:43.822439+00:00,59,40833,waived,entry,exit,,df29cc59-1b6a-4bea-9165-e4cabb37329e
۱۳ه۱۷۶-۱۷,waived,2026-07-15T07:50:07.728765+00:00,2026-07-15T09:20:59.647416+00:00,90,66666,waived,entry,exit,,857c6dc3-3a4d-4c23-9855-f15e2118a2a6
۶۴و۳۱۴-۱۷,waived,2026-07-15T07:48:00.066759+00:00,2026-07-15T09:33:59.334541+00:00,105,79166,waived,entry,exit,,3ee42719-b871-4a39-93e7-c063c8d16673
۳۲ه۸۶۴-۱۷,flagged,2026-07-15T07:44:13.802116+00:00,,,0,,entry,,,336195c3-0757-4888-867b-795554962e60
۸۵ی۲۹۸-۱۷,waived,2026-07-15T07:44:04.950198+00:00,2026-07-15T08:25:55.250387+00:00,41,25833,waived,entry,exit,,bf470351-d00c-463a-afa0-ae3d427e16e8
۳۷و۲۲۵-۱۷,waived,2026-07-15T07:42:35.791765+00:00,2026-07-19T04:36:18.577631+00:00,5573,0,waived,entry,,,00c09afd-eda1-4f88-a999-fbb8bd56cc2f
۱۷ج۱۱۷-۲۷,flagged,2026-07-15T07:40:58.329396+00:00,,,0,,entry,,,2ce7a5bc-be64-4d67-93d3-a643a1ec544f
۸۷و۷۷۶-۱۷,waived,2026-07-15T07:40:50.524664+00:00,2026-07-15T08:54:50.695022+00:00,74,53333,waived,entry,exit,,991b7383-ec76-4f42-9461-3258de73895f
۳۹ص۲۳۶-۱۷,waived,2026-07-15T07:37:10.420796+00:00,2026-07-19T04:36:18.577631+00:00,5579,0,waived,entry,,,c5d699e1-b753-4142-bda4-a788d9c77ee2
۲۱ج۲۸۶-۱۷,waived,2026-07-15T07:35:52.849586+00:00,2026-07-15T09:43:45.124654+00:00,127,97500,waived,entry,exit,,be12c57a-fd23-4b35-96a8-3e39a2856ebd
۱۴ی۹۷۶-۱۷,waived,2026-07-15T07:34:34.769028+00:00,2026-07-19T04:36:18.577631+00:00,5581,0,waived,entry,,,6d3419e1-36a7-46f5-b99d-e8a6525bcc9b
۵۳ق۸۷۴-۱۷,waived,2026-07-15T07:34:21.840825+00:00,2026-07-19T04:36:18.577631+00:00,5581,0,waived,entry,,,d6371bd5-aa0f-44b7-978c-b6e4df516611
۸۵ل۳۴۳-۱۷,waived,2026-07-15T07:29:15.026022+00:00,2026-07-15T08:15:23.568310+00:00,46,30000,waived,entry,exit,,70a8281a-fc68-4f43-844e-4b2de6884d50
۲۸ن۵۷۲-۱۷,waived,2026-07-15T07:25:34.650144+00:00,2026-07-19T04:36:18.577631+00:00,5590,0,waived,entry,,,4b7b5425-3576-4716-9780-5f556b0abf2a
۶۵ن۱۳۵-۱۷,waived,2026-07-15T07:25:12.748444+00:00,2026-07-15T07:40:06.273970+00:00,14,3333,waived,entry,exit,,8e2d7347-57f7-4677-aeaf-c264a797db9b
۶۵ه۱۷۶-۱۷,flagged,2026-07-15T07:22:56.979808+00:00,,,0,,entry,,,088e5d2b-faae-4857-9279-7d029544a4bd
۲۸ط۹۷۱-۱۷,waived,2026-07-15T07:22:46.034079+00:00,2026-07-19T04:36:18.577631+00:00,5593,0,waived,entry,,,d9ef9323-7d8d-45d6-a43a-067252d1cc96
۱۱ق۴۷۳-۱۷,waived,2026-07-15T07:21:05.605414+00:00,2026-07-19T04:36:18.577631+00:00,5595,0,waived,entry,,,8a5627fa-031c-42c2-9bcd-efb403c2b810
۷۱ب۷۱۸-۱۷,waived,2026-07-15T07:20:52.143882+00:00,2026-07-19T04:36:18.577631+00:00,5595,0,waived,entry,,,d5b70277-827c-404c-80eb-f5f3c97a6707
۲۵ی۳۹۴-۱۷,waived,2026-07-15T07:20:27.473715+00:00,2026-07-19T04:36:18.577631+00:00,5595,0,waived,entry,,,7259f0bb-9f74-481f-b2bd-9aab351eacc6
۶۴د۳۵۵-۱۷,waived,2026-07-15T07:19:45.797732+00:00,2026-07-19T04:36:18.577631+00:00,5596,0,waived,entry,,,011ff640-64c5-4d1c-995d-f5a104ad1a46
۵۳ق۸۷۴-۱۷,flagged,2026-07-15T07:19:32.285011+00:00,,,0,,entry,,,1919547a-6b82-4897-b91a-9da8730ac8cc
۵۵ی۲۹۴-۱۷,waived,2026-07-15T07:18:34.904296+00:00,2026-07-19T04:36:18.577631+00:00,5597,0,waived,entry,,,3f66c053-e8b2-45d1-a068-5e42a572bbeb
۷۹ط۴۲۱-۱۷,waived,2026-07-15T07:18:14.723826+00:00,2026-07-19T04:36:18.577631+00:00,5598,0,waived,entry,,,8b6f5617-1081-4ad8-b8b5-8d72b1505684
۳۴و۹۶۲-۱۷,waived,2026-07-15T07:17:50.091822+00:00,2026-07-15T08:29:33.644831+00:00,71,50833,waived,entry,exit,,7295a228-ad0c-4cf3-ad76-8bbfa25965c9
۶۱ی۶۷۳-۱۷,waived,2026-07-15T07:17:19.028037+00:00,2026-07-15T09:09:03.019457+00:00,111,84166,waived,entry,exit,,c0ee801b-79bc-4287-bbb5-24d39faf99e2
۸۲م۳۳۴-۱۷,waived,2026-07-15T07:17:10.592700+00:00,2026-07-19T04:36:18.577631+00:00,5599,0,waived,entry,,,32bbec0e-7450-4715-ad1d-2707bd24a824
۳۵ج۹۵۴-۲۷,flagged,2026-07-15T07:14:07.787681+00:00,,,0,,entry,,,6eaacbf1-bf7e-4a12-b9a7-fa0d8249d698
۶۲ی۹۹۳-۱۷,waived,2026-07-15T07:11:36.575876+00:00,2026-07-15T07:13:51.480528+00:00,2,0,waived,entry,exit,,bbd0a6bc-08ba-46a8-846e-9c1d286049ba
۷۵ج۴۱۸-۱۷,waived,2026-07-15T07:08:46.277631+00:00,2026-07-15T07:57:23.334114+00:00,48,31666,waived,entry,exit,,28f05f7f-d8e3-46c3-a139-5935c677f11c
۸۱ه۱۳۵-۱۷,waived,2026-07-15T07:08:17.727753+00:00,2026-07-19T04:36:18.577631+00:00,5608,0,waived,entry,,,f0935bbb-3a34-43d5-b60d-e27345563630
۸۱ب۲۴۷-۱۷,waived,2026-07-15T07:07:31.260835+00:00,2026-07-19T04:36:18.577631+00:00,5608,0,waived,entry,,,c1cd1d71-abca-44c9-b35c-2991fea57662
۶۶د۶۸۴-۱۷,waived,2026-07-15T07:06:44.775217+00:00,2026-07-15T09:06:53.111276+00:00,120,91666,waived,entry,exit,,578461c0-68ab-4a3c-a972-fe8a951e7b6a
۲۲ق۴۲۲-۳۷,waived,2026-07-15T07:06:27.410417+00:00,2026-07-19T04:36:18.577631+00:00,5609,0,waived,entry,,,c9381f75-1bc3-4422-87ce-e3250258ef4a
۴۲س۳۶۷-۱۷,waived,2026-07-15T07:05:36.629986+00:00,2026-07-15T07:08:08.781858+00:00,2,0,waived,entry,exit,,13324cbf-f290-4563-b496-6ae303e6c0d8
۴۶و۳۴۴-۱۷,flagged,2026-07-15T07:03:52.565939+00:00,,,0,,entry,,,4ae68e1f-8438-4523-97b0-60e8a6387e92
۸۸ج۳۴۳-۱۷,waived,2026-07-15T07:02:57.499434+00:00,2026-07-15T09:12:17.889607+00:00,129,99166,waived,entry,exit,,abf5ff26-c3b7-46e0-bb58-6de5681d8bad
۳۴م۳۶۳-۱۷,waived,2026-07-15T07:02:35.700982+00:00,2026-07-19T04:36:18.577631+00:00,5613,0,waived,entry,,,9260fdd5-107a-482c-bedd-3025c48c5e1c
۵۴ن۶۶۶-۱۷,waived,2026-07-15T07:02:20.473131+00:00,2026-07-15T07:08:06.551320+00:00,5,0,waived,entry,exit,,875daf49-a119-4fb5-a92d-e01a411ce5bd
۹۸ی۶۴۵-۱۷,waived,2026-07-15T06:58:53.529004+00:00,2026-07-19T04:36:18.577631+00:00,5617,0,waived,entry,,,85f2657c-50cc-4c86-9a8a-256af24b7ccb
۹۹د۲۱۵-۱۷,waived,2026-07-15T06:58:31.689219+00:00,2026-07-19T04:36:18.577631+00:00,5617,0,waived,entry,,,287ac918-aca5-404a-bd45-f6eb1d9efa98
۲۲ق۴۲۲-۳۷,flagged,2026-07-15T06:58:09.838243+00:00,,,0,,entry,,,691e05bd-f2a0-419a-ae36-799a9842d0ca
۴۹ب۵۶۴-۱۷,waived,2026-07-15T06:57:43.625059+00:00,2026-07-15T09:53:45.994050+00:00,176,138333,waived,entry,exit,,e1d23f9d-1446-4686-8e71-0be9ef3510a7
۳۷ص۴۹۸-۱۷,waived,2026-07-15T06:57:28.404241+00:00,2026-07-15T07:37:31.677961+00:00,40,25000,waived,entry,exit,,31eb3b41-2b8b-452c-aa98-67fe5f8766ee
۸۳و۵۱۲-۱۷,flagged,2026-07-15T06:55:05.917129+00:00,,,0,,entry,,,d589c9bb-0e76-40ef-84c8-7dd8a71c4387
۴۷س۵۲۴-۱۷,waived,2026-07-15T06:54:39.615607+00:00,2026-07-15T07:58:10.360772+00:00,63,44166,waived,entry,exit,,3e5aac31-3a9c-444e-be89-3195223ea36a
۹۷و۱۲۳-۱۷,waived,2026-07-15T06:54:06.316081+00:00,2026-07-15T07:26:55.476542+00:00,32,18333,waived,entry,exit,,026189e6-281b-426e-a65c-4d4e15e0a93c
۳۳س۶۸۹-۱۷,waived,2026-07-15T06:53:57.576387+00:00,2026-07-19T04:36:18.577631+00:00,5622,0,waived,entry,,,4140d817-659b-4ecb-ba3a-cf565e713720
۹۷و۲۵۱-۱۷,waived,2026-07-15T06:51:40.735574+00:00,2026-07-19T04:36:18.577631+00:00,5624,0,waived,entry,,,012a148e-cfa7-4b00-82f3-9b912ab35632
۹۷۶۵۱-۱۷,waived,2026-07-15T06:51:38.602072+00:00,2026-07-19T04:36:18.577631+00:00,5624,0,waived,entry,,,4d63f1ee-e00a-47a1-8ee8-c55bfdbe58d3
۶۵ق۸۴۳-۱۷,waived,2026-07-15T06:49:00.751481+00:00,2026-07-15T08:19:53.483775+00:00,90,66666,waived,entry,exit,,75700abb-c5bf-467d-9ee5-4b188cb1cf2b
۱۵ی۷۲۹-۱۷,waived,2026-07-15T06:46:49.708456+00:00,2026-07-19T04:36:18.577631+00:00,5629,0,waived,entry,,,2ec0c67f-cfb9-45c6-893a-326f94d7f4cb
۹۶ط۳۲۹-۱۷,waived,2026-07-15T06:43:25.313230+00:00,2026-07-15T06:51:29.141697+00:00,8,0,waived,entry,exit,,ee69f304-c94f-41bc-8400-c940b0a8953d
۸۱ل۵۵۳-۱۷,waived,2026-07-15T06:43:05.440138+00:00,2026-07-19T04:36:18.577631+00:00,5633,0,waived,entry,,,4a68a132-6820-4977-aee5-8d83bacb6b2a
۴۸س۳۷۹-۱۷,waived,2026-07-15T06:42:58.419197+00:00,2026-07-19T04:36:18.577631+00:00,5633,0,waived,entry,,,8f6eff11-4548-4224-a232-0b4269328474
۲۸س۳۷۱-۱۷,waived,2026-07-15T06:42:45.269224+00:00,2026-07-19T04:36:18.577631+00:00,5633,0,waived,entry,,,a3e751ae-95fe-45e9-8b14-da16a0f05742
۲۳ه۸۱۳-۱۷,waived,2026-07-15T06:41:38.950052+00:00,2026-07-19T04:36:18.577631+00:00,5634,0,waived,entry,,,38e1a958-2a5f-49dc-b6bf-0ec8e7041401
۶۳ه۹۲۴-۱۷,waived,2026-07-15T06:41:07.567060+00:00,2026-07-15T08:07:01.795453+00:00,85,62500,waived,entry,exit,,6d09f265-cbb5-4574-9240-9e22ec39d8e9
۴۱ل۲۹۵-۱۷,waived,2026-07-15T06:40:19.385696+00:00,2026-07-15T07:41:50.916901+00:00,61,42500,waived,entry,exit,,8123090f-b155-4d54-ab57-63f89f54c7c4
۵۶ل۶۲۳-۱۷,waived,2026-07-15T06:39:53.181059+00:00,2026-07-19T04:36:18.577631+00:00,5636,0,waived,entry,,,e67cecd7-a585-496f-be4c-9ef30e1755d2
۲۴ق۶۶۴-۱۷,waived,2026-07-15T06:38:53.151052+00:00,2026-07-15T06:41:17.119044+00:00,2,0,waived,entry,exit,,0d8fede3-c7c4-44b3-8654-75a1b6b40c42
۶۵ی۳۱۱-۱۷,waived,2026-07-15T06:37:33.082900+00:00,2026-07-15T06:44:25.221660+00:00,6,0,waived,entry,exit,,488c8ed5-bd42-45e6-9f36-aa8f4ae19a2d
۴۶و۳۴۴-۱۷,waived,2026-07-15T06:37:02.290195+00:00,2026-07-15T06:40:46.784194+00:00,3,0,waived,entry,exit,,3c698ed5-8277-473a-8fd7-6476b5a0e763
۷۵س۲۴۷-۱۷,waived,2026-07-15T06:36:15.805372+00:00,2026-07-15T06:42:04.150247+00:00,5,0,waived,entry,exit,,e66a505f-9b3c-4499-9c22-4fda8bb7247b
۹۲ه۶۷۲-۱۷,waived,2026-07-15T06:34:38.130939+00:00,2026-07-19T04:36:18.577631+00:00,5641,0,waived,entry,,,b85161bd-938c-4969-a346-f50f75b536df
۹۳د۴۴۸-۹۷,waived,2026-07-15T06:34:16.494163+00:00,2026-07-19T04:36:18.577631+00:00,5642,0,waived,entry,,,7ab21fbd-d184-4e74-97ad-f46ccefc8795
۷۳ن۱۳۹-۱۷,waived,2026-07-15T06:34:12.274905+00:00,2026-07-19T04:36:18.577631+00:00,5642,0,waived,entry,,,756bbcb8-3fbe-4b80-a0eb-395be5e03af8
۷۳ه۳۱۶-۱۷,waived,2026-07-15T06:34:07.849474+00:00,2026-07-15T07:13:25.823282+00:00,39,24166,waived,entry,exit,,bfdfe8bb-b938-436b-b54b-a9b20ff077cf
۸۶ی۳۴۹-۱۷,waived,2026-07-15T06:33:48.243098+00:00,2026-07-15T06:37:04.046613+00:00,3,0,waived,entry,exit,,d687316c-dd1f-49ef-9071-0f5e797754a9
۹۵ل۷۵۸-۱۷,waived,2026-07-15T06:33:38.424427+00:00,2026-07-19T04:36:18.577631+00:00,5642,0,waived,entry,,,ed41ef48-952a-4e82-bcaa-587a0c1501f7
۱۳د۴۴۸-۱۷,waived,2026-07-15T06:32:27.596885+00:00,2026-07-15T07:53:49.984476+00:00,81,59166,waived,entry,exit,,ebeba03e-c291-4214-828e-1fe518c5fca9
۱۱ن۶۹۴-۲۷,waived,2026-07-15T06:32:03.244984+00:00,2026-07-19T04:36:18.577631+00:00,5644,0,waived,entry,,,e1dd9a50-9b90-4ba8-bc13-7f0978496e60
۴۳ه۵۹۹-۱۷,waived,2026-07-15T06:31:54.536943+00:00,2026-07-19T04:36:18.577631+00:00,5644,0,waived,entry,,,1e25a45b-93db-4f5e-828d-411bea434cb9
۸۱ه۸۳۳-۶۰,waived,2026-07-15T06:31:32.717334+00:00,2026-07-19T04:36:18.577631+00:00,5644,0,waived,entry,,,efbc3e6f-8775-4b56-bc13-4de7d4e6157e
۶۱ن۷۳۴-۵۶,waived,2026-07-15T06:30:26.045460+00:00,2026-07-19T04:36:18.577631+00:00,5645,0,waived,entry,,,03245ab8-2e3b-445f-9bfe-44be0e866469
۶۱ق۷۳۴-۵۶,waived,2026-07-15T06:30:23.832046+00:00,2026-07-19T04:36:18.577631+00:00,5645,0,waived,entry,,,76bf18d3-506a-46ac-9ed6-98fc867c5c2b
۴۲د۹۸۴-۱۷,waived,2026-07-15T06:30:19.337618+00:00,2026-07-15T09:32:54.381717+00:00,182,143333,waived,entry,exit,,16657883-6eb3-49b7-a075-1d5ed668b1b3
۳۴ب۶۱۲-۱۷,waived,2026-07-15T06:30:06.256695+00:00,2026-07-19T04:36:18.577631+00:00,5646,0,waived,entry,,,57187e6a-0f07-4cd7-a6b6-e41907cd157f
۲۴ب۶۱۲-۱۷,waived,2026-07-15T06:29:57.494575+00:00,2026-07-19T04:36:18.577631+00:00,5646,0,waived,entry,,,2706dfd7-8601-4ec1-b15f-1dda8b59b0ef
۶۷ن۶۷۹-۱۷,waived,2026-07-15T06:25:57.009430+00:00,2026-07-15T09:20:31.249161+00:00,174,136666,waived,entry,exit,,8f889663-75b2-4887-8692-84055bd646e2
۳۳س۶۸۹-۱۷,flagged,2026-07-15T06:25:39.649275+00:00,,,0,,entry,,,117eb7a6-5192-4213-a9db-295b44a37bc6
۴۷د۷۹۵-۱۷,waived,2026-07-15T06:25:13.314785+00:00,2026-07-19T04:36:18.577631+00:00,5651,0,waived,entry,,,562860be-e358-402c-af5d-e8b46e411cd9
۵۸د۴۹۵-۱۷,waived,2026-07-15T06:24:28.513437+00:00,2026-07-19T04:36:18.577631+00:00,5651,0,waived,entry,,,52617012-cd56-4ccd-8baf-769b9d4092f1
۷۴ل۶۶۶-۳۷,waived,2026-07-15T06:22:32.601343+00:00,2026-07-15T06:26:53.535035+00:00,4,0,waived,entry,exit,,c1c63d43-bf8b-4c9b-8299-324d41fe66b8
۶۳م۷۷۲-۱۷,waived,2026-07-15T06:20:04.757407+00:00,2026-07-19T04:36:18.577631+00:00,5656,0,waived,entry,,,60d2d297-28ac-419a-9d79-8747b6c9f9ef
۱۲ج۵۶۸-۲۷,waived,2026-07-15T06:18:04.470346+00:00,2026-07-19T04:36:18.577631+00:00,5658,0,waived,entry,,,19a3e61a-41dd-4a85-ba5e-6d34195f60e2
۵۵س۹۵۱-۱۷,waived,2026-07-15T06:16:20.462684+00:00,2026-07-19T04:36:18.577631+00:00,5659,0,waived,entry,,,836229b2-dc81-43ee-98ac-de08b6d46b56
۴۷م۶۹۱-۱۷,waived,2026-07-15T06:16:07.317093+00:00,2026-07-15T08:48:54.558569+00:00,152,118333,waived,entry,exit,,86475090-fd73-40e2-8272-97d235c076ea
۲۴س۷۷۸-۱۷,waived,2026-07-15T06:15:11.843987+00:00,2026-07-19T04:36:18.577631+00:00,5661,0,waived,entry,,,dc70ac98-341e-453a-9f5a-5573223d7f71
۸۸ج۳۷۵-۱۷,waived,2026-07-15T06:14:04.947455+00:00,2026-07-19T04:36:18.577631+00:00,5662,0,waived,entry,,,fa5431dc-6746-426f-8fc0-c395f2a46b9e
۵۲و۲۹۷-۱۷,waived,2026-07-15T06:13:20.682661+00:00,2026-07-15T09:06:28.492433+00:00,173,135833,waived,entry,exit,,cc9a6e76-fd29-47fd-bcdb-e03bdcf212ac
۱۲ب۳۲۵-۱۷,waived,2026-07-15T06:13:16.283627+00:00,2026-07-15T06:18:24.494137+00:00,5,0,waived,entry,exit,,a49ffebd-ba19-4d3c-9e6b-32f4c4376553
۴۹س۵۲۲-۱۷,waived,2026-07-15T06:13:13.989546+00:00,2026-07-15T07:34:05.085247+00:00,80,58333,waived,entry,exit,,ba3d04f4-842c-45ec-ba3f-c393926b154e
۶۳د۹۷۸-۱۷,waived,2026-07-15T06:12:58.574380+00:00,2026-07-19T04:36:18.577631+00:00,5663,0,waived,entry,,,374b9c11-53b0-4d4a-876e-110c8ff9f25a
۲۵ی۹۲۶-۱۷,waived,2026-07-15T06:12:29.588144+00:00,2026-07-15T07:17:04.670152+00:00,64,45000,waived,entry,exit,,2b6d29fb-7d47-44e0-9e27-8bb9b27594ed
۸۷ن۲۱۵-۳۷,waived,2026-07-15T06:09:29.410577+00:00,2026-07-19T04:36:18.577631+00:00,5666,0,waived,entry,,,857806b6-76fa-45a1-9f01-980c6db77e98
۱۹ط۷۸۱-۱۷,waived,2026-07-15T06:06:51.952976+00:00,2026-07-19T04:36:18.577631+00:00,5669,0,waived,entry,,,82ee1c7b-2556-4494-8d63-e9b1d2728594
۳۷ی۶۵۶-۱۷,waived,2026-07-15T06:06:21.504626+00:00,2026-07-19T04:36:18.577631+00:00,5669,0,waived,entry,,,69f8c722-d980-428d-8bf8-cfdfd0d5b594
۵۹و۲۵۱-۱۷,waived,2026-07-15T06:05:08.235476+00:00,2026-07-15T06:19:11.770343+00:00,14,3333,waived,entry,exit,,be03e244-7ab3-4251-8446-0633688ef601
۶۹ج۸۵۸-۳۷,waived,2026-07-15T06:04:09.409557+00:00,2026-07-15T07:15:35.079931+00:00,71,50833,waived,entry,exit,,8b47df3b-905f-4c9c-b2f6-503e47ffec87
۶۱ه۴۷۴-۱۷,waived,2026-07-15T06:03:24.662588+00:00,2026-07-15T09:10:48.332660+00:00,187,147500,waived,entry,exit,,2c353914-0f95-42c5-ad15-9bde26c1ec6a
۲۴ی۷۷۹-۱۷,waived,2026-07-15T06:03:11.618850+00:00,2026-07-15T06:06:42.214309+00:00,3,0,waived,entry,exit,,c8f51eb8-79c2-4d18-b42f-6f1298204534
۴۱ص۸۴۷-۱۷,waived,2026-07-15T05:56:58.413418+00:00,2026-07-19T04:36:18.577631+00:00,5679,0,waived,entry,,,460ff4da-c030-473e-9213-92fdab57eed9
۶۲ن۳۴۶-۱۷,waived,2026-07-15T05:53:39.675600+00:00,2026-07-19T04:36:18.577631+00:00,5682,0,waived,entry,,,bc0f4fe8-6c5f-4c5b-b15d-12d67e520122
۴۷ی۳۴۳-۱۷,waived,2026-07-15T05:51:37.015499+00:00,2026-07-15T06:25:32.876725+00:00,33,19166,waived,entry,exit,,fba88ec7-05c1-4c38-b7f8-a7d73cd58898
۵۷د۳۸۳-۱۷,waived,2026-07-15T05:51:26.077240+00:00,2026-07-19T04:36:18.577631+00:00,5684,0,waived,entry,,,7d3f6985-394c-4333-b114-0dbd9ee43ba3
۲۷ق۶۸۸-۳۲,waived,2026-07-15T05:49:00.384084+00:00,2026-07-19T04:36:18.577631+00:00,5687,0,waived,entry,,,4c1656b2-85d3-420b-9780-a44b9fbdce90
۲۷ق۲۶۸-۳۲,waived,2026-07-15T05:48:57.940294+00:00,2026-07-19T04:36:18.577631+00:00,5687,0,waived,entry,,,886ea7ef-f0f1-45f3-b117-84a93300e533
۹۷ط۳۴۱-۱۷,waived,2026-07-15T05:46:35.043629+00:00,2026-07-19T04:36:18.577631+00:00,5689,0,waived,entry,,,d169cfbc-8507-47bf-9e16-7ad747093c57
۹۷و۲۵۱-۱۷,flagged,2026-07-15T05:44:09.786015+00:00,,,0,,entry,,,1e7a77c5-9e8e-4fb9-b054-bd33b051d5f5
۹۶ی۷۷۹-۱۷,flagged,2026-07-15T05:43:47.630640+00:00,,,0,,entry,,,347cd862-2ffe-41a0-9678-fdf8b91f25fd
۲۳ق۲۳۳-۳۷,waived,2026-07-15T05:42:53.994087+00:00,2026-07-19T04:36:18.577631+00:00,5693,0,waived,entry,,,31f1452e-3da8-41d2-8ce3-76dc617dbbf1
۴۹ل۶۷۵-۱۷,waived,2026-07-15T05:42:40.934041+00:00,2026-07-15T07:12:49.295398+00:00,90,66666,waived,entry,exit,,10a783c8-d27b-44e5-89a9-42802c06d93d
۸۷ه۴۴۶-۱۷,waived,2026-07-15T05:40:30.936134+00:00,2026-07-19T04:36:18.577631+00:00,5695,0,waived,entry,,,93b1044b-725d-45fb-91d9-c3c79d77c001
۸۲و۲۷۷-۱۷,waived,2026-07-15T05:38:47.233319+00:00,2026-07-19T04:36:18.577631+00:00,5697,0,waived,entry,,,3f0f9ea8-4980-4cb5-9f12-53e90efb0de2
۶۲م۸۳۱-۱۷,waived,2026-07-15T05:36:36.922635+00:00,2026-07-19T04:36:18.577631+00:00,5699,0,waived,entry,,,db94d523-f0f6-4897-8257-a8502ecf52ce
۷۲م۸۴۷-۱۷,waived,2026-07-15T05:31:08.270395+00:00,2026-07-19T04:36:18.577631+00:00,5705,0,waived,entry,,,0d76a9f9-28e2-493a-bdc6-817012f1045c
۴۱ی۵۳۵-۹۱,waived,2026-07-15T05:30:13.301835+00:00,2026-07-19T04:36:18.577631+00:00,5706,0,waived,entry,,,4b18cab3-3c96-48f8-bbb8-abf40825c522
۶۵ن۱۳۱-۱۷,waived,2026-07-15T05:26:25.896976+00:00,2026-07-15T07:37:00.282482+00:00,130,100000,waived,entry,exit,,f1742e24-ff42-4909-948d-5141ed885f17
۵۴ب۴۹۲-۱۷,waived,2026-07-15T05:09:44.391542+00:00,2026-07-19T04:36:18.577631+00:00,5726,0,waived,entry,,,726895dd-88aa-4b33-aeca-e87306609de5
۶۹ی۶۸۳-۱۷,waived,2026-07-15T05:09:12.807892+00:00,2026-07-15T07:10:46.094303+00:00,121,92500,waived,entry,exit,,f81c1e18-00be-4cf8-b7f5-cdef4d4f6821
۳۷ص۶۲۴-۱۷,waived,2026-07-15T05:07:37.209539+00:00,2026-07-19T04:36:18.577631+00:00,5728,0,waived,entry,,,fd04c74e-d87e-427c-9505-82bacc61992e
۸۲ج۶۳۹-۱۷,waived,2026-07-15T05:06:30.583731+00:00,2026-07-15T09:57:09.832970+00:00,290,233333,waived,entry,exit,,6d7f5a7b-67a9-43c2-ad7b-8a8ca5e68dd3
۹۴ل۳۵۳-۱۷,waived,2026-07-15T05:03:52.651189+00:00,2026-07-19T04:36:18.577631+00:00,5732,0,waived,entry,,,b1a092cc-3e26-4d80-9431-8758ef8c531e
۸۹ط۱۹۹-۱۷,waived,2026-07-15T05:02:37.632446+00:00,2026-07-15T07:04:13.552784+00:00,121,92500,waived,entry,exit,,f588c17d-f6e5-4a0b-9a6e-8658f5d44e0c
۶۴د۴۱۴-۱۷,waived,2026-07-15T05:02:09.058129+00:00,2026-07-19T04:36:18.577631+00:00,5734,0,waived,entry,,,0d32dc7c-3788-49f1-9a4a-283d55d91e16
۳۳ب۶۶۵-۱۷,waived,2026-07-15T05:01:18.090231+00:00,2026-07-19T04:36:18.577631+00:00,5735,0,waived,entry,,,c434a2b4-967e-434b-ad45-a8199a5a5993
۶۲ن۳۴۶-۱۷,flagged,2026-07-15T05:00:49.816764+00:00,,,0,,entry,,,ba1dde79-0955-4efa-9b16-ccca4518c3d8
۷۱ب۷۲۱-۱۷,waived,2026-07-15T04:59:00.056702+00:00,2026-07-15T06:08:18.532427+00:00,69,49166,waived,entry,exit,,ef3a76f1-ecfa-4b15-9aef-79c8c560ddce
۳۷م۶۹۴-۱۵,waived,2026-07-15T04:58:40.311062+00:00,2026-07-19T04:36:18.577631+00:00,5737,0,waived,entry,,,4ff32d92-79a6-4eb0-b96b-b7fca8d6f2ab
۲۵ط۵۵۶-۱۷,waived,2026-07-15T04:58:33.729033+00:00,2026-07-15T06:05:10.524231+00:00,66,46666,waived,entry,exit,,92b47dd3-b2fe-49bf-9514-9a61d800366e
۴۲ص۷۸۸-۱۷,waived,2026-07-15T04:56:47.365539+00:00,2026-07-19T04:36:18.577631+00:00,5739,0,waived,entry,,,f9fc3da5-6f4c-4fda-b4e3-0b0d54859103
۳۳ن۵۶۴-۱۷,waived,2026-07-15T04:56:42.911120+00:00,2026-07-19T04:36:18.577631+00:00,5739,0,waived,entry,,,df9680d1-81f5-42b2-b54e-d939cfdefd9f
۴۴ق۴۴۸-۱۷,waived,2026-07-15T04:56:27.471044+00:00,2026-07-19T04:36:18.577631+00:00,5739,0,waived,entry,,,fc395327-aa7c-43c3-b0de-6fd430f30788
۹۴ق۹۴۸-۱۷,waived,2026-07-15T04:56:18.790943+00:00,2026-07-19T04:36:18.577631+00:00,5739,0,waived,entry,,,21d6ad88-7f51-4c0e-a58f-3105b4310173
۲۳ن۸۲۸-۱۷,waived,2026-07-15T04:54:36.601695+00:00,2026-07-19T04:36:18.577631+00:00,5741,0,waived,entry,,,ddf453bf-7d0d-4b12-a826-80e1f3dda809
۵۳ص۹۵۱-۱۷,flagged,2026-07-15T04:54:32.104294+00:00,,,0,,entry,,,128fa231-b46c-4d84-b711-0351fc644dba
۸۸و۸۴۴-۱۷,waived,2026-07-15T04:54:10.003305+00:00,2026-07-15T05:58:35.592734+00:00,64,45000,waived,entry,exit,,d378d0f7-5ae2-4b82-80b4-626f60d08ee9
۴۹ی۷۴۹-۱۷,waived,2026-07-15T04:53:54.590403+00:00,2026-07-19T04:36:18.577631+00:00,5742,0,waived,entry,,,3650ce65-a6ef-42b0-b727-e08e7dae39af
۷۸ی۸۵۸-۱۷,waived,2026-07-15T04:53:46.173455+00:00,2026-07-19T04:36:18.577631+00:00,5742,0,waived,entry,,,8d4faf58-35c4-46bd-9c2c-9f85ade140e9
۳۷ق۶۵۸-۱۷,waived,2026-07-15T04:52:43.488270+00:00,2026-07-19T04:36:18.577631+00:00,5743,0,waived,entry,,,ddfda3e8-181f-40a8-b14d-ff67f76cf1cc
۳۳ص۷۲۷-۱۷,waived,2026-07-15T04:52:34.501607+00:00,2026-07-15T04:55:02.367808+00:00,2,0,waived,entry,exit,,9146bfbc-7149-4d27-9468-721c21b965e3
۲۷م۳۱۱-۱۷,waived,2026-07-15T04:52:27.786916+00:00,2026-07-19T04:36:18.577631+00:00,5743,0,waived,entry,,,55a787ba-8132-41dc-b795-587a58c431a1
۲۶م۴۸۱-۱۷,waived,2026-07-15T04:50:48.944982+00:00,2026-07-15T06:18:06.593586+00:00,87,64166,waived,entry,exit,,47f4bacd-4307-4071-8576-da39cc83ba3d
۶۹د۱۸۷-۱۷,waived,2026-07-15T04:50:24.020334+00:00,2026-07-19T04:36:18.577631+00:00,5745,0,waived,entry,,,2805fe63-1f5e-46e5-93af-fd6684626894
۵۱ن۹۹۷-۱۷,waived,2026-07-15T04:50:19.512829+00:00,2026-07-15T09:21:53.289930+00:00,271,217500,waived,entry,exit,,88ff04e2-4f60-4d55-a8e9-d6761caf62ab
۲۵ی۳۹۴-۱۷,flagged,2026-07-15T04:50:10.585281+00:00,,,0,,entry,,,ac6deaef-34a1-4e2c-a67f-0e35d7db3f59
۴۹ل۶۷۵-۱۷,waived,2026-07-15T04:49:25.766317+00:00,2026-07-15T05:07:58.519651+00:00,18,6666,waived,entry,exit,,6b1e5aa3-9ac2-490c-82c6-c8782ad08bdf
۵۵ه۶۶۸-۱۷,flagged,2026-07-15T04:48:50.205635+00:00,,,0,,entry,,,974fcf40-74bf-4ff1-9770-301333894837
۱۳ه۱۷۶-۱۷,waived,2026-07-15T04:48:23.890705+00:00,2026-07-15T07:33:50.479290+00:00,165,129166,waived,entry,exit,,1ffca8c8-3074-4bd0-9970-6d0a66394eeb
۲۳ه۸۱۳-۱۷,waived,2026-07-15T04:47:28.779691+00:00,2026-07-15T04:51:47.520274+00:00,4,0,waived,entry,exit,,4777324d-a103-4caa-8ee9-3e6570e14145
۲۵ی۹۷۳-۷۷,waived,2026-07-15T04:47:19.845759+00:00,2026-07-15T07:03:26.490663+00:00,136,105000,waived,entry,exit,,0a0b4b54-ed66-42c9-ae25-4ef6f19afe02
۹۳د۴۸۲-۱۷,waived,2026-07-15T04:45:10.169565+00:00,2026-07-19T04:36:18.577631+00:00,5751,0,waived,entry,,,a42ffa7d-76d6-4bd0-a9b3-1d983cae1bb6
۱۸ت۵۲۴-۱۷,waived,2026-07-15T04:44:57.276731+00:00,2026-07-19T04:36:18.577631+00:00,5751,0,waived,entry,,,aff924d4-b243-46d6-92f7-05b54214e24e
۴۴ن۵۵۷-۳۷,waived,2026-07-15T04:44:08.291247+00:00,2026-07-15T07:10:53.073402+00:00,146,113333,waived,entry,exit,,94ab376c-3331-49d9-b742-5d7f37f95200
۵۴ب۲۶۵-۹۷,waived,2026-07-15T04:43:22.104336+00:00,2026-07-19T04:36:18.577631+00:00,5752,0,waived,entry,,,f8d0bfa2-1973-40c6-b84e-41a5acfed213
۳۸ی۶۱۷-۱۷,waived,2026-07-15T04:43:17.573026+00:00,2026-07-15T08:43:05.106401+00:00,239,190833,waived,entry,exit,,9f0c06c2-915b-47d8-b00f-280578adc65d
۲۱ل۸۲۱-۱۷,waived,2026-07-15T04:43:04.398566+00:00,2026-07-19T04:36:18.577631+00:00,5753,0,waived,entry,,,4a09a8b0-62e0-4815-8a42-62fb0088e183
۹۷ی۲۷۲-۱۷,waived,2026-07-15T04:42:46.497612+00:00,2026-07-15T09:25:15.173073+00:00,282,226666,waived,entry,exit,,10dfb998-11bd-4cc1-b98d-f0a5e4308e7e
۸۸ص۵۱۲-۱۷,waived,2026-07-15T04:41:28.095703+00:00,2026-07-15T05:02:51.628947+00:00,21,9166,waived,entry,exit,,4b135445-53db-4888-bf4b-2ef1b024be6f
۹۲ط۸۹۳-۱۷,waived,2026-07-15T04:40:41.668766+00:00,2026-07-15T04:44:04.889929+00:00,3,0,waived,entry,exit,,b8efc177-359b-48a1-9e3c-e692e5017523
۳۹ن۳۵۶-۱۷,waived,2026-07-15T04:39:23.202842+00:00,2026-07-15T07:55:04.450781+00:00,195,154166,waived,entry,exit,,c6b3c094-a22f-47a2-b530-7df85eec5dce
۳۴ق۷۳۴-۱۷,waived,2026-07-15T04:38:47.405574+00:00,2026-07-19T04:36:18.577631+00:00,5757,0,waived,entry,,,646fcc2c-d3ba-416c-a711-f1766e71e1f0
۷۶ب۲۴۶-۱۷,waived,2026-07-15T04:38:32.030674+00:00,2026-07-15T07:30:24.340320+00:00,171,134166,waived,entry,exit,,4085a51f-1c00-4498-acbc-50ccdc1bf5fb
۵۱ل۵۳۱-۲۲,waived,2026-07-15T04:38:18.886307+00:00,2026-07-19T04:36:18.577631+00:00,5757,0,waived,entry,,,462886fc-8a43-48e9-8712-430649bc4b12
۴۴ه۷۵۵-۱۷,waived,2026-07-15T04:38:14.326646+00:00,2026-07-19T04:36:18.577631+00:00,5758,0,waived,entry,,,f15c0fad-1c63-4fdb-9ab9-6f6f86b82ead
۳۳ل۹۸۱-۱۷,waived,2026-07-15T04:38:02.899722+00:00,2026-07-19T04:36:18.577631+00:00,5758,0,waived,entry,,,7ad3b1cd-b75d-4207-90b1-3bb53aa18fb1
۸۱ه۱۳۵-۱۷,flagged,2026-07-15T04:37:56.135631+00:00,,,0,,entry,,,f4404020-b9c2-461f-ada4-bd04c0403f81
۳۵ه۶۳۲-۱۷,waived,2026-07-15T04:37:49.638062+00:00,2026-07-19T04:36:18.577631+00:00,5758,0,waived,entry,,,c60acb00-c25f-4a3c-a8bf-631f7d8d076a
۶۳د۶۹۹-۱۷,waived,2026-07-15T04:37:34.298132+00:00,2026-07-19T04:36:18.577631+00:00,5758,0,waived,entry,,,3bd982e3-bc15-4db9-bfda-4d2a0036a1fe
۷۲ل۲۴۱-۲۵,waived,2026-07-15T04:37:29.823253+00:00,2026-07-19T04:36:18.577631+00:00,5758,0,waived,entry,,,f5a87209-8b8d-4517-8ba2-bd13a1655480
۷۴ص۷۱۸-۱۷,waived,2026-07-15T04:37:09.647434+00:00,2026-07-19T04:36:18.577631+00:00,5759,0,waived,entry,,,a6f79025-cdcf-4b22-9ee5-3a488dfcfdd0
۱۴د۳۷۱-۱۷,waived,2026-07-15T04:36:50.337660+00:00,2026-07-19T04:36:18.577631+00:00,5759,0,waived,entry,,,14e71fe1-d796-4a09-a625-cc1fd874660d
۷۸د۹۶۵-۱۷,waived,2026-07-15T04:36:31.014217+00:00,2026-07-19T04:36:18.577631+00:00,5759,0,waived,entry,,,31692d58-913c-43d6-97d1-7a01b47ab020
۱۲و۵۷۸-۱۷,waived,2026-07-15T04:36:26.829158+00:00,2026-07-19T04:36:18.577631+00:00,5759,0,waived,entry,,,cd0aa9b2-4824-4e74-981b-3e6c395f4afb
۸۸و۲۷۲-۱۷,waived,2026-07-15T04:36:22.323299+00:00,2026-07-19T04:36:18.577631+00:00,5759,0,waived,entry,,,8cb14a82-3f91-4001-8eed-934e268c10a4
۸۴م۵۹۹-۱۷,waived,2026-07-15T04:35:35.566877+00:00,2026-07-19T04:36:18.577631+00:00,5760,0,waived,entry,,,88d0bc2c-b064-47be-8529-872cb5c5b332
۳۶ب۹۸۳-۱۷,waived,2026-07-15T04:35:18.181558+00:00,2026-07-19T04:36:18.577631+00:00,5761,0,waived,entry,,,189229a4-a33f-4009-a0b1-6d46c042ea1a
۸۵ق۷۹۱-۱۷,waived,2026-07-15T04:34:44.625200+00:00,2026-07-15T08:23:17.888506+00:00,228,181666,waived,entry,exit,,7e2faac6-efa0-4217-abc5-47500bcb1732
۷۹ل۴۱۴-۱۷,waived,2026-07-15T04:34:37.932620+00:00,2026-07-19T04:36:18.577631+00:00,5761,0,waived,entry,,,22c87673-753d-432a-8b9f-630ed00e3c87
۲۵ل۸۷۹-۱۷,waived,2026-07-15T04:33:26.227278+00:00,2026-07-19T04:36:18.577631+00:00,5762,0,waived,entry,,,32e38272-8a70-4c19-aa7f-3f4caa9eebc3
۶۸س۳۲۲-۱۷,waived,2026-07-15T04:32:52.616938+00:00,2026-07-19T04:36:18.577631+00:00,5763,0,waived,entry,,,35d2ba78-0c24-4e59-a7be-1049fb2d01d3
۸۱ج۸۸۱-۱۵,waived,2026-07-15T04:32:14.562411+00:00,2026-07-15T06:08:05.232801+00:00,95,70833,waived,entry,exit,,6f3f85ad-4be8-4c32-93ae-055c850858d5
۶۲م۴۷۳-۱۷,waived,2026-07-15T04:31:48.272360+00:00,2026-07-19T04:36:18.577631+00:00,5764,0,waived,entry,,,044ce455-6bea-4bad-8f4f-aeb756835ef3
۵۲س۴۳۳-۱۷,waived,2026-07-15T04:31:39.589828+00:00,2026-07-19T04:36:18.577631+00:00,5764,0,waived,entry,,,b106b79a-12bc-4d13-a2dc-d17a2b382316
۶۳د۹۷۸-۱۷,flagged,2026-07-15T04:30:52.199300+00:00,,,0,,entry,,,4898dba1-00a9-4906-bc8d-3e5909ed8a5c
۴۵ج۴۲۴-۱۷,waived,2026-07-15T04:30:45.524502+00:00,2026-07-15T06:53:23.367526+00:00,142,110000,waived,entry,exit,,0a807436-a5fd-4a86-9f66-b878efbefa99
۷۳ط۱۸۴-۱۷,waived,2026-07-15T04:30:34.570538+00:00,2026-07-19T04:36:18.577631+00:00,5765,0,waived,entry,,,cc06919a-46fa-4f30-8e88-9d5f1eaeecfa
۵۹ب۵۳۹-۱۷,waived,2026-07-15T04:30:21.425944+00:00,2026-07-19T04:36:18.577631+00:00,5765,0,waived,entry,,,9024e547-2c76-4bcc-a892-683ac25a27f6
۵۴ب۷۳۶-۱۷,waived,2026-07-15T04:30:14.719552+00:00,2026-07-19T04:36:18.577631+00:00,5766,0,waived,entry,,,64117678-b04b-4948-8452-a36f9dd28d69
۴۶ب۸۲۳-۱۷,waived,2026-07-15T04:30:08.019840+00:00,2026-07-19T04:36:18.577631+00:00,5766,0,waived,entry,,,844a7616-7e54-44c0-86af-b57c45f08ede
۷۳ج۲۵۳-۱۷,waived,2026-07-15T04:29:23.821900+00:00,2026-07-15T04:31:29.507346+00:00,2,0,waived,entry,exit,,59942d6a-227c-4ea7-9bc7-86f00c0532a5
۳۵ق۳۸۲-۱۷,waived,2026-07-15T04:29:19.306842+00:00,2026-07-19T04:36:18.577631+00:00,5766,0,waived,entry,,,e4112ae2-d0ff-4826-808e-ac4f11cfe684
۱۵ی۷۲۹-۱۷,flagged,2026-07-15T04:28:56.860151+00:00,,,0,,entry,,,5b6de44f-45e7-4e6b-a60f-d1baffa46eb0
۶۲و۶۴۲-۱۷,waived,2026-07-15T04:28:23.863174+00:00,2026-07-19T04:36:18.577631+00:00,5767,0,waived,entry,,,fdb4b210-ff72-4a0c-b19b-0cbe2716ed0d
۳۲ص۲۲۵-۱۷,waived,2026-07-15T04:28:19.481668+00:00,2026-07-19T04:36:18.577631+00:00,5767,0,waived,entry,,,e66a3e1b-6802-488c-9759-f1f0f85d8a10
۷۳د۳۳۹-۱۷,waived,2026-07-15T04:28:04.078525+00:00,2026-07-19T04:36:18.577631+00:00,5768,0,waived,entry,,,d919290c-4a97-497e-958d-6f47563319e1
۳۷و۲۲۵-۴۷,waived,2026-07-15T04:27:59.450509+00:00,2026-07-19T04:36:18.577631+00:00,5768,0,waived,entry,,,857e1dc1-db2c-488f-a27f-989a21163bad
۹۹ی۵۱۳-۱۷,waived,2026-07-15T04:27:37.687937+00:00,2026-07-19T04:36:18.577631+00:00,5768,0,waived,entry,,,d7278897-1169-4ab1-9472-d1e755db081a
۲۸م۸۸۳-۲۳,waived,2026-07-15T04:27:33.208889+00:00,2026-07-15T04:33:01.887279+00:00,5,0,waived,entry,exit,,59d4507a-c9e6-46bc-ab81-40238b617c54
۵۶م۱۲۹-۱۷,waived,2026-07-15T04:27:28.712212+00:00,2026-07-19T04:36:18.577631+00:00,5768,0,waived,entry,,,72123ac5-2df3-4087-b50d-fd68b0b1839e
۸۶م۲۹۳-۱۷,waived,2026-07-15T04:27:06.320952+00:00,2026-07-15T09:44:16.452198+00:00,317,255833,waived,entry,exit,,215a564d-df20-4b6a-ab77-920650b886ea
۸۹ب۹۴۴-۱۷,waived,2026-07-15T04:26:05.828722+00:00,2026-07-19T04:36:18.577631+00:00,5770,0,waived,entry,,,1dcc5494-07bb-44d4-bd95-3f35cf536905
۴۵م۳۸۶-۱۷,waived,2026-07-15T04:25:56.864460+00:00,2026-07-19T04:36:18.577631+00:00,5770,0,waived,entry,,,b5b0a867-3304-4cbc-959a-fda49d5367be
۳۹ق۵۹۶-۱۷,waived,2026-07-15T04:25:50.137367+00:00,2026-07-19T04:36:18.577631+00:00,5770,0,waived,entry,,,55405fd5-4d38-404b-a033-4262a8c536ee
۵۱ی۳۴۴-۱۷,waived,2026-07-15T04:25:21.014475+00:00,2026-07-19T04:36:18.577631+00:00,5770,0,waived,entry,,,48216d74-2eae-4fa2-8b27-0aaa5865e85f
۴۶د۷۱۹-۱۷,waived,2026-07-15T04:25:01.150777+00:00,2026-07-19T04:36:18.577631+00:00,5771,0,waived,entry,,,6a6ff154-2f22-4508-a1c3-a714ee4e205b
۹۳ن۳۲۳-۱۷,waived,2026-07-15T04:24:56.681472+00:00,2026-07-19T04:36:18.577631+00:00,5771,0,waived,entry,,,31f52060-ac11-4222-b985-d265e6aa2534
۳۹ج۴۲۸-۱۷,waived,2026-07-15T04:24:18.849223+00:00,2026-07-19T04:36:18.577631+00:00,5771,0,waived,entry,,,7895c3b5-9523-4d89-be2b-8edda202203f
۷۳و۴۹۴-۱۷,waived,2026-07-15T04:24:09.916008+00:00,2026-07-19T04:36:18.577631+00:00,5772,0,waived,entry,,,b8168d22-c80d-43cd-9922-4ee30cb1ec5b
۷۸ص۳۴۴-۱۷,waived,2026-07-15T04:24:05.368154+00:00,2026-07-19T04:36:18.577631+00:00,5772,0,waived,entry,,,8932c78a-197b-479d-a452-b2a1cba7839b
۹۲ه۱۴۷-۱۷,waived,2026-07-15T04:22:58.727865+00:00,2026-07-19T04:36:18.577631+00:00,5773,0,waived,entry,,,2354471c-4090-4e13-925e-9df243e28bec
۴۷ن۴۵۴-۲۵,waived,2026-07-15T04:22:39.141778+00:00,2026-07-19T04:36:18.577631+00:00,5773,0,waived,entry,,,c9e916a6-5cd2-4d0d-ba67-63b3de774a67
۹۷و۷۳۳-۱۷,waived,2026-07-15T04:22:19.044606+00:00,2026-07-19T04:36:18.577631+00:00,5773,0,waived,entry,,,4b472dbc-a60e-4092-995c-25e6b4ad4a04
۵۵م۳۹۹-۱۵,waived,2026-07-15T04:22:16.748534+00:00,2026-07-19T04:36:18.577631+00:00,5774,0,waived,entry,,,a8caaa46-3bee-4f1c-85bd-fb68b8d6767f
۱۷ج۸۹۶-۱۵,waived,2026-07-15T04:21:43.196653+00:00,2026-07-19T04:36:18.577631+00:00,5774,0,waived,entry,,,abb45415-299d-4b8c-99a0-990080173dce
۵۱ن۶۲۸-۱۷,waived,2026-07-15T04:20:47.163808+00:00,2026-07-19T04:36:18.577631+00:00,5775,0,waived,entry,,,7cd2ed78-2e2b-43b5-b653-228879524a5f
۴۷د۷۹۵-۱۷,flagged,2026-07-15T04:20:13.598418+00:00,,,0,,entry,,,5d902f86-9fd3-4c10-a497-c51384597936
۷۲ه۳۶۹-۱۷,waived,2026-07-15T04:19:10.834823+00:00,2026-07-19T04:36:18.577631+00:00,5777,0,waived,entry,,,efa6af26-4c4f-435e-a96d-f0cb985c0980
۵۷ن۵۸۸-۱۷,waived,2026-07-15T04:18:55.153561+00:00,2026-07-19T04:36:18.577631+00:00,5777,0,waived,entry,,,74ff47e4-852a-4d08-b6c9-17060b2300ad
۷۷س۹۱۶-۱۷,flagged,2026-07-15T04:18:28.583511+00:00,,,0,,entry,,,233e1860-a91e-41f8-9422-23594491ff54
۴۸ج۲۹۱-۲۷,waived,2026-07-15T04:18:17.406617+00:00,2026-07-19T04:36:18.577631+00:00,5778,0,waived,entry,,,2cae37d6-3407-41e7-94d1-b764bbdf5f56
۷۳د۳۴۳-۱۷,waived,2026-07-15T04:17:37.628559+00:00,2026-07-19T04:36:18.577631+00:00,5778,0,waived,entry,,,70d120f7-8250-43f1-aefc-c5ca9da523bd
۴۷ی۶۳۵-۱۷,waived,2026-07-15T04:17:33.154336+00:00,2026-07-19T04:36:18.577631+00:00,5778,0,waived,entry,,,d390034a-cd4e-4856-bcd7-86afb2148c07
۵۴ل۴۹۸-۱۷,waived,2026-07-15T04:15:41.582813+00:00,2026-07-19T04:36:18.577631+00:00,5780,0,waived,entry,,,327b6cea-e706-4abb-b4ce-9cd4abf8f054
۶۲م۴۸۶-۲۷,waived,2026-07-15T04:15:34.987014+00:00,2026-07-19T04:36:18.577631+00:00,5780,0,waived,entry,,,d039b9a2-28af-4971-99ad-54b18495853d
۲۱ج۷۱۷-۱۷,waived,2026-07-15T04:14:10.134406+00:00,2026-07-19T04:36:18.577631+00:00,5782,0,waived,entry,,,87750d13-68d2-44b8-958b-6152054bee62
۸۵ق۸۴۹-۱۷,waived,2026-07-15T04:13:54.685892+00:00,2026-07-19T04:36:18.577631+00:00,5782,0,waived,entry,,,1f470773-2734-43c1-920b-2d650efb5d80
۳۸ن۸۲۶-۱۷,waived,2026-07-15T04:13:50.215150+00:00,2026-07-15T07:13:55.974963+00:00,180,141666,waived,entry,exit,,47f2f86a-d97f-4516-b40e-cc440f3b0008
۷۲ج۵۷۳-۱۷,flagged,2026-07-15T04:13:48.126177+00:00,,,0,,entry,,,82cab5e0-6939-4f96-8932-492603462770
۲۹ی۹۴۸-۱۷,waived,2026-07-15T04:12:43.543818+00:00,2026-07-19T04:36:18.577631+00:00,5783,0,waived,entry,,,95b9ec77-7ae5-433d-afc3-074831a14bda
۲۵ق۳۴۶-۱۷,waived,2026-07-15T04:12:39.397881+00:00,2026-07-19T04:36:18.577631+00:00,5783,0,waived,entry,,,140b31fa-5e26-4100-915f-76a955e05690
۲۵و۸۳۱-۱۷,waived,2026-07-15T04:11:39.503137+00:00,2026-07-19T04:36:18.577631+00:00,5784,0,waived,entry,,,732edd59-c26e-419d-b348-f2189517549e
۴۹د۸۴۷-۱۷,waived,2026-07-15T04:11:32.763988+00:00,2026-07-19T04:36:18.577631+00:00,5784,0,waived,entry,,,ea21199c-f7c6-4cc8-aead-9f4bc748ae07
۴۲م۶۴۵-۱۷,waived,2026-07-15T04:11:08.085680+00:00,2026-07-15T06:51:36.182598+00:00,160,125000,waived,entry,exit,,4387c5c2-0a7a-4f65-9147-1cd2c1fc07c9
۳۳و۸۵۲-۱۷,waived,2026-07-15T04:09:38.496780+00:00,2026-07-19T04:36:18.577631+00:00,5786,0,waived,entry,,,c780cc3b-ec7a-42d8-b9a9-eebb3a2f2916
۳۲ه۸۶۴-۱۷,flagged,2026-07-15T04:08:20.094641+00:00,,,0,,entry,,,5e5177fb-e9e7-438e-a096-4c261138af6a
۳۴م۳۷۸-۱۷,waived,2026-07-15T04:06:58.043476+00:00,2026-07-15T09:46:12.923700+00:00,339,274166,waived,entry,exit,,7f40d918-e312-4787-87ce-cd9803292180
۳۶ه۱۳۱-۱۷,waived,2026-07-15T04:05:01.891501+00:00,2026-07-19T04:36:18.577631+00:00,5791,0,waived,entry,,,6f504ccc-9386-4699-b6d4-22ebd446f828
۹۱ی۱۷۴-۱۷,waived,2026-07-15T04:04:37.211831+00:00,2026-07-19T04:36:18.577631+00:00,5791,0,waived,entry,,,1a75ab6e-74cf-4f5c-9cae-7e8203a56b4a
۳۹ی۸۸۱-۱۷,waived,2026-07-15T04:04:23.788096+00:00,2026-07-19T04:36:18.577631+00:00,5791,0,waived,entry,,,192850b6-2e43-4dc0-a0dd-5868f1d7537e
۴۱م۹۴۳-۱۷,waived,2026-07-15T04:03:47.948288+00:00,2026-07-15T05:40:01.709733+00:00,96,71666,waived,entry,exit,,1dd451d6-f353-47cc-bf2a-145e3207382c
۸۹ق۵۷۱-۱۷,waived,2026-07-15T04:03:32.248008+00:00,2026-07-19T04:36:18.577631+00:00,5792,0,waived,entry,,,98bbc933-b6a1-40ba-9e34-74ca9003330f
۹۷و۲۵۱-۱۷,flagged,2026-07-15T04:03:19.350993+00:00,,,0,,entry,,,88dff927-6662-46e4-a73a-48e4aebbc5fc
۹۳س۳۹۱-۲۷,waived,2026-07-15T04:03:10.449298+00:00,2026-07-15T04:07:05.616896+00:00,3,0,waived,entry,exit,,7c86b4fc-1594-4979-b714-e1d9f6bed684
۷۴ص۹۵۷-۲۷,waived,2026-07-15T03:59:48.804603+00:00,2026-07-19T04:36:18.577631+00:00,5796,0,waived,entry,,,c20103f8-7835-4ce4-94cb-f8d77b653247
۸۳د۴۸۶-۱۷,waived,2026-07-15T03:59:30.874033+00:00,2026-07-19T04:36:18.577631+00:00,5796,0,waived,entry,,,f5c487b2-ff9a-40c0-aa4c-5716c85b9acd
۵۸م۹۳۶-۱۷,waived,2026-07-15T03:54:07.125196+00:00,2026-07-15T04:00:04.085340+00:00,5,0,waived,entry,exit,,f55c48d2-ef07-4ff6-bfde-37d8196d0ef2
۴۷ب۵۷۴-۲۷,flagged,2026-07-15T03:51:25.819249+00:00,,,0,,entry,,,f27e4475-90d6-40cd-8f4d-746ec96a8426
۶۲ق۴۱۸-۱۷,waived,2026-07-15T03:50:56.692013+00:00,2026-07-19T04:36:18.577631+00:00,5805,0,waived,entry,,,270507be-a0d0-4a3a-af53-fbea00428ecd
۵۶ب۵۱۸-۱۷,waived,2026-07-15T03:50:07.484841+00:00,2026-07-15T08:33:15.973161+00:00,283,227500,waived,entry,exit,,f7122ab2-8db5-49e9-96c7-2ee58ae19c75
۷۴ن۸۳۴-۱۷,waived,2026-07-15T03:47:32.878543+00:00,2026-07-15T06:27:05.308049+00:00,159,124166,waived,entry,exit,,962bf229-14d4-4432-88cc-b858774e176d
۸۷ب۶۲۶-۱۷,waived,2026-07-15T03:45:54.300124+00:00,2026-07-19T04:36:18.577631+00:00,5810,0,waived,entry,,,a260eba9-dfc0-4a34-8a8b-ae54e58ed657
۵۲ب۲۲۸-۱۷,waived,2026-07-15T03:45:09.557003+00:00,2026-07-19T04:36:18.577631+00:00,5811,0,waived,entry,,,b6b53db6-59ec-4959-a00a-1b6522c5cea7
۶۶ن۲۸۷-۱۷,waived,2026-07-15T03:43:35.407680+00:00,2026-07-19T04:36:18.577631+00:00,5812,0,waived,entry,,,4aa41f44-6f15-4391-a899-98492823123f
۸۹ب۱۹۳-۱۷,waived,2026-07-15T03:43:19.766626+00:00,2026-07-15T04:13:34.312885+00:00,30,16666,waived,entry,exit,,215e4fa1-1e72-440a-a5c7-a96d5c0a96f8
۹۹م۹۷۵-۱۷,waived,2026-07-15T03:40:47.406462+00:00,2026-07-15T03:44:59.001307+00:00,4,0,waived,entry,exit,,558921a4-e1ec-4160-bcff-34fe15fcf01f
۹۱ه۸۶۵-۱۷,waived,2026-07-15T03:35:54.248868+00:00,2026-07-19T04:36:18.577631+00:00,5820,0,waived,entry,,,aa49daf6-d059-480f-b320-8387596eb873
۵۱ب۴۴۴-۱۷,waived,2026-07-15T03:26:45.996402+00:00,2026-07-19T04:36:18.577631+00:00,5829,0,waived,entry,,,5a94f1eb-a609-4319-ab15-d2e72804ae72
۵۴ی۵۶۹-۱۷,waived,2026-07-15T03:26:25.835309+00:00,2026-07-19T04:36:18.577631+00:00,5829,0,waived,entry,,,86c8df57-862b-4940-809d-556c5d7396af
۴۴ی۴۲۲-۱۷,waived,2026-07-15T03:17:44.466436+00:00,2026-07-19T04:36:18.577631+00:00,5838,0,waived,entry,,,8b1d9555-e138-4d3a-a15b-c03d2cc61c45
۴۹۵۱۴-۱۷,waived,2026-07-15T03:12:15.502706+00:00,2026-07-19T04:36:18.577631+00:00,5844,0,waived,entry,,,21484889-75ed-4c7f-8ba0-775210eb478c
۸۲و۲۳۲-۱۷,waived,2026-07-15T03:11:24.098671+00:00,2026-07-19T04:36:18.577631+00:00,5844,0,waived,entry,,,d3ef543d-a974-4b3a-af7e-40b04a19db0d
۶۶ن۹۵۴-۱۷,waived,2026-07-15T03:10:36.958510+00:00,2026-07-19T04:36:18.577631+00:00,5845,0,waived,entry,,,1866b8ce-6423-4c18-8c60-e111beeee4ea
۸۵ط۱۸۱-۴۹,waived,2026-07-14T21:45:13.197011+00:00,2026-07-15T03:10:15.648771+00:00,325,0,waived,entry,,,d31fb37a-537f-4e52-b2d2-75c67ec3686b
۵۶و۹۳۰-۳۹,waived,2026-07-14T21:45:13.016124+00:00,2026-07-15T03:10:15.648771+00:00,325,0,waived,entry,,,b5422013-3b25-4da8-aac7-ce3c68ea72b8
۵۱ع۴۷۶-۳۸,waived,2026-07-14T21:45:11.617948+00:00,2026-07-15T03:10:15.648771+00:00,325,0,waived,entry,,,57593875-1939-4d63-9e29-ce898897b984
۶۸ل۰۷۸-۸۶,waived,2026-07-14T21:43:46.507182+00:00,2026-07-15T03:10:15.648771+00:00,326,0,waived,entry,,,21f69ad8-57ce-46b2-8167-95eb376486d4
۰۵م۰۴۸-۵۶,waived,2026-07-14T21:43:45.115244+00:00,2026-07-15T03:10:15.648771+00:00,326,0,waived,entry,,,7018d084-f761-42ec-b844-1e72c381a477
۳۳س۳۳۳-۳۳,waived,2026-07-14T21:42:33.168500+00:00,2026-07-14T21:44:54.153565+00:00,2,0,waived,entry,exit,,8825197a-d6fc-4ac4-b7d3-8075447f333d
۰۷گ۶۲۱-۵۰,waived,2026-07-14T21:19:41.418091+00:00,2026-07-15T03:10:15.648771+00:00,350,0,waived,entry,,,9cdbafb6-ab06-450e-b7db-baccbfe3141c
۱۱۵۳۰-۱۵,waived,2026-07-14T21:17:02.808333+00:00,2026-07-15T03:10:15.648771+00:00,353,0,waived,entry,,,d01248ce-c44a-4315-a87e-23235adb404a
۴۹ز۵۳۷-۱۷,waived,2026-07-14T21:16:52.209058+00:00,2026-07-15T03:10:15.648771+00:00,353,0,waived,entry,,,84b2f62b-1a65-47cc-8f84-1872793a4e39
۱۲ث۴۸۲-۸۱,waived,2026-07-14T21:16:52.010951+00:00,2026-07-15T03:10:15.648771+00:00,353,0,waived,entry,,,f6b1f562-e9bb-4d24-ab38-e568288d7a79
۲۷ب۸۵۳-۶۴,waived,2026-07-14T21:16:51.834448+00:00,2026-07-15T03:10:15.648771+00:00,353,0,waived,entry,,,44c8ae55-5fb7-4336-aa92-dbce87621c91
۴۲ز۲۴۵-۴۹,waived,2026-07-14T21:16:51.641247+00:00,2026-07-15T03:10:15.648771+00:00,353,0,waived,entry,,,3dc16e8f-08c3-4a20-9252-38bc0acc6629
۶۴ن۷۲۶-۵۲,waived,2026-07-14T21:16:51.435810+00:00,2026-07-15T03:10:15.648771+00:00,353,0,waived,entry,,,a376266b-61c6-42d2-bce8-a522e81b4cc8
۹۷و۴۰۴-۶۸,waived,2026-07-14T21:16:47.136254+00:00,2026-07-15T03:10:15.648771+00:00,353,0,waived,entry,,,385daff6-5f5f-4a5e-bd06-2cec771f64b1
۳۵ی۷۱۷-۹۵,waived,2026-07-14T21:13:35.429993+00:00,2026-07-15T03:10:15.648771+00:00,356,0,waived,entry,,,b9208fdd-4df4-4b59-8626-cd4a4030a8eb
۷۶ز۰۶۴-۴۳,waived,2026-07-14T21:13:22.970302+00:00,2026-07-15T03:10:15.648771+00:00,356,0,waived,entry,,,0581fe56-7a60-412f-ab73-4f1000c38e0c
۶۵ه۸۹۵-۹۰,waived,2026-07-14T21:13:02.180095+00:00,2026-07-15T03:10:15.648771+00:00,357,0,waived,entry,,,7634c905-5abd-44f0-8a92-39e2e814f94f
۷۸ص۳۶۴-۱۷,waived,2026-07-12T10:33:02.373175+00:00,2026-07-15T03:10:15.648771+00:00,3877,0,waived,entry,,,729abdcb-8b00-4ed3-8a35-46a2facb545b
۲۸م۸۸۳-۲۳,waived,2026-07-12T10:33:01.666426+00:00,2026-07-15T03:10:15.648771+00:00,3877,0,waived,entry,,,43318010-e7bc-475c-bbd1-9f2a61d98421
۱۳ن۲۲۹-۱۷,waived,2026-07-12T10:33:00.819637+00:00,2026-07-15T03:10:15.648771+00:00,3877,0,waived,entry,,,59d97243-9bbf-48b4-a6e7-f9d2e86c23e3
۷۴ی۷۳۳-۱۷,waived,2026-07-12T10:32:59.591202+00:00,2026-07-15T03:10:15.648771+00:00,3877,0,waived,entry,,,feac840f-4f4b-465f-a33d-ed716051c4ae
۸۸س۳۶۹-۱۷,waived,2026-07-12T10:32:55.078234+00:00,2026-07-15T03:10:15.648771+00:00,3877,0,waived,entry,,,088dc65d-2e2f-4fae-896f-d19c0a7a44de
۳۳ب۶۶۵-۱۷,waived,2026-07-12T10:32:54.580059+00:00,2026-07-15T03:10:15.648771+00:00,3877,0,waived,entry,,,c0ce8297-eacf-4f8d-a6f2-0d6ec3d62e29
۳۷م۸۸۳-۱۷,waived,2026-07-12T10:32:53.299710+00:00,2026-07-15T03:10:15.648771+00:00,3877,0,waived,entry,,,344df0ef-98a3-4ccc-ba72-fecf73bd2d1b
۴۹ص۱۴۲-۳۷,waived,2026-07-12T10:32:52.542918+00:00,2026-07-15T03:10:15.648771+00:00,3877,0,waived,entry,,,fc7b315a-8fd9-4043-b2f8-814e6c384fc8
۵۴د۶۱۷-۱۷,waived,2026-07-12T05:30:42.335202+00:00,2026-07-15T03:10:15.648771+00:00,4179,0,waived,entry,,,224b12e1-dc7a-472c-b0bd-e0a41f0bb8de
۳۳ب۶۶۵-۱۷,flagged,2026-07-12T05:29:47.089880+00:00,,,0,,entry,,,e08aa1e2-f1d8-48ea-865c-e19ae2ffcf7c
۴۵ط۷۷۷-۷۴,waived,2026-07-12T05:27:34.594053+00:00,2026-07-15T03:10:15.648771+00:00,4182,0,waived,entry,,,a08732d9-7b5e-4eac-aef4-d2d57bfa33ec
۹۵ط۷۱۷-۱۷,waived,2026-07-12T05:27:33.782783+00:00,2026-07-15T03:10:15.648771+00:00,4182,0,waived,entry,,,5eefa62f-47fe-4e0c-ba93-a4d809bad3c1
۲۸ه۲۲۴-۱۷,waived,2026-07-12T05:27:33.061864+00:00,2026-07-15T03:10:15.648771+00:00,4182,0,waived,entry,,,b6baa439-4cbc-4c86-bd57-7bb66c61fd09
۸۸ج۳۴۳-۱۷,waived,2026-07-12T05:25:02.727522+00:00,2026-07-15T03:10:15.648771+00:00,4185,0,waived,entry,,,74e90e4e-8f63-4f76-9311-9f3927be4a3c
۸۹ب۱۹۳-۱۷,waived,2026-07-12T05:24:08.518012+00:00,2026-07-15T03:10:15.648771+00:00,4186,0,waived,entry,,,868c2be8-1372-4d3e-b208-4ace3a18082e
۷۸ی۸۵۸-۱۷,waived,2026-07-12T05:21:10.993280+00:00,2026-07-15T03:10:15.648771+00:00,4189,0,waived,entry,,,115e0a16-e8ac-4311-a3b5-453b4ec7d4e7
۱۲ل۶۲۵-۱۷,waived,2026-07-12T05:21:09.323214+00:00,2026-07-15T03:10:15.648771+00:00,4189,0,waived,entry,,,63c8c563-9e3e-4b2f-832f-3626f80895f9
۸۲و۲۷۷-۱۷,waived,2026-07-12T05:21:08.390905+00:00,2026-07-15T03:10:15.648771+00:00,4189,0,waived,entry,,,d005108d-ba5f-445b-b3ec-9825312e09ee
۸۲۲۷۷-۱۷,waived,2026-07-12T05:21:06.664119+00:00,2026-07-15T03:10:15.648771+00:00,4189,0,waived,entry,,,aa1de944-856d-47fd-9265-c487cb54164e
۹۸ج۵۹۹-۹۷,waived,2026-07-12T05:21:05.938049+00:00,2026-07-15T03:10:15.648771+00:00,4189,0,waived,entry,,,a9819247-1b07-4837-a800-5e6b20619811
۷۸و۸۵۹-۱۷,waived,2026-07-12T05:18:13.353635+00:00,2026-07-15T03:10:15.648771+00:00,4192,0,waived,entry,,,134c2549-657c-42bf-b5a0-d5b8b4b364ef
۲۸س۹۶۱-۱۷,waived,2026-07-04T09:55:38.912801+00:00,2026-07-15T03:10:15.648771+00:00,15434,0,waived,entry,,,871ad4fa-fdcf-43c7-82ad-45db71c26f07
۹۶ج۴۹۳-۱۷,waived,2026-07-04T09:49:49.271721+00:00,2026-07-04T10:05:38.320253+00:00,15,4166,waived,entry,exit,,de2a2ba6-f71f-4bbc-9e03-c38055e7aae9
۸۵ق۷۹۱-۱۷,waived,2026-07-04T09:41:22.956466+00:00,2026-07-15T03:10:15.648771+00:00,15448,0,waived,entry,,,b8bbb4a0-6dd5-47a0-871b-cdb4bf8557e1
۷۴ص۹۵۷-۲۷,waived,2026-07-04T09:38:55.199998+00:00,2026-07-15T03:10:15.648771+00:00,15451,0,waived,entry,,,f7338aa0-265d-431e-8a01-214c7188f6eb
۸۲ع۸۱۴-۱۷,waived,2026-07-04T09:38:46.253398+00:00,2026-07-15T03:10:15.648771+00:00,15451,0,waived,entry,,,13d1f85b-f199-43ba-874d-0b684fa89ef5
۴۸ن۹۷۹-۱۷,waived,2026-07-04T09:35:20.703133+00:00,2026-07-04T10:05:39.801838+00:00,30,16666,waived,entry,exit,,d73a1562-fb41-4430-b4ae-58860ab822bd
۴۸ن۹۷۹-۱۷,flagged,2026-07-04T09:35:19.934925+00:00,,,0,,entry,,,dcfebb20-a7bb-481f-8275-87ad0cbc168a
۲۵و۵۸۱-۱۷,waived,2026-07-04T09:35:16.111050+00:00,2026-07-04T09:44:06.058746+00:00,8,0,waived,entry,exit,,8a067158-ed66-4b18-b69f-d8ecb6688390
۲۵و۵۸۱-۱۷,flagged,2026-07-04T09:35:15.504197+00:00,,,0,,entry,,,1052b3df-a482-4d4e-83ef-1fb10518b007
۵۱ه۶۲۸-۱۷,waived,2026-07-04T09:35:12.117718+00:00,2026-07-04T09:59:49.954423+00:00,24,11666,waived,entry,exit,,06a0e0b4-f5de-41f2-b463-8a05076b0f46
۲۲ط۹۹۳-۳۵,waived,2026-07-04T09:20:38.487251+00:00,2026-07-15T03:10:15.648771+00:00,15469,0,waived,entry,,,6a258776-c234-40c2-8646-4b10e5de2b40
۲۲ط۹۹۳-۳۵,flagged,2026-07-04T09:20:37.747758+00:00,,,0,,entry,,,2be28a88-2c39-4088-be45-f2278a80e906
۱۳ه۱۷۶-۱۷,waived,2026-07-04T09:20:36.879978+00:00,2026-07-15T03:10:15.648771+00:00,15469,0,waived,entry,,,5d14afad-9f40-4e02-ab03-a670aea26462
۱۳ه۱۷۶-۱۷,flagged,2026-07-04T09:20:36.106002+00:00,,,0,,entry,,,4b3d859a-af1d-429b-8ff2-ae8930245191
۵۹ب۵۳۹-۱۷,waived,2026-07-04T09:20:28.766438+00:00,2026-07-15T03:10:15.648771+00:00,15469,0,waived,entry,,,93e767af-36d8-4b63-9769-f99b147e2777
۵۹ب۵۳۹-۱۷,flagged,2026-07-04T09:20:27.791546+00:00,,,0,,entry,,,48ce8986-51ee-4f0b-b368-e4a198b8e7ae
۱۹س۱۷۷-۱۷,waived,2026-07-04T09:20:26.966491+00:00,2026-07-15T03:10:15.648771+00:00,15469,0,waived,entry,,,fbca332c-ba6f-4643-afda-a0cd2d559bb1
۱۹س۱۷۷-۱۷,flagged,2026-07-04T09:20:23.822918+00:00,,,0,,entry,,,fd08227e-fe57-47b8-b588-fcf2ec6b32a6
۴۹ج۳۳۸-۱۷,waived,2026-07-04T09:20:16.377014+00:00,2026-07-15T03:10:15.648771+00:00,15469,0,waived,entry,,,ca79c872-8e5d-4fe4-87a8-99f221b5a6b3
۴۹ج۳۳۸-۱۷,flagged,2026-07-04T09:20:15.425563+00:00,,,0,,entry,,,b1dd90ab-56d7-46a7-829a-3852b6922878
۵۴س۴۵۹-۱۷,waived,2026-07-04T09:20:12.288272+00:00,2026-07-15T03:10:15.648771+00:00,15470,0,waived,entry,,,928eae92-f407-4357-85e2-977014ddf0f4
۱۱ج۹۲۶-۱۷,waived,2026-07-04T08:06:48.851574+00:00,2026-07-04T09:20:33.157762+00:00,73,52500,waived,entry,exit,,34b3a8d7-5195-4e37-88c7-d2144b8197e5
۳۷و۲۲۵-۱۷,waived,2026-07-04T07:52:01.507897+00:00,2026-07-15T03:10:15.648771+00:00,15558,0,waived,entry,,,b71aa296-9adb-43f3-b4da-2024f2c99120
۸۵ق۸۴۹-۱۷,waived,2026-07-04T07:47:29.048959+00:00,2026-07-15T03:10:15.648771+00:00,15562,0,waived,entry,,,ad4688b7-2656-4665-ab52-c00d78866d62
۱۲م۲۷۱-۱۷,waived,2026-07-04T07:36:34.572791+00:00,2026-07-15T03:10:15.648771+00:00,15573,0,waived,entry,,,04f86afb-977f-4b50-b4fb-33b15aa3c5ea
۳۷و۵۷۲-۱۷,waived,2026-07-04T07:31:16.062543+00:00,2026-07-04T07:55:02.999139+00:00,23,10833,waived,entry,exit,,f88a5632-5c89-48b2-ac0b-7785769a0800
۳۷و۵۷۲-۱۷,flagged,2026-07-04T07:31:14.797579+00:00,,,0,,entry,,,a024c4f9-88da-42ad-b719-381a4fc41f23
۳۷و۵۷۲-۱۷,flagged,2026-07-04T07:31:12.638891+00:00,,,0,,entry,,,c22b2bf6-a738-46aa-a681-64ffb0fcdca5
۸۴ب۳۴۸-۱۷,waived,2026-07-04T07:31:11.565828+00:00,2026-07-04T07:38:29.661850+00:00,7,0,waived,entry,exit,,2dd58a86-2ed4-48df-accb-10b30fb7fb0f
۴۷ن۴۴۳-۱۷,waived,2026-07-04T07:28:57.060171+00:00,2026-07-04T08:05:22.715672+00:00,36,21666,waived,entry,exit,,6b60a1e7-88b7-4e05-8ec4-24de5d138ca3
۲۲د۱۶۵-۱۷,waived,2026-07-04T07:27:20.196896+00:00,2026-07-15T03:10:15.648771+00:00,15582,0,waived,entry,,,f3e5bc33-d532-402c-98c0-8800082ecb23
۷۸و۳۸۴-۱۷,waived,2026-07-04T07:24:46.801517+00:00,2026-07-04T09:58:34.815448+00:00,153,119166,waived,entry,exit,,75b238ab-99a7-42ed-a871-c53f2c3bb0a1
۶۶ط۴۲۵-۱۷,waived,2026-07-04T07:02:24.873915+00:00,2026-07-15T03:10:15.648771+00:00,15607,0,waived,entry,,,86c90046-36b0-47a7-8ccf-ab4a35f69430
۲۸ن۵۷۲-۱۷,waived,2026-07-04T06:35:31.660225+00:00,2026-07-15T03:10:15.648771+00:00,15634,0,waived,entry,,,88a30902-73da-4ca8-9f38-ca8648b88020
۸۸ج۳۷۵-۱۷,waived,2026-07-04T06:29:12.113331+00:00,2026-07-04T07:22:46.518742+00:00,53,35833,waived,entry,exit,,11c31660-dc66-47a7-a08f-4706f2be1c46
۴۶ق۴۴۸-۱۷,waived,2026-07-04T06:26:34.532972+00:00,2026-07-15T03:10:15.648771+00:00,15643,0,waived,entry,,,41f956ab-f9b7-4f37-a44f-b32fc1548512
۵۱ق۳۴۴-۱۷,waived,2026-07-04T06:07:09.663127+00:00,2026-07-04T06:15:17.982908+00:00,8,0,waived,entry,exit,,76760259-70b8-497f-9fd2-fb12580189a6
۵۱ق۳۴۴-۱۷,flagged,2026-07-04T06:07:05.379880+00:00,,,0,,entry,,,4fc39afd-7589-4a80-82a6-3accb791edf0
۴۱ی۵۳۵-۹۱,waived,2026-07-04T06:06:54.262181+00:00,2026-07-15T03:10:15.648771+00:00,15663,0,waived,entry,,,830c09b7-98b4-4c87-9c1f-c5b4801adb22
۱۹ه۳۲۴-۱۷,waived,2026-07-04T05:58:02.385042+00:00,2026-07-15T03:10:15.648771+00:00,15672,0,waived,entry,,,6bcac41c-50d7-496f-a8eb-7f403064534a
۵۹ن۳۷۳-۱۰,waived,2026-07-02T10:44:59.989327+00:00,2026-07-02T10:48:46.429580+00:00,3,0,waived,entry,exit,,908bc103-6627-42f6-888f-f84e915e9f47
۳۱ی۴۶۵-۱۷,completed,2026-07-01T06:34:57.574826+00:00,2026-07-02T14:40:39.853956+00:00,1925,40000,cash,entry,exit,,050043ec-3991-49f4-9c49-10321ecb3eaa
۷۳ج۳۷۴-۱۷,waived,2026-07-01T06:34:57.259857+00:00,2026-07-15T03:10:15.648771+00:00,19955,0,waived,entry,,,5ff0aa7c-0388-434c-bcec-c6e63e8a687c
۳۸و۲۸۵-۱۷,waived,2026-07-01T06:34:55.550756+00:00,2026-07-15T03:10:15.648771+00:00,19955,0,waived,entry,,,f824b76d-c391-441a-84be-f6f1c6c5fd68
۴۲د۹۸۴-۱۷,waived,2026-07-01T06:34:55.148913+00:00,2026-07-04T09:20:21.829933+00:00,4485,400000,waived,entry,exit,,33b7b2e6-9c62-4c75-ac4c-a76123673908
۱۵ج۳۶۹-۲۷,waived,2026-07-01T06:34:54.598572+00:00,2026-07-15T03:10:15.648771+00:00,19955,0,waived,entry,,,97544f71-d3e6-424f-a38b-0be5e478d7e6
۶۷ی۱۱۵-۱۷,waived,2026-07-01T06:34:54.035625+00:00,2026-07-15T03:10:15.648771+00:00,19955,0,waived,entry,,,ff230b42-61ef-4a77-af80-f2b628d0663a
۶۷ی۱۱۵-۱۷,flagged,2026-07-01T06:34:53.527808+00:00,,,0,,entry,,,db873b55-1df8-404f-a799-7b19112f7a76
۴۲ص۷۸۸-۱۷,waived,2026-07-01T06:34:52.995458+00:00,2026-07-15T03:10:15.648771+00:00,19955,0,waived,entry,,,1cf03dea-95d6-4aa9-a09b-5c07842dd773
۱۷س۸۱۶-۲۷,waived,2026-07-01T06:34:52.185554+00:00,2026-07-15T03:10:15.648771+00:00,19955,0,waived,entry,,,9b7e3ddc-4809-4eb7-a583-435f80261274
۳۵ی۹۳۲-۱۷,waived,2026-07-01T06:34:51.346896+00:00,2026-07-15T03:10:15.648771+00:00,19955,0,waived,entry,,,c6965683-3d6e-4a9a-966e-1e83acb18c85
۱۷م۲۸۴-۳۷,waived,2026-07-01T06:34:50.966563+00:00,2026-07-15T03:10:15.648771+00:00,19955,0,waived,entry,,,6e7c5076-f832-411f-9a8f-92c2404ff8c7
۳۷و۱۵۱-۱۷,waived,2026-07-01T06:34:50.405153+00:00,2026-07-15T03:10:15.648771+00:00,19955,0,waived,entry,,,4393ca44-fe94-44f7-89e6-abb7aa52b225
۳۷و۱۵۱-۱۷,flagged,2026-07-01T06:34:49.811280+00:00,,,0,,entry,,,ee67767f-c7cc-4011-b74d-d50da6f7e8b1
۳۷و۱۵۱-۱۷,flagged,2026-07-01T06:34:49.320058+00:00,,,0,,entry,,,81dcd7c9-15e0-400d-87fd-179b445d269f
۳۷و۱۵۱-۱۷,flagged,2026-07-01T06:34:48.402972+00:00,,,0,,entry,,,8cc06b90-d220-4ee6-b660-70b9e82b3369
۳۷و۱۵۱-۱۷,flagged,2026-07-01T06:34:47.881861+00:00,,,0,,entry,,,9ed915ce-f2a5-452c-80b7-f4eef05f7208
۳۷و۱۵۱-۱۷,flagged,2026-07-01T06:34:47.354620+00:00,,,0,,entry,,,19c8076f-b9fc-4ad5-8547-97208d2d32fd
۴۱ص۸۴۷-۱۷,waived,2026-07-01T06:34:46.947987+00:00,2026-07-15T03:10:15.648771+00:00,19955,0,waived,entry,,,6c91c600-ddc6-4fba-9412-ebe466ac6ac7
۲۲س۷۴۳-۱۷,waived,2026-07-01T06:34:46.201795+00:00,2026-07-15T03:10:15.648771+00:00,19955,0,waived,entry,,,f1c51dfd-ca9e-4faf-aa3c-d1da06950705
۲۲س۷۴۳-۱۷,flagged,2026-07-01T06:34:45.856706+00:00,,,0,,entry,,,e561a34c-69f4-434c-801d-3810223ec67f
۲۲س۷۴۳-۱۷,flagged,2026-07-01T06:34:45.487209+00:00,,,0,,entry,,,642f0100-e14b-4503-b572-777f87bc0bd7
۲۲س۷۴۳-۱۷,flagged,2026-07-01T06:34:44.958083+00:00,,,0,,entry,,,3ec29ec6-983c-40ee-a7ea-1f72f0f4e43e
۲۲س۷۴۳-۱۷,flagged,2026-07-01T06:34:44.784997+00:00,,,0,,entry,,,175ed7ae-a1ab-46a0-a738-f4c543c2ad9a
۱۹ب۲۵۱-۱۷,waived,2026-07-01T06:34:43.963435+00:00,2026-07-15T03:10:15.648771+00:00,19955,0,waived,entry,,,b616b84d-67ed-4d77-9e63-81e538491f66
۷۹ط۴۲۱-۱۷,waived,2026-07-01T06:34:43.075446+00:00,2026-07-15T03:10:15.648771+00:00,19955,0,waived,entry,,,caf6129a-8d75-4d2d-84b4-67c9feddb6af
۹۳ص۹۹۱-۲۷,waived,2026-07-01T06:34:42.469803+00:00,2026-07-15T03:10:15.648771+00:00,19955,0,waived,entry,,,5abf7616-c36e-438e-9305-4f24b149742b
۹۳ص۹۹۱-۲۷,flagged,2026-07-01T06:34:41.810014+00:00,,,0,,entry,,,282399f7-8a44-443d-9316-9f04b2c90f21
۹۳ص۹۹۱-۲۷,flagged,2026-07-01T06:34:41.472803+00:00,,,0,,entry,,,8585e4c3-9db5-41f1-8f58-5506f92f52f4
۹۷ج۸۴۷-۱۷,waived,2026-07-01T06:34:41.158277+00:00,2026-07-15T03:10:15.648771+00:00,19955,0,waived,entry,,,e3951026-3423-47a4-a2b3-e010327f8578
۵۸ه۷۲۲-۱۷,waived,2026-07-01T06:34:40.816578+00:00,2026-07-15T03:10:15.648771+00:00,19955,0,waived,entry,,,8de4e022-f701-4d35-a3e2-32931da0f57a
۲۸ط۹۷۱-۴۷,waived,2026-07-01T06:34:40.145184+00:00,2026-07-15T03:10:15.648771+00:00,19955,0,waived,entry,,,b8e76a5a-20af-4430-b2d2-5b961491ee4b
۲۸ه۲۲۴-۱۷,waived,2026-07-01T06:34:39.645955+00:00,2026-07-04T09:55:21.491719+00:00,4520,400000,waived,entry,exit,,c8eec1fc-fc5c-4cff-aec7-109501a66155
۲۶ق۶۲۸-۳۷,waived,2026-07-01T06:34:39.281961+00:00,2026-07-15T03:10:15.648771+00:00,19955,0,waived,entry,,,a1ba0d4f-118b-4f55-bc54-6358517065d0
۲۶ق۶۲۸-۳۷,flagged,2026-07-01T06:34:39.000409+00:00,,,0,,entry,,,2a8ee7df-c5c7-4d8b-adf6-0617a8e9b754
۲۶ق۶۲۸-۳۷,flagged,2026-07-01T06:34:38.790570+00:00,,,0,,entry,,,cf118b81-c433-4a87-8c8e-99c7c8a706b6
۳۱ی۴۶۵-۱۷,flagged,2026-07-01T06:34:38.210979+00:00,,,0,,entry,,,dbae1c1e-5cae-4ed4-93cf-21891d58fea8
۵۱س۶۸۳-۱۴,waived,2026-07-01T06:34:36.510035+00:00,2026-07-15T03:10:15.648771+00:00,19955,0,waived,entry,,,b99e20ac-8243-4e0f-90c8-365e9134216d
۲۸س۹۶۱-۱۷,waived,2026-07-01T06:34:35.817744+00:00,2026-07-04T09:49:19.525245+00:00,4514,400000,waived,entry,exit,,69f52257-6451-4574-bba0-3927a9f91bcd
۸۸ق۳۷۷-۱۷,waived,2026-07-01T06:34:34.812627+00:00,2026-07-15T03:10:15.648771+00:00,19955,0,waived,entry,,,1701045e-7b87-40e7-bec3-e3e3f1467d86
۴۴ط۶۷۹-۱۷,waived,2026-07-01T06:34:33.614677+00:00,2026-07-15T03:10:15.648771+00:00,19955,0,waived,entry,,,d8cef714-9ce8-4157-bfee-8932cee7703a
۴۴ط۶۷۹-۱۷,flagged,2026-07-01T05:15:57.296930+00:00,,,0,,entry,,,c11e323f-75c1-4931-86c3-c7cd77614c70
۷۸د۹۶۵-۱۷,waived,2026-07-01T05:15:36.474339+00:00,2026-07-15T03:10:15.648771+00:00,20034,0,waived,entry,,,4741d39b-c8fb-4c1d-abcf-82bffca1b3d6
۳۵ی۹۳۲-۱۷,flagged,2026-07-01T05:15:21.746810+00:00,,,0,,entry,,,9d691fb0-2a1b-4ac0-9185-b5713f11717f
۸۲ق۷۴۲-۳۵,waived,2026-07-01T05:14:23.789613+00:00,2026-07-15T03:10:15.648771+00:00,20035,0,waived,entry,,,8d45b260-7512-4b31-9a99-6514ce89afd5
۶۳د۹۷۸-۱۷,waived,2026-07-01T05:12:18.597175+00:00,2026-07-15T03:10:15.648771+00:00,20037,0,waived,entry,,,c69ff495-7997-4f1e-828d-8847a21ba270
۹۵ل۷۵۸-۱۷,waived,2026-07-01T05:11:55.071476+00:00,2026-07-15T03:10:15.648771+00:00,20038,0,waived,entry,,,556509c8-fc7e-4432-8f2a-f53aaf18e630
۳۴ل۷۵۹-۳۷,waived,2026-07-01T05:11:08.218152+00:00,2026-07-15T03:10:15.648771+00:00,20039,0,waived,entry,,,07217a4e-0d25-4093-b6b3-511858692c48
۷۴ص۷۱۸-۱۷,waived,2026-07-01T05:08:28.799572+00:00,2026-07-15T03:10:15.648771+00:00,20041,0,waived,entry,,,6a20b94d-48db-4a62-9930-4078f875daf0
۵۴م۳۷۱-۱۷,waived,2026-07-01T05:07:16.567650+00:00,2026-07-15T03:10:15.648771+00:00,20042,0,waived,entry,,,aefe298e-e9fe-489a-b088-ba966c3dcf42
۷۸ی۲۸۳-۱۷,waived,2026-07-01T05:06:52.769951+00:00,2026-07-15T03:10:15.648771+00:00,20043,0,waived,entry,,,c40ee74c-6e57-49a5-a12d-53a82601a92b
۱۹ط۷۸۱-۱۷,waived,2026-07-01T05:06:24.718435+00:00,2026-07-15T03:10:15.648771+00:00,20043,0,waived,entry,,,5691006b-6493-4392-8ec8-d33ead284fba
۳۶ل۴۵۹-۱۷,waived,2026-07-01T05:00:57.865500+00:00,2026-07-15T03:10:15.648771+00:00,20049,0,waived,entry,,,2f279b61-199b-454c-a477-423afdab672c
۹۸ی۲۱۴-۱۷,waived,2026-07-01T05:00:24.929859+00:00,2026-07-01T06:34:59.356289+00:00,94,7000,waived,entry,exit,,adb458c9-f19b-4ee4-b8c0-f99b85a1c17c
۳۳ص۷۲۷-۱۷,waived,2026-07-01T04:59:07.500254+00:00,2026-07-15T03:10:15.648771+00:00,20051,0,waived,entry,,,7a733f8c-1b88-44e6-9a8a-f9768367021d
۹۴ج۸۸۳-۱۷,waived,2026-07-01T04:53:47.554161+00:00,2026-07-15T03:10:15.648771+00:00,20056,0,waived,entry,,,45d699a7-16de-4f28-aa28-330de04db048
۶۶د۴۳۹-۱۷,waived,2026-07-01T04:53:33.885005+00:00,2026-07-15T03:10:15.648771+00:00,20056,0,waived,entry,,,e3e788aa-53bb-4c06-9ae0-e674e0f2da8e
۸۷ه۴۴۶-۱۷,waived,2026-07-01T04:53:12.665980+00:00,2026-07-15T03:10:15.648771+00:00,20057,0,waived,entry,,,a7dfa6f4-046c-4224-86b3-8dca82d7b140
۳۸د۱۷۲-۲۷,waived,2026-07-01T04:51:06.749601+00:00,2026-07-15T03:10:15.648771+00:00,20059,0,waived,entry,,,8fc5a033-660c-4a13-86d5-1c1fbae80430
۹۹ی۵۱۳-۱۷,waived,2026-07-01T04:49:01.113570+00:00,2026-07-15T03:10:15.648771+00:00,20061,0,waived,entry,,,cd9cc9d4-bd8f-4853-bd69-25b3933d08a2
۴۵م۳۸۶-۱۷,waived,2026-07-01T04:47:22.876069+00:00,2026-07-15T03:10:15.648771+00:00,20062,0,waived,entry,,,00ec659d-4594-4413-a920-39e0b5021d7d
۳۵ق۳۸۲-۱۷,waived,2026-07-01T04:46:27.307853+00:00,2026-07-15T03:10:15.648771+00:00,20063,0,waived,entry,,,e9119acd-a35f-4d9f-9837-ed7f7c9f379d
۲۸م۲۴۷-۱۷,waived,2026-07-01T04:44:04.217124+00:00,2026-07-15T03:10:15.648771+00:00,20066,0,waived,entry,,,aaf2e7a5-00f2-46d3-a82d-bbab3e98f224
۸۸و۲۷۷-۱۷,waived,2026-07-01T04:43:48.586218+00:00,2026-07-15T03:10:15.648771+00:00,20066,0,waived,entry,,,7d16097d-0757-43a3-8929-bca6ffce0f0a
۳۳ل۹۸۱-۱۷,waived,2026-07-01T04:41:24.424125+00:00,2026-07-15T03:10:15.648771+00:00,20068,0,waived,entry,,,d09bce82-4c42-40b2-9e0a-6b84637d68f1
۷۶و۹۴۸-۱۷,waived,2026-06-30T08:33:15.433276+00:00,2026-06-30T20:40:22.035896+00:00,727,40000,waived,entry,exit,,b36c9fd3-f8e0-4f37-bf95-48546ab2f282
۳۷ی۱۲۷-۱۷,waived,2026-06-30T08:31:36.926337+00:00,2026-06-30T08:40:46.233053+00:00,9,0,waived,entry,exit,,c1357ac4-a64c-4eac-978f-872de340b149
۲۴ق۶۶۴-۱۷,waived,2026-06-30T08:29:52.621004+00:00,2026-06-30T20:40:26.757239+00:00,730,40000,waived,entry,exit,,493d1998-07fe-42c7-820c-e3ba581b71df
۸۳ق۵۹۸-۱۷,waived,2026-06-30T08:28:06.303072+00:00,2026-06-30T22:16:14.980252+00:00,828,0,waived,entry,,,72ccabf1-da41-46dc-b867-79e71352dfcd
۱۶و۴۷۴-۱۷,waived,2026-06-30T08:28:04.138653+00:00,2026-06-30T22:16:14.980252+00:00,828,0,waived,entry,,,af287903-2338-46e8-913d-5ad87f6dbfb8
۱۶و۴۷۴-۱۷,flagged,2026-06-30T08:28:03.085166+00:00,,,0,,entry,,,2d09326a-f240-4a95-87bd-8b7c1d1a5482
۱۶و۴۷۴-۱۷,flagged,2026-06-30T08:28:01.422112+00:00,,,0,,entry,,,3a7a70d1-1f9a-4f6a-a82d-4c367fe61c5f
۶۵ن۳۸۸-۱۷,waived,2026-06-30T08:27:59.548754+00:00,2026-06-30T22:16:14.980252+00:00,828,0,waived,entry,,,71870e98-1a8b-422e-a7de-a0f4b9f03587
۳۸د۱۷۲-۲۷,waived,2026-06-30T08:27:57.891035+00:00,2026-06-30T22:16:14.980252+00:00,828,0,waived,entry,,,2fede851-0132-4729-91b1-0b8033e3e92a
۲۴ق۶۶۴-۱۷,flagged,2026-06-30T08:27:56.861184+00:00,,,0,,entry,,,df86177b-4e2d-4e90-8bc5-4883e15b6df9
۳۵ب۲۵۶-۲۷,waived,2026-06-30T08:27:55.679089+00:00,2026-06-30T22:16:14.980252+00:00,828,0,waived,entry,,,eff4e66a-ca24-4472-ac3c-5bcf215c4316
۴۹ل۶۷۵-۱۷,waived,2026-06-30T08:27:54.033651+00:00,2026-06-30T22:16:14.980252+00:00,828,0,waived,entry,,,4f3901de-0767-464e-8cde-802658637bee
۹۸و۷۶۷-۱۷,waived,2026-06-30T08:27:51.529400+00:00,2026-06-30T22:16:14.980252+00:00,828,0,waived,entry,,,089f2e98-91ad-4a31-a6d9-491daf10ae4f
۱۷ه۵۴۲-۱۷,waived,2026-06-30T08:27:49.662268+00:00,2026-06-30T22:16:14.980252+00:00,828,0,waived,entry,,,305a0e6e-e6e8-41ca-be80-5b4e6284a4c4
۹۸د۲۸۵-۱۷,waived,2026-06-30T08:27:48.498521+00:00,2026-06-30T22:16:14.980252+00:00,828,0,waived,entry,,,8a581907-b2f3-42fe-beff-2fe846cd50c6
۹۸د۲۸۵-۱۷,flagged,2026-06-30T08:27:47.972217+00:00,,,0,,entry,,,44fb7c6c-992a-48c3-8afc-c344e964e604
۷۲د۲۷۳-۱۷,waived,2026-06-30T08:27:47.251525+00:00,2026-06-30T22:16:14.980252+00:00,828,0,waived,entry,,,230f4451-9d54-4aba-9154-267f8b179037
۷۲د۲۷۳-۱۷,flagged,2026-06-30T08:27:47.039825+00:00,,,0,,entry,,,981568a7-7cd3-4b72-bfe7-aea3bbcee65d
۷۲د۲۷۳-۱۷,flagged,2026-06-30T08:27:36.861975+00:00,,,0,,entry,,,334036f7-d6d4-4578-a757-bfceb00b60d0
۷۲د۲۷۳-۱۷,flagged,2026-06-30T08:27:35.891080+00:00,,,0,,entry,,,37d192b0-1eb0-471f-bef2-8dec68ae8851
۳۲ص۲۶۲-۱۷,waived,2026-06-30T08:27:35.307342+00:00,2026-06-30T22:16:14.980252+00:00,828,0,waived,entry,,,acc83fe8-f1e7-4404-b3d4-3b057277818b
۸۱ه۸۳۳-۶۰,waived,2026-06-30T08:27:34.484505+00:00,2026-06-30T22:16:14.980252+00:00,828,0,waived,entry,,,fcb4e535-5261-454b-a414-09990cab6917
۸۶ه۸۲۲-۳۵,waived,2026-06-30T08:27:33.163482+00:00,2026-06-30T22:16:14.980252+00:00,828,0,waived,entry,,,68fa7353-a758-44a6-8903-5277bef9cbd0
۸۶ه۸۲۲-۳۵,flagged,2026-06-30T08:27:31.608942+00:00,,,0,,entry,,,329db647-fe3e-4f96-9b79-888d387b57d2
۸۶ه۸۲۲-۳۵,flagged,2026-06-30T08:27:26.776086+00:00,,,0,,entry,,,ef42cb49-b64a-46c8-a89b-14bf24f466a1
۸۶ه۸۲۲-۳۵,flagged,2026-06-30T08:27:26.254284+00:00,,,0,,entry,,,c3f99418-aa1e-47b1-ab56-5d758b21ef73
۸۶ه۸۲۲-۳۵,flagged,2026-06-30T08:27:24.237740+00:00,,,0,,entry,,,c730b555-82fd-4267-9a02-f3ad66a03522
۸۶ه۸۲۲-۳۵,flagged,2026-06-30T08:27:23.145765+00:00,,,0,,entry,,,993845b5-9d3a-4b17-bdb2-5d494fb6c7de
۸۶ه۸۲۲-۳۵,flagged,2026-06-30T08:27:21.551263+00:00,,,0,,entry,,,a153d03b-71bc-4719-9a3f-335c3992e9ce
۹۷ن۵۵۷-۱۷,waived,2026-06-30T08:27:20.410846+00:00,2026-06-30T22:16:14.980252+00:00,828,0,waived,entry,,,31f54994-02c4-4e61-a738-e9efc2abe26d
۹۷ن۵۵۷-۱۷,flagged,2026-06-30T08:27:17.507539+00:00,,,0,,entry,,,ac66462e-bbe8-4f96-92cb-c50ae47553b4
۹۱ل۷۶۹-۱۷,waived,2026-06-30T08:27:16.585501+00:00,2026-06-30T22:16:14.980252+00:00,828,0,waived,entry,,,4b77d4a4-5d52-4ed6-8075-5116064c4c00
۶۹ب۱۳۲-۱۷,waived,2026-06-30T08:27:13.913059+00:00,2026-06-30T22:16:14.980252+00:00,829,0,waived,entry,,,64cb78a9-4f7e-41c6-9c91-0bbbdcd4e172
۷۷ن۶۷۲-۱۷,waived,2026-06-30T08:27:11.182951+00:00,2026-06-30T22:16:14.980252+00:00,829,0,waived,entry,,,74762ade-c396-4ac1-ac21-6dbbca69abfc
۷۷ن۶۷۲-۱۷,flagged,2026-06-30T08:27:10.367044+00:00,,,0,,entry,,,5875e40c-5e2f-4245-98df-e2d4b115fed8
۸۶ق۱۷۶-۱۷,waived,2026-06-30T08:27:06.208105+00:00,2026-06-30T22:16:14.980252+00:00,829,0,waived,entry,,,cbd9fe41-e0e1-4899-9e63-49a811ff9276
۴۳م۹۴۴-۱۷,waived,2026-06-30T08:27:03.208563+00:00,2026-06-30T22:16:14.980252+00:00,829,0,waived,entry,,,88498fdc-863e-4937-a1b2-d9d6764285be
۱۹ق۴۷۵-۳۷,waived,2026-06-30T08:26:58.436338+00:00,2026-06-30T22:16:14.980252+00:00,829,0,waived,entry,,,fef7eb5b-d2e9-485f-b952-f1735464209a
۶۵ن۳۸۸-۱۷,flagged,2026-06-30T06:55:18.736982+00:00,,,0,,entry,,,3f32beb4-ccae-41a5-b38d-124dd2bf0abc
۲۲د۱۶۵-۱۷,waived,2026-06-30T06:52:12.250027+00:00,2026-06-30T22:16:14.980252+00:00,924,0,waived,entry,,,528bf509-7cf1-4e5b-9a4a-30d66dbc657c
۸۶م۲۹۳-۱۷,waived,2026-06-30T06:52:02.330406+00:00,2026-06-30T22:16:14.980252+00:00,924,0,waived,entry,,,c002c86e-5e42-4879-9c5f-aeec1e62707e
۷۳د۳۴۳-۱۷,waived,2026-06-30T06:51:49.224496+00:00,2026-06-30T22:16:14.980252+00:00,924,0,waived,entry,,,4da0dae6-2a68-41b7-9f2e-a8e60c51d517
۹۵و۲۶۸-۱۷,waived,2026-06-30T06:51:38.675173+00:00,2026-06-30T22:16:14.980252+00:00,924,0,waived,entry,,,045f46f9-62a6-48ff-9245-f9cb8be22f02
۷۷ن۶۷۲-۱۷,flagged,2026-06-30T06:50:14.902127+00:00,,,0,,entry,,,b96f6264-034a-447e-b897-b2f30a3a7266
۱۳ج۶۲۲-۱۷,waived,2026-06-30T06:47:44.581371+00:00,2026-06-30T22:16:14.980252+00:00,928,0,waived,entry,,,506f9c66-a880-434d-8427-8250a865e9a6
۱۳ج۶۲۲-۱۷,flagged,2026-06-30T06:47:24.786443+00:00,,,0,,entry,,,cb1cdac0-e321-4fab-a252-acae4e155893
۴۹ه۶۷۹-۱۷,waived,2026-06-30T06:47:02.002547+00:00,2026-06-30T06:58:01.957941+00:00,10,0,waived,entry,exit,,4dfd76f4-7d86-48bd-81fa-99d540c5397a
۲۴ه۶۴۸-۱۷,waived,2026-06-30T06:46:24.821693+00:00,2026-06-30T22:16:14.980252+00:00,929,0,waived,entry,,,65f32be5-c5f9-417f-ac49-3a395b688e47
۳۲ه۸۶۴-۱۷,waived,2026-06-30T06:44:06.826635+00:00,2026-06-30T22:16:14.980252+00:00,932,0,waived,entry,,,c6cfa730-36ce-4f9f-b11c-9c44f4af86a3
۸۳ق۵۹۸-۱۷,flagged,2026-06-30T06:42:24.923209+00:00,,,0,,entry,,,2300098e-fb3f-4e01-9dbd-74054810f201
۲۲د۱۶۵-۱۷,flagged,2026-06-30T06:40:52.096917+00:00,,,0,,entry,,,7d5abaaa-19b0-42a0-b458-e8b239762d96
۱۱ج۹۲۶-۱۷,waived,2026-06-30T06:39:05.313069+00:00,2026-06-30T22:16:14.980252+00:00,937,0,waived,entry,,,0dd82bec-1bb5-419b-8659-194eca054dab
۴۸ه۱۶۷-۱۷,waived,2026-06-30T06:36:26.746335+00:00,2026-06-30T22:16:14.980252+00:00,939,0,waived,entry,,,3275fbec-2c34-4a7e-8199-63f41fbe20e3
۴۸ه۱۶۷-۱۷,flagged,2026-06-30T06:36:09.969497+00:00,,,0,,entry,,,efc7b3ef-ab39-49a3-afcd-3661c07e88fc
۳۱ل۹۵۱-۱۷,waived,2026-06-30T06:35:30.153736+00:00,2026-06-30T22:16:14.980252+00:00,940,0,waived,entry,,,01a8d728-156b-4b96-b95c-aa606e7fb952
۷۱ب۵۶۳-۱۷,waived,2026-06-30T06:34:06.875184+00:00,2026-06-30T22:16:14.980252+00:00,942,0,waived,entry,,,fbbc6fad-dced-475d-a8e4-a9ffc90fb502
۲۴م۱۸۵-۲۷,waived,2026-06-30T06:31:18.948740+00:00,2026-06-30T22:16:14.980252+00:00,944,0,waived,entry,,,4dc42e75-af7b-43b5-93e2-afcf212c31bf
۱۷ل۴۶۴-۱۷,waived,2026-06-30T06:31:00.684607+00:00,2026-06-30T22:16:14.980252+00:00,945,0,waived,entry,,,6234c4c0-c2d4-43fc-b6b0-5fe96114b0d3
۸۸ج۳۴۳-۹۷,waived,2026-06-30T06:30:39.411752+00:00,2026-06-30T22:16:14.980252+00:00,945,0,waived,entry,,,17dab052-ce4c-4918-a611-3f7d51253334
۹۴ط۲۲۷-۱۷,waived,2026-06-30T06:30:03.796219+00:00,2026-06-30T22:16:14.980252+00:00,946,0,waived,entry,,,63b070fa-6539-43b2-b78b-aa6050e50360
۸۱س۳۶۵-۱۷,waived,2026-06-30T06:28:53.684429+00:00,2026-06-30T22:16:14.980252+00:00,947,0,waived,entry,,,a7330435-d849-4efa-afee-16b69311586d
۲۶م۲۸۵-۱۷,waived,2026-06-30T06:25:34.007877+00:00,2026-06-30T22:16:14.980252+00:00,950,0,waived,entry,,,7507dabf-64bc-459c-9f37-0ce78f26227b
۴۹م۳۵۸-۱۷,waived,2026-06-30T06:24:30.758905+00:00,2026-06-30T22:16:14.980252+00:00,951,0,waived,entry,,,3510f77a-67ef-4692-8de0-a08f80292e20
۱۹ب۲۵۱-۱۷,waived,2026-06-30T06:24:25.644745+00:00,2026-06-30T22:16:14.980252+00:00,951,0,waived,entry,,,16353e0b-31a1-4fa3-a695-a919e4254b51
۱۹ب۲۵۱-۱۷,flagged,2026-06-30T06:23:49.086009+00:00,,,0,,entry,,,03edac03-d9bb-4b5d-aca2-8199a7136b69
۱۹ب۲۵۱-۱۷,flagged,2026-06-30T06:23:33.959676+00:00,,,0,,entry,,,9b80ddbf-6b34-4694-9190-028c0f670441
۴۲د۹۸۴-۱۷,waived,2026-06-30T06:21:55.647088+00:00,2026-06-30T22:16:14.980252+00:00,954,0,waived,entry,,,ad2963d5-7361-4275-923c-789823702496
۴۱ه۹۸۳-۱۷,waived,2026-06-30T06:21:50.398360+00:00,2026-06-30T22:16:14.980252+00:00,954,0,waived,entry,,,67dd036b-f92a-4a16-a3f8-9e18e9920bc8
۵۹ج۴۳۲-۳۷,waived,2026-06-30T06:21:27.679366+00:00,2026-06-30T22:16:14.980252+00:00,954,0,waived,entry,,,eae467a0-0598-4f7f-85e1-75838980f5a4
۷۴ی۷۳۳-۱۷,waived,2026-06-30T06:20:03.601883+00:00,2026-06-30T22:16:14.980252+00:00,956,0,waived,entry,,,99904d40-55c0-4141-9622-0606c699d810
۶۵ه۱۷۶-۱۷,waived,2026-06-30T06:17:32.760999+00:00,2026-06-30T22:16:14.980252+00:00,958,0,waived,entry,,,9d3f200e-5f9e-490b-b923-c52a2060c633
۱۴ط۳۲۷-۱۷,waived,2026-06-30T06:17:23.018590+00:00,2026-06-30T22:16:14.980252+00:00,958,0,waived,entry,,,482eef39-7dbb-472a-b71b-127a3139c85d
۳۸و۲۸۵-۱۷,waived,2026-06-30T06:16:24.795893+00:00,2026-06-30T06:43:26.299669+00:00,27,1416,waived,entry,exit,,26512c74-7b2f-4706-ad61-63df7813c6aa
۹۳ص۹۹۱-۲۷,waived,2026-06-30T06:15:24.781432+00:00,2026-06-30T22:16:14.980252+00:00,960,0,waived,entry,,,d2c0a15a-7363-48b7-9262-85f516a483db
۷۶د۷۹۵-۱۷,waived,2026-06-30T06:14:41.712467+00:00,2026-06-30T22:16:14.980252+00:00,961,0,waived,entry,,,234655bc-12bd-4a9e-98ea-b3cffa5e58c2
۵۴ی۵۶۹-۱۷,waived,2026-06-30T06:11:27.703100+00:00,2026-06-30T22:16:14.980252+00:00,964,0,waived,entry,,,8abf62c3-b537-43b8-8381-227f02d828c4
۷۴م۲۷۴-۱۷,waived,2026-06-30T06:10:42.823314+00:00,2026-06-30T22:16:14.980252+00:00,965,0,waived,entry,,,56c50a8b-7b8b-4649-b4c4-7ca3f1869044
۸۵ق۷۶۸-۱۷,waived,2026-06-30T06:09:46.357390+00:00,2026-06-30T06:42:04.971584+00:00,32,1833,waived,entry,exit,,285eba16-27eb-41f6-ba79-5841693b1a78
۳۶ب۹۸۳-۱۷,waived,2026-06-29T10:11:46.584631+00:00,2026-06-30T22:16:14.980252+00:00,2164,0,waived,entry,,,b45b0a3c-6d71-4b0b-9e4b-44bb20918da5
۹۶ل۹۱۸-۱۷,waived,2026-06-29T10:11:25.854231+00:00,2026-06-30T22:16:14.980252+00:00,2164,0,waived,entry,,,ed1194cb-f2ff-4c8a-9282-8d421dcd00d2
۹۶ل۹۱۸-۱۷,flagged,2026-06-29T10:10:39.694228+00:00,,,0,,entry,,,7a567dd4-f763-4c90-b4f5-c51e3308df8d
۴۱ب۶۸۸-۱۷,waived,2026-06-29T10:10:06.666546+00:00,2026-06-30T22:16:14.980252+00:00,2166,0,waived,entry,,,15da9899-33e9-4313-ac6b-fc72dbee2af9
۳۱د۸۲۷-۱۷,waived,2026-06-29T10:10:01.648425+00:00,2026-06-30T22:16:14.980252+00:00,2166,0,waived,entry,,,41db34d1-62b7-41f5-a7ac-27dd2e5d61af
۱۸د۲۲۷-۱۷,waived,2026-06-29T10:07:58.263799+00:00,2026-06-29T10:11:06.837143+00:00,3,0,waived,entry,exit,,27ded965-f5d1-4253-b94d-848ab8769890
۷۷و۳۶۶-۱۷,waived,2026-06-29T10:07:29.880336+00:00,2026-06-29T10:10:59.086462+00:00,3,0,waived,entry,exit,,b3d6b141-4b1e-402c-bc7f-7f790bcff34e
۶۶م۳۹۸-۱۷,waived,2026-06-29T10:06:58.356494+00:00,2026-06-30T22:16:14.980252+00:00,2169,0,waived,entry,,,a5bdeb48-7538-4d6a-822b-6ecafcc46f2a
۴۱م۴۷۱-۱۷,waived,2026-06-29T10:05:06.027956+00:00,2026-06-30T22:16:14.980252+00:00,2171,0,waived,entry,,,a93cc1a9-10d2-49a2-b608-b84d2ff463d1
۳۹ن۳۵۶-۱۷,waived,2026-06-29T10:03:31.125265+00:00,2026-06-30T22:16:14.980252+00:00,2172,0,waived,entry,,,04d3ff9c-4b6f-4715-ae91-356c33a03208
۷۶ب۲۴۶-۱۷,waived,2026-06-29T10:03:11.319002+00:00,2026-06-30T22:16:14.980252+00:00,2173,0,waived,entry,,,149f595f-6a7d-4548-bd1c-e159f87132e7
۱۶ی۹۳۶-۱۷,waived,2026-06-29T10:01:37.710390+00:00,2026-06-30T22:16:14.980252+00:00,2174,0,waived,entry,,,90416f29-323e-467c-a4bd-35c1a3ebdf7b
۵۶د۱۴۱-۱۷,waived,2026-06-29T10:01:27.310192+00:00,2026-06-30T22:16:14.980252+00:00,2174,0,waived,entry,,,7214c655-ea8c-44a0-8da7-58bb92b1bf1e
۵۵ت۲۹۹-۱۷,waived,2026-06-29T10:00:50.067452+00:00,2026-06-30T22:16:14.980252+00:00,2175,0,waived,entry,,,2be1a185-b191-451e-9c89-33c2150db9fb
۶۳ج۸۹۹-۲۷,waived,2026-06-29T09:57:55.724585+00:00,2026-06-30T22:16:14.980252+00:00,2178,0,waived,entry,,,c45548a6-4c80-4e72-8dfc-de40300b343e
۲۳ی۵۸۲-۱۷,waived,2026-06-29T09:56:34.361695+00:00,2026-06-30T22:16:14.980252+00:00,2179,0,waived,entry,,,39da4a5b-0205-44d5-909a-3184bad80cf9
۹۳س۳۹۱-۲۷,waived,2026-06-29T09:55:40.473371+00:00,2026-06-29T09:59:55.638973+00:00,4,0,waived,entry,exit,,fa675a94-f749-4a42-afe8-6042504476aa
۸۳ع۳۶۳-۲۵,waived,2026-06-29T09:47:34.585227+00:00,2026-06-29T09:57:04.052604+00:00,9,0,waived,entry,exit,,c8ee3f1b-a4bb-4923-b845-36858e4dc0c9
۸۳ع۳۶۳-۲۵,flagged,2026-06-29T09:47:10.949079+00:00,,,0,,entry,,,b534a2ab-2a1a-4f54-93fc-fcf40daac86f
۲۲ب۷۷۴-۱۷,waived,2026-06-29T09:44:22.469768+00:00,2026-06-30T22:16:14.980252+00:00,2191,0,waived,entry,,,3e90d61e-b3a0-4a83-bc4b-c607c3e0c835
۹۴ی۸۹۴-۱۷,waived,2026-06-29T09:44:02.423346+00:00,2026-06-30T22:16:14.980252+00:00,2192,0,waived,entry,,,a8555579-a31c-4e0d-ac0b-961c59e3f81e
۸۲ب۶۶۶-۱۷,waived,2026-06-29T09:43:51.677156+00:00,2026-06-30T22:16:14.980252+00:00,2192,0,waived,entry,,,1746273b-f74e-4d7a-af23-beb5a36a943c
۸۲ب۶۶۶-۱۷,flagged,2026-06-29T09:43:49.381568+00:00,,,0,,entry,,,3939ce72-b9bf-4575-95dd-2f620ffdcf16
۸۲ب۶۶۶-۱۷,flagged,2026-06-29T09:43:47.384822+00:00,,,0,,entry,,,a0b5093d-656a-4b96-a89b-f6514d1fcf6a
۸۲ب۶۶۶-۱۷,flagged,2026-06-29T09:43:43.990973+00:00,,,0,,entry,,,ec00fc9b-11ed-4533-8353-288aa12978e6
۸۲ب۶۶۶-۱۷,flagged,2026-06-29T09:43:42.069724+00:00,,,0,,entry,,,465b45f0-3d2f-4191-b6e1-af4645344fbe
۸۲ب۶۶۶-۱۷,flagged,2026-06-29T09:43:39.634015+00:00,,,0,,entry,,,39b0b40a-8a3a-4a75-8b83-acb582b6173f
۸۲ب۶۶۶-۱۷,flagged,2026-06-29T09:43:36.495338+00:00,,,0,,entry,,,72f18ff0-1dc8-4a51-a3c6-485874100dd8
۸۲ب۶۶۶-۱۷,flagged,2026-06-29T09:43:32.086529+00:00,,,0,,entry,,,16e6a6ae-2e53-48e2-bb9b-e36d0ab5b2d7
۸۲ب۶۶۶-۱۷,flagged,2026-06-29T09:43:16.147995+00:00,,,0,,entry,,,7c6c637d-bdb6-449f-aa57-57ef66d55240
۹۱ق۵۷۱-۱۷,waived,2026-06-29T09:43:11.139651+00:00,2026-06-29T09:47:58.918142+00:00,4,0,waived,entry,exit,,a372119d-cd1c-4104-a111-84c765cba6bc
۸۸ی۹۵۳-۱۷,waived,2026-06-29T09:43:06.136758+00:00,2026-06-30T22:16:14.980252+00:00,2193,0,waived,entry,,,bbfe9bfd-c3bc-4050-88c9-e9da255f93a5
۱۱ن۵۳۷-۱۷,waived,2026-06-29T09:43:01.110169+00:00,2026-06-30T22:16:14.980252+00:00,2193,0,waived,entry,,,5538ff85-3737-48ca-9b6f-e2f240e4cf22
۵۶ب۴۳۲-۱۷,waived,2026-06-29T09:42:56.143417+00:00,2026-06-30T22:16:14.980252+00:00,2193,0,waived,entry,,,e839876b-e5e7-481f-bfbe-1d4a5760fb43
۳۶ب۶۳۲-۱۷,waived,2026-06-29T09:42:46.523725+00:00,2026-06-30T22:16:14.980252+00:00,2193,0,waived,entry,,,a4fae48f-2f24-4659-9f6b-eee9d3a144b9
۳۶ب۶۳۲-۱۷,flagged,2026-06-29T09:42:43.989805+00:00,,,0,,entry,,,41b0b0c2-aab0-412a-a919-3cce6793fb61
۳۶ب۶۳۲-۱۷,flagged,2026-06-29T09:42:39.160069+00:00,,,0,,entry,,,a5130ac1-60fa-4b46-b4dd-2d60e433712e
۳۶ب۶۳۲-۱۷,flagged,2026-06-29T09:42:30.548042+00:00,,,0,,entry,,,87c101ee-390b-4228-bf42-fa7b1925c827
۳۷ل۴۵۸-۱۷,waived,2026-06-29T09:42:25.555837+00:00,2026-06-30T22:16:14.980252+00:00,2193,0,waived,entry,,,bf07e887-171c-43f7-8607-c7db649e478d
۲۲ب۵۷۳-۱۷,waived,2026-06-29T09:42:20.520517+00:00,2026-06-30T22:16:14.980252+00:00,2193,0,waived,entry,,,38a07700-54c2-4343-b2bf-190e655204ed
۲۲ب۵۷۳-۱۷,flagged,2026-06-29T09:42:07.228031+00:00,,,0,,entry,,,2a9abf69-722e-4ae6-9cb4-e407a10dd7be
۲۲ب۵۷۳-۱۷,flagged,2026-06-29T09:42:03.256024+00:00,,,0,,entry,,,8338d821-b338-4f9f-bf3d-7ecf85027eec
۲۲ب۵۷۳-۱۷,flagged,2026-06-29T09:41:44.214460+00:00,,,0,,entry,,,176d5747-b3dc-4ce5-83e5-c3b4d45ec427
۲۲ب۵۷۳-۱۷,flagged,2026-06-29T09:40:13.233480+00:00,,,0,,entry,,,2dbdd9f5-dacd-4ea8-ac01-e43c0451fe9b
۲۲ب۵۷۳-۱۷,flagged,2026-06-29T09:40:11.248594+00:00,,,0,,entry,,,878c7539-e447-4b94-8612-a833de313e51
۸۷ه۵۷۲-۱۱,waived,2026-06-29T09:40:09.066431+00:00,2026-06-30T22:16:14.980252+00:00,2196,0,waived,entry,,,ef3d861c-2dd4-427e-a42f-5735e0f856e6
۲۴د۶۷۴-۲۷,waived,2026-06-29T09:40:07.033002+00:00,2026-06-30T22:16:14.980252+00:00,2196,0,waived,entry,,,fd457911-19db-4424-8545-198d9791b209
۶۶ج۱۶۷-۱۷,waived,2026-06-29T09:40:05.362347+00:00,2026-06-29T09:48:33.943733+00:00,8,0,waived,entry,exit,,61b1fa37-115d-46d9-bee1-e642438e6897
۴۳د۱۸۴-۳۷,waived,2026-06-29T09:40:02.706838+00:00,2026-06-29T09:47:21.119363+00:00,7,0,waived,entry,exit,,0fb9ac03-ca4b-4a6d-8b77-61f551eab2c1
۳۴و۶۳۲-۱۷,waived,2026-06-29T09:39:59.947290+00:00,2026-06-29T09:47:20.199982+00:00,7,0,waived,entry,exit,,84242807-97fc-4f02-a3c3-3f2b2d3cc5f0
۴۱ی۱۸۶-۱۷,waived,2026-06-29T07:48:38.883459+00:00,2026-06-29T09:45:43.226592+00:00,117,8916,waived,entry,exit,,5213cdeb-4eaf-40fa-b8cb-2f8b760144e7
۲۵ی۹۲۶-۱۷,waived,2026-06-29T07:47:56.769139+00:00,2026-06-29T09:44:42.789191+00:00,116,8833,waived,entry,exit,,f8e56dda-b671-4617-bf29-4dd83763ce41
۴۹ل۶۷۵-۱۷,waived,2026-06-29T07:47:33.024815+00:00,2026-06-29T10:00:23.769035+00:00,132,10166,waived,entry,exit,,9d4e7c08-c98f-4e88-b930-716e098300e5
۴۱ی۱۸۶-۱۷,flagged,2026-06-29T07:44:14.944491+00:00,,,0,,entry,,,e5e249f8-d5f8-4de3-bd4e-41d594ecfa8e
۳۵ه۹۱۸-۱۷,waived,2026-06-29T07:41:45.301735+00:00,2026-06-29T09:46:49.430979+00:00,125,9583,waived,entry,exit,,31e68a0a-70c7-48cd-abc5-f158ec61f87c
۱۳ط۵۸۴-۱۷,waived,2026-06-29T07:34:35.609383+00:00,2026-06-30T22:16:14.980252+00:00,2321,0,waived,entry,,,c1191672-3257-421d-abde-a12f320eb359
۱۳ط۵۸۴-۱۷,flagged,2026-06-29T07:34:18.401706+00:00,,,0,,entry,,,42eebe28-6f22-40e5-b589-c1ff2900d9d1
۷۴ل۶۳۶-۱۷,waived,2026-06-29T07:31:20.963670+00:00,2026-06-30T22:16:14.980252+00:00,2324,0,waived,entry,,,5d9d09bc-7b10-4578-938b-fad894fa77cb
۶۳ه۹۲۴-۱۷,waived,2026-06-29T07:29:23.963640+00:00,2026-06-30T22:16:14.980252+00:00,2326,0,waived,entry,,,5bb7d2fa-d8e8-43ef-afc2-4e810b97d9ab
۳۱ی۴۶۵-۱۷,waived,2026-06-29T07:28:13.823347+00:00,2026-06-30T22:16:14.980252+00:00,2328,0,waived,entry,,,038b7de4-b7ac-43cf-b8b1-948627586689
۵۸د۴۹۵-۱۷,waived,2026-06-29T07:23:56.755342+00:00,2026-06-30T22:16:14.980252+00:00,2332,0,waived,entry,,,43c66871-9b32-45d0-862d-5673c3a3d0f3
۳۴و۹۶۲-۱۷,waived,2026-06-29T07:19:18.902811+00:00,2026-06-30T22:16:14.980252+00:00,2336,0,waived,entry,,,7ff7b7e6-d8fa-427f-b185-d2ac7b56f951
۹۸ب۴۷۴-۱۷,waived,2026-06-29T07:18:58.510931+00:00,2026-06-29T09:44:51.967051+00:00,145,11250,waived,entry,exit,,15c9a1be-4c6a-4074-84e1-155c5368a7fc
۲۴س۸۹۸-۲۷,waived,2026-06-29T07:18:45.191069+00:00,2026-06-30T22:16:14.980252+00:00,2337,0,waived,entry,,,e81029e5-ff8a-4ff0-95e3-5c37e48135b6
۳۷ص۶۲۳-۱۷,waived,2026-06-29T07:18:28.622811+00:00,2026-06-30T22:16:14.980252+00:00,2337,0,waived,entry,,,bccdf88a-f6ed-4b19-97e4-71b965980c8b
۳۴ق۲۹۷-۱۷,waived,2026-06-29T07:16:39.020664+00:00,2026-06-30T22:16:14.980252+00:00,2339,0,waived,entry,,,4efac309-38fc-48e2-9a55-d543e375439f
۸۵ی۲۹۸-۱۷,waived,2026-06-29T07:12:35.988839+00:00,2026-06-30T22:16:14.980252+00:00,2343,0,waived,entry,,,ae4668f8-b7e9-4a96-aeeb-713411155fae
۳۹ی۸۴۱-۲۷,waived,2026-06-29T07:11:02.974720+00:00,2026-06-30T22:16:14.980252+00:00,2345,0,waived,entry,,,f6693f7f-48b8-4b42-a389-b212d2347395
۵۷ه۵۸۶-۱۷,waived,2026-06-29T07:04:03.918747+00:00,2026-06-29T09:44:43.866926+00:00,160,12500,waived,entry,exit,,a6f78116-c0fe-41bd-b1eb-a1141e0cada7
۳۱ن۲۸۸-۱۷,waived,2026-06-29T07:03:39.082600+00:00,2026-06-30T22:16:14.980252+00:00,2352,0,waived,entry,,,f41416f7-8fd3-42b4-a28e-715033dc0ab9
۱۲ی۲۱۴-۱۷,waived,2026-06-29T07:00:35.179662+00:00,2026-06-29T09:44:45.151763+00:00,164,12833,waived,entry,exit,,a6baabb8-b864-40d3-b4c2-91d47e67feee
۱۲ی۲۱۴-۱۷,flagged,2026-06-29T07:00:20.041779+00:00,,,0,,entry,,,c971023d-0efc-4d30-bf68-9e6662d5e26d
۱۲ی۲۱۴-۱۷,flagged,2026-06-29T07:00:02.904267+00:00,,,0,,entry,,,3b77913d-7118-4330-80c6-a98e4559590b
۱۷ه۵۴۲-۱۷,flagged,2026-06-29T06:57:12.326830+00:00,,,0,,entry,,,bdf5d404-eff1-440b-9bc2-74d5f13e188e
۴۳ج۹۷۳-۱۷,waived,2026-06-29T06:50:50.820495+00:00,2026-06-30T22:16:14.980252+00:00,2365,0,waived,entry,,,2467a4bb-99e6-4048-ac04-9ab72ae672f4
۸۳ق۵۹۸-۱۷,flagged,2026-06-29T06:48:27.169801+00:00,,,0,,entry,,,e30a5b3d-0d18-4729-825e-897fc6c493bd
۵۵ل۲۱۱-۱۷,waived,2026-06-29T06:46:13.368351+00:00,2026-06-30T22:16:14.980252+00:00,2370,0,waived,entry,,,72c1bf2c-fb0e-484f-90e1-bee572b1f307
۸۸ج۳۴۳-۱۷,waived,2026-06-29T06:43:16.284035+00:00,2026-06-29T09:45:40.169977+00:00,182,14333,waived,entry,exit,,7cb43ec2-574d-4e3d-b050-d5cc3e9332d4
۵۵ل۲۱۱-۱۷,flagged,2026-06-29T06:42:20.875864+00:00,,,0,,entry,,,d0fcae7e-827f-48a2-a0cf-3fdbf655cd0f
۲۳ه۹۶۳-۱۷,waived,2026-06-29T06:37:30.478559+00:00,2026-06-30T22:16:14.980252+00:00,2378,0,waived,entry,,,e681b491-5f10-40df-9b16-e2e0bde4bbca
۴۹ل۱۵۳-۱۷,waived,2026-06-29T06:33:54.035645+00:00,2026-06-30T22:16:14.980252+00:00,2382,0,waived,entry,,,266a2d63-04a2-4af2-9d19-105e2f4695e3
۳۴ق۲۹۷-۱۷,flagged,2026-06-29T06:32:58.118980+00:00,,,0,,entry,,,bd1bb677-03ce-497c-9bbd-b9deff5f4597
۷۵ط۸۱۹-۳۷,waived,2026-06-29T06:32:30.106930+00:00,2026-06-30T22:16:14.980252+00:00,2383,0,waived,entry,,,a1c277b8-5c26-4e6b-8756-abe28f1bc5e1
۷۵ص۶۶۹-۱۷,waived,2026-06-29T06:31:47.950763+00:00,2026-06-30T22:16:14.980252+00:00,2384,0,waived,entry,,,e4a655a9-26e7-42e8-8b5a-9266dac80bed
۷۹س۴۶۳-۱۷,waived,2026-06-29T06:28:52.002182+00:00,2026-06-30T06:38:08.978113+00:00,1449,40000,waived,entry,exit,,116fd766-aef8-45db-8982-28e4004c7e0e
۸۴م۳۹۶-۱۷,waived,2026-06-29T06:28:09.868388+00:00,2026-06-30T22:16:14.980252+00:00,2388,0,waived,entry,,,4ba1ee14-2d5f-4494-80a9-8de2cf649a0c
۲۵ی۹۲۶-۱۷,flagged,2026-06-29T06:24:41.719976+00:00,,,0,,entry,,,1bc942f0-002b-450c-882e-21430b3a713f
۵۱ن۹۹۷-۱۷,waived,2026-06-29T06:23:38.908499+00:00,2026-06-30T22:16:14.980252+00:00,2392,0,waived,entry,,,80894371-14ec-42dc-a286-def6c5c71825
۷۵و۵۱۸-۱۷,waived,2026-06-29T06:22:40.864298+00:00,2026-06-30T22:16:14.980252+00:00,2393,0,waived,entry,,,6086cbc5-6ff3-4e2b-9680-a20ce3b2262b
۷۵و۵۱۸-۱۷,flagged,2026-06-29T06:22:20.695665+00:00,,,0,,entry,,,68ca64b9-c5a0-40cd-945b-e16a45c40dee
۵۵س۹۵۱-۱۷,waived,2026-06-29T06:16:42.859776+00:00,2026-06-30T22:16:14.980252+00:00,2399,0,waived,entry,,,b1b46efb-252f-4d0b-8427-babe320646b5
۹۲و۷۹۸-۱۷,waived,2026-06-29T06:16:06.068162+00:00,2026-06-30T22:16:14.980252+00:00,2400,0,waived,entry,,,1006b8a7-2ef7-43af-9bc0-931be8d3a2be
۷۴ی۷۳۳-۱۷,flagged,2026-06-29T06:11:16.365528+00:00,,,0,,entry,,,6ec3947d-d012-4831-b858-ea3dabfa2522
۵۵م۵۶۲-۱۷,waived,2026-06-29T06:11:05.994522+00:00,2026-06-30T22:16:14.980252+00:00,2405,0,waived,entry,,,229549b5-c6c5-4bb0-a19f-6fc9be6b7b8b
۵۵م۵۶۲-۱۷,flagged,2026-06-29T06:10:47.968805+00:00,,,0,,entry,,,7a281d06-8a2c-4e12-a324-53c105cd560f
۳۱ل۹۵۱-۱۷,flagged,2026-06-29T06:10:20.862403+00:00,,,0,,entry,,,fefefb36-ad17-4e41-b851-8d6e7a53dfc8
۵۱ب۲۵۷-۱۷,waived,2026-06-29T06:08:19.307592+00:00,2026-06-30T22:16:14.980252+00:00,2407,0,waived,entry,,,a923ef1a-e371-4ab8-bfd1-2621d7f91ab1
۶۲م۸۳۱-۱۷,waived,2026-06-29T06:05:31.601465+00:00,2026-06-30T22:16:14.980252+00:00,2410,0,waived,entry,,,79fe0a7e-4fc9-448c-93a8-f0c5eb48c0ca
۶۲م۴۷۳-۱۷,waived,2026-06-29T06:04:15.237624+00:00,2026-06-30T22:16:14.980252+00:00,2411,0,waived,entry,,,46d33ecd-24c2-4a52-b87e-388b24c2f268
۴۳م۹۴۴-۱۷,waived,2026-06-29T06:01:26.866963+00:00,2026-06-29T06:03:59.035451+00:00,2,0,waived,entry,exit,,2ae27dd2-795a-4f6c-aa85-edf2e9de8c22
۳۴ی۹۲۴-۱۷,waived,2026-06-29T05:56:53.190748+00:00,2026-06-30T22:16:14.980252+00:00,2419,0,waived,entry,,,18d1ef3c-08a4-4652-bc6e-a5845bac3090
۴۴ی۹۲۴-۱۷,waived,2026-06-29T05:56:42.104545+00:00,2026-06-30T22:16:14.980252+00:00,2419,0,waived,entry,,,4f864ae4-821c-43b9-b4f7-7bc10b331923
۴۴ی۹۲۴-۱۷,flagged,2026-06-29T05:56:25.965435+00:00,,,0,,entry,,,f5193cba-f3a1-4df9-ab8c-4e7313c87ea6
۶۱ت۹۴۱-۱۷,waived,2026-06-29T05:56:20.770311+00:00,2026-06-29T05:58:59.734031+00:00,2,0,waived,entry,exit,,b9121647-8521-4960-9af4-bdb526e9912a
۶۱ت۹۴۱-۱۷,flagged,2026-06-29T05:52:31.054069+00:00,,,0,,entry,,,37efec15-b5d9-4dd9-beae-6d062b301793
۶۵ط۶۶۸-۱۷,waived,2026-06-29T05:52:18.152170+00:00,2026-06-29T06:26:51.122235+00:00,34,2000,waived,entry,exit,,84fd198a-1427-42bd-8c1e-e2b00f152380
۴۹م۳۵۸-۱۷,waived,2026-06-29T05:48:01.096361+00:00,2026-06-29T09:46:02.740943+00:00,238,19000,waived,entry,exit,,55fb7692-db77-42b1-9095-15b508bd7044
۴۹م۳۵۸-۱۷,flagged,2026-06-29T05:47:44.011545+00:00,,,0,,entry,,,5395e12a-1111-4d47-a799-c5bef50e2e6c
۳۳س۶۸۹-۱۷,waived,2026-06-29T05:36:12.742070+00:00,2026-06-29T05:43:34.704493+00:00,7,0,waived,entry,exit,,c9070f24-e366-47fe-bbd9-708e9de8168f
۴۱ل۲۹۵-۱۷,waived,2026-06-29T05:28:12.321064+00:00,2026-06-29T09:46:10.426170+00:00,257,20583,waived,entry,exit,,79551404-8cd7-40e8-8e20-650a0173018c
۳۵ق۱۵۲-۲۷,waived,2026-06-29T05:26:50.869464+00:00,2026-06-30T22:16:14.980252+00:00,2449,0,waived,entry,,,6ae2feed-f3dc-4bc2-a696-0757e7a71502
۳۴ق۷۳۴-۱۷,waived,2026-06-29T05:24:58.785130+00:00,2026-06-30T22:16:14.980252+00:00,2451,0,waived,entry,,,663ab4e4-eeb8-4663-a3b6-803fd0ca2116
۹۸و۷۶۷-۱۷,flagged,2026-06-29T05:20:55.140883+00:00,,,0,,entry,,,6130e6a9-73d0-4fd0-bd30-e19dd9ba608b
۳۸ص۵۶۲-۲۷,waived,2026-06-29T05:20:39.664251+00:00,2026-06-30T22:16:14.980252+00:00,2455,0,waived,entry,,,5915ced6-a3f8-4c2b-a4f0-30c71801a766
۴۲ی۸۹۵-۱۷,waived,2026-06-29T05:19:34.777281+00:00,2026-06-29T05:43:30.407850+00:00,23,1083,waived,entry,exit,,5c6e765b-eabc-478b-9274-aa85c11792c0
۱۹و۹۸۳-۱۷,waived,2026-06-29T05:17:40.804522+00:00,2026-06-30T22:16:14.980252+00:00,2458,0,waived,entry,,,62cb8ace-c592-4833-ab7d-50ece7070618
۲۵ن۱۹۵-۱۷,waived,2026-06-29T05:16:31.640004+00:00,2026-06-30T22:16:14.980252+00:00,2459,0,waived,entry,,,3006b7af-de60-4187-b6db-5a3d53bf04b1
۱۵ج۳۶۹-۲۷,waived,2026-06-29T05:11:02.658883+00:00,2026-06-30T22:16:14.980252+00:00,2465,0,waived,entry,,,7fbcd72f-361d-424b-9c7d-5c17ffdfbbee
۹۸ی۲۱۴-۱۷,waived,2026-06-29T05:10:13.094303+00:00,2026-06-29T09:47:05.204565+00:00,276,22166,waived,entry,exit,,36571426-ef8c-4864-b1b9-bb3a192e51b2
۳۱ی۴۶۵-۱۷,waived,2026-06-29T05:06:15.196022+00:00,2026-06-29T05:16:05.857935+00:00,9,0,waived,entry,exit,,20db291e-39e9-4280-be3f-11fcc51f8bfe
۹۱ن۸۲۲-۱۷,waived,2026-06-29T05:05:12.289878+00:00,2026-06-30T22:16:14.980252+00:00,2471,0,waived,entry,,,fa5bd1f7-9b66-4cfa-81df-692ac193322d
۲۴س۳۸۱-۲۷,waived,2026-06-29T05:05:01.631862+00:00,2026-06-30T22:16:14.980252+00:00,2471,0,waived,entry,,,d021cae2-0574-401c-b408-d46ad0862cf0
۴۹ل۶۷۵-۱۷,waived,2026-06-29T05:04:48.674664+00:00,2026-06-29T06:30:09.669029+00:00,85,6250,waived,entry,exit,,dccefca3-dc1a-420b-85b9-cbed1cabd9d2
۸۹ص۸۹۶-۱۷,waived,2026-06-29T05:04:00.248927+00:00,2026-06-30T22:16:14.980252+00:00,2472,0,waived,entry,,,beaf4603-a661-4ee1-bbcf-89cf9e4263df
۵۴ب۴۹۲-۱۷,waived,2026-06-29T05:02:42.107257+00:00,2026-06-30T22:16:14.980252+00:00,2473,0,waived,entry,,,2b171aec-1cf8-420c-be82-88518a6dc30f
۷۵س۳۵۵-۱۷,waived,2026-06-29T04:59:35.804909+00:00,2026-06-30T22:16:14.980252+00:00,2476,0,waived,entry,,,d21a664e-becf-4d85-84b7-40a2f897b954
۶۶م۶۱۴-۳۵,waived,2026-06-29T04:58:46.047318+00:00,2026-06-29T09:46:08.200990+00:00,287,23083,waived,entry,exit,,29a08a8b-f3f2-4b6b-be89-bd8a26238f96
۸۸و۲۷۲-۱۷,waived,2026-06-29T04:58:38.043918+00:00,2026-06-30T22:16:14.980252+00:00,2477,0,waived,entry,,,921e7608-fee7-46b6-a21f-d393cf6de059
۶۶ص۸۴۱-۱۷,waived,2026-06-29T04:58:33.036294+00:00,2026-06-29T05:58:14.648857+00:00,59,4083,waived,entry,exit,,d9ae6c1e-466d-4435-8d4a-4c963b073b86
۶۶ص۸۴۱-۱۷,flagged,2026-06-29T04:58:12.921936+00:00,,,0,,entry,,,815f815d-9cc7-4086-911a-77e0f223ca6a
۷۴ن۸۳۴-۱۷,waived,2026-06-29T04:57:53.773224+00:00,2026-06-30T22:16:14.980252+00:00,2478,0,waived,entry,,,08b44b77-4eb0-45ae-a0a6-a9f486b569a1
۳۳ص۷۲۷-۱۷,waived,2026-06-29T04:56:36.100483+00:00,2026-06-30T22:16:14.980252+00:00,2479,0,waived,entry,,,ee501dbd-1689-48b4-827d-73351d1e1985
۳۹ن۳۵۶-۱۷,flagged,2026-06-29T04:56:30.431175+00:00,,,0,,entry,,,e7b701f4-cbad-4f15-9d42-f0a106b36c66
۲۴د۶۷۴-۲۷,flagged,2026-06-29T04:56:13.085311+00:00,,,0,,entry,,,9046c7cf-fabc-4328-be4a-7041d13c9b63
۳۳س۶۸۹-۱۷,flagged,2026-06-29T04:56:07.895545+00:00,,,0,,entry,,,c4a130e8-ffee-47ff-b2bb-770bd1f85e37
۳۳ب۶۶۵-۱۷,waived,2026-06-29T04:56:02.837475+00:00,2026-06-30T22:16:14.980252+00:00,2480,0,waived,entry,,,1fc4a5f7-2b67-4724-8d6f-fcead532191a
۵۹ه۶۳۵-۱۵,waived,2026-06-29T04:53:47.614916+00:00,2026-06-29T05:31:12.478016+00:00,37,2250,waived,entry,exit,,1e45078e-861e-47d9-8f3e-49da62507e4b
۵۱ن۹۹۷-۱۷,flagged,2026-06-29T04:52:10.345753+00:00,,,0,,entry,,,500d42d4-f02e-40c5-8fcd-8174f5b4bb40
۸۷ه۴۴۶-۴۷,waived,2026-06-29T04:50:34.461362+00:00,2026-06-30T22:16:14.980252+00:00,2485,0,waived,entry,,,066ee001-973e-4526-93eb-469a2b51c0e0
۸۹ب۹۴۴-۱۷,waived,2026-06-29T04:48:39.732976+00:00,2026-06-30T22:16:14.980252+00:00,2487,0,waived,entry,,,d236787f-e182-4ddb-9c62-e5022c8b401e
۹۲ج۶۹۶-۱۷,waived,2026-06-29T04:46:58.932497+00:00,2026-06-30T22:16:14.980252+00:00,2489,0,waived,entry,,,ad9c4662-4a19-4606-8695-0de760d1e1a1
۵۵د۶۹۳-۱۷,waived,2026-06-29T04:46:45.280904+00:00,2026-06-29T09:46:44.069917+00:00,299,24083,waived,entry,exit,,ce4b588e-b55f-459c-a2e0-9bbadac6ac70
۷۹س۴۶۳-۱۷,flagged,2026-06-29T04:45:47.688035+00:00,,,0,,entry,,,4efe508c-e306-4526-b378-4a184e6f324c
۱۸ه۸۲۳-۱۷,waived,2026-06-29T04:45:24.598247+00:00,2026-06-30T22:16:14.980252+00:00,2490,0,waived,entry,,,979933e1-83be-46e5-a556-2fe1ec119b5a
۸۹ب۳۷۹-۱۷,waived,2026-06-29T04:44:57.129005+00:00,2026-06-30T22:16:14.980252+00:00,2491,0,waived,entry,,,73be25b0-48b5-4026-a8d6-b909f8db7a89
۴۸د۶۹۴-۱۷,waived,2026-06-29T04:43:15.752005+00:00,2026-06-30T22:16:14.980252+00:00,2492,0,waived,entry,,,e778f021-7178-495d-8aa6-e8ef5703b0d7
۳۹ق۵۹۶-۱۷,waived,2026-06-29T04:43:05.477309+00:00,2026-06-30T22:16:14.980252+00:00,2493,0,waived,entry,,,25f74b3e-6cd4-4c17-aea8-434338a78311
۵۳م۶۲۱-۱۷,waived,2026-06-29T04:42:28.058201+00:00,2026-06-30T22:16:14.980252+00:00,2493,0,waived,entry,,,bbb73f28-970c-4a92-84c2-b7f366310dc4
۸۱ه۱۳۵-۱۷,waived,2026-06-29T04:42:19.049791+00:00,2026-06-29T06:07:56.584608+00:00,85,6250,waived,entry,exit,,0d15bb92-a805-484d-912f-da3ae4aa4430
۷۶ب۲۴۶-۱۷,flagged,2026-06-29T04:42:08.741852+00:00,,,0,,entry,,,c61bca90-87c2-4c20-8c0f-a6417818a0c3
۱۸ه۸۲۳-۱۷,flagged,2026-06-29T04:41:58.034548+00:00,,,0,,entry,,,62870619-a998-44a0-a6a6-e15e7ba0fd47
۶۹د۱۸۷-۱۷,waived,2026-06-29T04:40:52.217168+00:00,2026-06-30T22:16:14.980252+00:00,2495,0,waived,entry,,,3f2e0743-4022-42be-ba22-426cc97ee2ee
۸۹ط۱۹۹-۱۷,waived,2026-06-29T04:39:38.141749+00:00,2026-06-30T22:16:14.980252+00:00,2496,0,waived,entry,,,c51b1ff7-8c60-47eb-88a4-cbfbf6ab8c87
۳۲م۶۹۴-۴۵,waived,2026-06-29T04:39:22.053254+00:00,2026-06-30T22:16:14.980252+00:00,2496,0,waived,entry,,,45c3bc0d-7589-4c66-96bb-1254b78e1557
۲۸ط۹۷۱-۹۷,waived,2026-06-29T04:38:16.127699+00:00,2026-06-30T22:16:14.980252+00:00,2497,0,waived,entry,,,da9b48db-f9bd-48ad-a4c3-a79882981f1b
۹۷و۲۳۳-۱۷,waived,2026-06-29T04:37:37.631955+00:00,2026-06-30T08:32:11.054031+00:00,1674,40000,waived,entry,exit,,2dfbafe7-2b9d-4abf-b2ad-ebebb99dd470
۳۸ن۸۲۶-۱۷,waived,2026-06-29T04:36:16.149573+00:00,2026-06-30T22:16:14.980252+00:00,2499,0,waived,entry,,,12d02259-24cb-42eb-b7c5-c587e8ab24a6
۱۳ب۲۷۴-۱۷,waived,2026-06-29T04:35:46.090402+00:00,2026-06-29T04:58:06.650392+00:00,22,1000,waived,entry,exit,,be2aeff7-0822-4a4c-9946-114a8972c377
۹۵ل۷۵۸-۱۷,waived,2026-06-29T04:34:52.947979+00:00,2026-06-30T22:16:14.980252+00:00,2501,0,waived,entry,,,3b1495f5-6eac-4fa9-bad8-4f533f506bd3
۷۴ی۷۳۳-۱۷,flagged,2026-06-29T04:34:38.282193+00:00,,,0,,entry,,,82413dfe-cc75-4262-9633-f505d3aa3524
۷۸د۹۶۵-۹۷,waived,2026-06-29T04:34:04.454472+00:00,2026-06-30T22:16:14.980252+00:00,2502,0,waived,entry,,,e279092c-37b3-4b17-b7d1-ac18550889be
۸۴ق۷۲۴-۶۶,waived,2026-06-28T20:44:36.020590+00:00,2026-06-29T04:33:44.166572+00:00,469,38250,waived,entry,exit,,2e498d83-03c3-46e6-830d-b21554444be7
۵۹ن۳۷۳-۱۰,waived,2026-06-28T20:29:03.146053+00:00,2026-06-28T20:30:19.576096+00:00,1,0,waived,entry,exit,,d0924e0d-71e0-470b-b0bd-dfec5c8a1ea0
۵۹ن۳۷۳-۱۰,waived,2026-06-28T20:19:03.041585+00:00,2026-06-28T20:20:04.329696+00:00,1,0,waived,entry,exit,,e6bd1e9d-a782-4bd1-bd9c-f432b465d145
۵۹ن۳۷۳-۱۰,waived,2026-06-28T20:17:57.195048+00:00,2026-06-28T20:18:18.143672+00:00,,0,waived,entry,exit,,26c44719-518c-4720-9bfd-a1008995eba0
۸۴ق۷۲۴-۶۶,waived,2026-06-28T20:15:53.409412+00:00,2026-06-28T20:17:24.664703+00:00,1,0,waived,entry,exit,,08a27436-0ea2-4f9a-a8b1-6280b576e212
۵۹ن۳۷۳-۱۰,waived,2026-06-28T19:55:51.899501+00:00,2026-06-28T19:56:16.553817+00:00,,0,waived,entry,exit,,2d42e238-0976-4ee3-ab00-ba0067342c94
۵۹ن۳۷۳-۱۰,waived,2026-06-28T19:54:45.463479+00:00,2026-06-28T19:55:12.754105+00:00,,0,waived,entry,exit,,58d58287-5e1f-4ab2-85ff-368dda6aa590
۸۴ق۷۲۴-۶۶,flagged,2026-06-28T19:51:12.460079+00:00,,,0,,entry,,,864788ba-451f-49bf-b426-61fbc3b5ff1b
۵۳ص۱۷۲-۶۸,waived,2026-06-28T19:48:14.757101+00:00,2026-06-28T19:53:59.323728+00:00,5,0,waived,entry,exit,,38786ba0-56c2-422d-8acf-2f51ab1f5c22
۸۷ه۲۴۳-۱۷,waived,2026-06-27T09:02:48.529708+00:00,2026-06-27T09:03:34.552067+00:00,,0,waived,entry,exit,,930d1fce-f665-48be-8fb3-0ea35f486616
۸۷ه۲۹۳-۱۷,waived,2026-06-27T09:02:13.863304+00:00,2026-06-29T04:33:45.139795+00:00,2611,40000,waived,entry,exit,,00f9896a-edd4-4066-a8c0-2cf964bd94d8
۶۱ب۸۳۵-۱۷,waived,2026-06-27T09:00:39.068221+00:00,2026-06-27T09:04:24.066254+00:00,3,0,waived,entry,exit,,c9cab8b1-7162-4e11-9dd9-d236c6f02aa7
۱۱ن۶۹۴-۲۷,waived,2026-06-27T08:27:37.856056+00:00,2026-06-29T04:33:45.954184+00:00,2646,40000,waived,entry,exit,,90157634-3ab2-40bd-a913-dec1cc8ad690
۹۹ی۵۱۳-۱۷,waived,2026-06-27T08:23:13.313347+00:00,2026-06-29T04:33:46.728225+00:00,2650,40000,waived,entry,exit,,72d6b7d5-4ded-4f23-90c9-4779b1d48886
۱۵ج۲۷۹-۱۷,waived,2026-06-27T08:20:19.302654+00:00,2026-06-29T04:33:47.562663+00:00,2653,40000,waived,entry,exit,,c953b142-2cdb-444f-b4d4-daddbad619de
۲۱م۴۳۵-۱۷,waived,2026-06-27T08:17:17.847930+00:00,2026-06-29T04:33:48.565627+00:00,2656,40000,waived,entry,exit,,4935a6da-19cc-48c3-a19d-ea313886d2a5
۸۸ج۳۴۳-۱۷,waived,2026-06-27T08:07:22.879733+00:00,2026-06-29T04:33:49.415178+00:00,2666,40000,waived,entry,exit,,ffa809e0-84ae-4b86-b02f-63a617828a73
۴۹ل۶۷۵-۱۷,waived,2026-06-27T08:01:35.362834+00:00,2026-06-29T04:33:50.188334+00:00,2672,40000,waived,entry,exit,,ec5589ae-9bbf-49c1-97e6-5e46587cad8d
۷۶ل۶۶۳-۱۷,waived,2026-06-27T07:57:24.706339+00:00,2026-06-29T04:33:50.989089+00:00,2676,40000,waived,entry,exit,,b9cf4523-7352-43a6-ac01-609854e458ce
۷۶ل۶۶۳-۱۷,flagged,2026-06-27T07:56:58.029085+00:00,,,0,,entry,,,4d92fa0b-ed22-4c70-9a14-35e227b926f4
۷۶ل۶۶۳-۱۷,flagged,2026-06-27T07:56:40.004990+00:00,,,0,,entry,,,70fd9acb-454d-4abb-a54a-553614504230
۵۴و۷۷۲-۷۷,waived,2026-06-27T07:52:19.505545+00:00,2026-06-29T04:33:51.820962+00:00,2681,40000,waived,entry,exit,,72f21920-c0ae-45b7-b4a5-e5c14dc3f9b2
۵۴و۷۷۲-۲۷,waived,2026-06-27T07:52:04.487290+00:00,2026-06-29T04:33:52.651411+00:00,2681,40000,waived,entry,exit,,0bff0e82-df1d-4149-a02e-c4948903d924
۲۸ب۴۲۱-۱۷,waived,2026-06-27T07:51:45.199818+00:00,2026-06-29T04:33:53.692940+00:00,2682,40000,waived,entry,exit,,186c53ae-1f53-4b1a-939f-377ec9dab381
۳۷ط۸۶۵-۲۵,waived,2026-06-27T07:51:18.985220+00:00,2026-06-29T04:33:54.720435+00:00,2682,40000,waived,entry,exit,,d177bbc3-be69-42f2-8a37-54ee7a42fd25
۸۲م۴۱۸-۳۷,waived,2026-06-22T13:11:39.618909+00:00,2026-06-22T13:13:54.177003+00:00,2,0,waived,entry,exit,,9cca9a3d-6e2c-4538-96c6-065dc6655bdc
۱۷۲۴۳-۶۶,completed,2026-05-24T05:07:50.243320+00:00,2026-05-24T05:08:01.251703+00:00,,0,wallet,entry,exit,علی رضایی,71b50c3d-db90-4d1f-b328-c36c007a600c
۱۳ب۴۳۵-۷۰,completed,2026-05-24T05:03:48.345172+00:00,2026-05-24T05:04:22.899328+00:00,,0,wallet,entry,exit,مهدی پورغفار قره باغ,71c9d45a-d8e6-4bcb-aa07-0532e4e4998c
۱۲ب۴۳۵-۷۰,completed,2026-05-24T04:54:38.211266+00:00,2026-05-24T05:04:28.391064+00:00,9,0,cash,entry,exit,,4a8b0243-765e-4e7c-a5d2-55a4ee259ce1
۱۷۲۴۳-۶۶,completed,2026-05-23T08:21:19.417959+00:00,2026-05-23T08:56:28.218783+00:00,35,1666,wallet,entry,exit,علی رضایی,996b85fb-5730-4ef2-b524-6a94693519e6
۱۷۲۴۳-۶۶,completed,2026-05-23T07:34:24.037759+00:00,2026-05-23T08:21:10.182953+00:00,46,3000,cash,entry,exit,,8f7a85cb-5200-48d9-8674-82966680cd49
۱۷۲۳۶-۶۵,completed,2026-05-23T07:17:53.370235+00:00,2026-05-23T07:21:30.624115+00:00,3,0,cash,entry,exit,,3f45bc6d-b5df-45de-bb03-3720aec178ab
۶۲س۷۵۵-۲۷,completed,2026-05-22T17:08:45.202499+00:00,2026-05-22T17:29:45.693568+00:00,21,732,cash,entry,exit,ME PA,aeb3571e-5b0e-46c9-9226-797cff60f3e4
۶۳و۵۳۱-۱۷,completed,2026-05-20T11:38:24.722613+00:00,2026-05-20T14:40:09.535754+00:00,181,14250,cash,entry,exit,,2ebd4993-96b0-4833-b513-05d096274f72
۱۳ب۴۳۵-۷۰,completed,2026-05-20T11:37:31.967011+00:00,2026-05-20T14:39:16.858719+00:00,181,11400,wallet,entry,exit,مهدی پورغفار قره باغ,6eb6c080-2ef3-49e8-a0ba-c0b6e30b6da7
۶۱ق۷۴۸-۳۷,completed,2026-05-20T11:36:38.046600+00:00,2026-05-20T14:39:39.180644+00:00,183,14416,cash,entry,exit,,f1f2db91-0ac6-4a27-a7f4-d8cadb6d4b51
۸۳م۴۱۸-۳۷,completed,2026-05-20T10:48:04.407925+00:00,2026-05-20T11:19:42.877754+00:00,31,1400,wallet,entry,exit,تست پلاک ۲,178eb912-122a-4237-bf02-71e8de1b150c
۴۸ق۹۳۵-۳۷,completed,2026-05-20T10:47:25.387355+00:00,2026-05-20T11:20:45.853453+00:00,33,1916,cash,entry,exit,,f6a02f99-e399-4682-8f60-46b5ce1d2af7
۴۶س۶۸۳-۲۷,completed,2026-05-20T09:41:54.548670+00:00,2026-05-20T10:41:05.114282+00:00,59,4083,cash,entry,exit,,2f083de5-45aa-4480-9e56-61a2092d0959
۱۳ب۴۳۵-۷۰,completed,2026-05-20T09:41:45.080824+00:00,2026-05-20T10:40:39.463680+00:00,58,3200,wallet,entry,exit,مهدی پورغفار قره باغ,0e604bc8-ecbc-4798-9372-1ca476ef6e33
۱۳ب۴۳۵-۷۰,completed,2026-05-20T08:52:25.932684+00:00,2026-05-20T09:41:19.761981+00:00,48,2532,wallet,entry,exit,مهدی پورغفار قره باغ,71ac4015-9bc2-443c-89db-a2e8193ca9c6
۱۳ب۴۳۵-۷۰,completed,2026-05-18T07:14:42.754328+00:00,2026-05-18T09:15:38.821169+00:00,120,7332,wallet,entry,exit,مهدی پورغفار قره باغ,5679e23a-ae63-4ed7-b8ad-831b072ae2d1
۱۳ب۴۳۵-۷۰,flagged,2026-05-16T19:16:58.873934+00:00,,,0,,entry,,مهدی پورغفار قره باغ,f97b3b9c-25b5-4e46-987e-4e003739f01a
۶۳و۵۳۱-۱۷,waived,2026-05-16T19:12:41.348744+00:00,2026-05-18T07:06:34.958263+00:00,2153,0,waived,entry,exit,,8f48677a-9ec3-4c3b-9678-5f93c1a4f3e8
۸۳م۴۱۸-۳۷,waived,2026-05-16T16:09:39.460218+00:00,2026-05-16T16:10:33.082029+00:00,,0,waived,entry,exit,,ccf69b9d-ef9b-4111-8f96-b6f3a2b11296
۱۳ب۴۳۵-۷۰,completed,2026-05-16T15:10:25.466476+00:00,2026-05-16T16:01:27.039124+00:00,51,2732,wallet,entry,exit,مهدی پورغفار قره باغ,fdcd649c-2ae2-47d0-8095-5f69e6ddf3bb
۱۳ب۴۳۵-۷۰,completed,2026-05-16T14:13:13.908177+00:00,2026-05-16T14:58:54.212830+00:00,45,2332,wallet,entry,exit,مهدی پورغفار قره باغ,1292fd05-9f72-4ee0-8e6f-d70d9249dbde
13 ب 435 70,completed,2026-05-16T13:25:41.709837+00:00,2026-05-16T13:48:08.358268+00:00,22,1000,cash,entry,exit,,42d45797-000b-4409-8acd-60a3e7e74f9f
61 ق 748 37,completed,2026-05-16T13:00:18.028140+00:00,2026-05-16T14:59:49.142260+00:00,119,9083,cash,entry,exit,,d56be67d-d33e-4267-8e64-dfd0bbad0caa
25 د 852 46,completed,2026-05-16T12:59:44.629338+00:00,2026-05-16T14:59:50.256150+00:00,120,9166,cash,entry,exit,,492afdfa-a36a-4a94-8ee5-2ba19102df13
63 و 531 17,waived,2026-05-16T08:50:43.728157+00:00,2026-05-16T13:50:39.865255+00:00,299,0,waived,entry,exit,,7f90a486-ce1e-4e57-b6b5-abf630d5a6a2
46 س 683 27,waived,2026-05-16T08:49:18.828593+00:00,2026-05-16T08:50:13.174213+00:00,,0,waived,entry,exit,,33c9c316-e19b-49a3-95bc-5bffdeb6d1cd
